ISO-10303-21;
HEADER;
/* Generated by software containing ST-Developer
 * from STEP Tools, Inc. (www.steptools.com) 
 */

FILE_DESCRIPTION(
/* description */ ('KiCad electronic assembly'),
/* implementation_level */ '2;1');

FILE_NAME(
/* name */ 'Magical Clock.step',
/* time_stamp */ '2026-09-26T15:50:27+05:30',
/* author */ (''),
/* organization */ (''),
/* preprocessor_version */ 'ST-DEVELOPER v20.2',
/* originating_system */ 'Autodesk Translation Framework v15.15.0.0',
/* authorisation */ '');

FILE_SCHEMA (('AUTOMOTIVE_DESIGN { 1 0 10303 214 3 1 1 }'));
ENDSEC;

DATA;
#10=MECHANICAL_DESIGN_GEOMETRIC_PRESENTATION_REPRESENTATION('',(#9301,#9302,
#9303,#9304,#9305,#9306,#9307,#9308,#9309,#9310,#9311,#9312,#9313,#9314,
#9315,#9316,#9317,#9318,#9319,#9320,#9321,#9322,#9323,#9324,#9325,#9326,
#9327,#9328,#9329,#9330,#9331,#9332,#9333,#9334,#9335,#9336,#9337,#9338,
#9339,#9340,#9341,#9342,#9343,#9344,#9345,#9346,#9347,#9348,#9349,#9350,
#9351,#9352,#9353,#9354,#9355,#9356,#9357,#9358,#9359,#9360,#9361,#9362,
#9363,#9364,#9365,#9366,#9367,#9368,#9369,#9370,#9371,#9372,#9373,#9374,
#9375,#9376,#9377,#9378,#9379,#9380,#9381,#9382,#9383,#9384,#9385,#9386,
#9387,#9388,#9389,#9390,#9391,#9392,#9393,#9394,#9395,#9396,#9397,#9398,
#9399,#9400,#9401,#9402,#9403,#9404,#9405,#9406,#9407,#9408,#9409,#9410,
#9411,#9412,#9413,#9414,#9415,#9416,#9417,#9418,#9419,#9420,#9421,#9422,
#9423,#9424,#9425,#9426,#9427,#9428,#9429,#9430,#9431,#9432,#9433,#9434,
#9435,#9436,#9437,#9438,#9439,#9440,#9441,#9442,#9443,#9444,#9445,#9446,
#9447,#9448,#9449,#9450,#9451,#9452,#9453,#9454,#9455,#9456,#9457,#9458,
#9459,#9460,#9461,#9462,#9463,#9464,#9465,#9466,#9467,#9468,#9469,#9470,
#9471,#9472,#9473,#9474,#9475,#9476,#9477,#9478,#9479,#9480,#9481,#9482,
#9483,#9484,#9485,#9486,#9487,#9488,#9489,#9490,#9491,#9492,#9493,#9494,
#9495,#9496,#9497,#9498,#9499,#9500,#9501,#9502,#9503,#9504,#9505,#9506,
#9507,#9508,#9509,#9510,#9511,#9512,#9513,#9514,#9515,#9516,#9517,#9518,
#9519,#9520,#9521,#9522,#9523,#9524,#9525,#9526,#9527,#9528,#9529,#9530,
#9531,#9532,#9533,#9534,#9535,#9536,#9537,#9538,#9539,#9540,#9541,#9542,
#9543,#9544,#9545,#9546,#9547,#9548,#9549,#9550,#9551,#9552,#9553,#9554,
#9555,#9556,#9557,#9558,#9559,#9560,#9561,#9562,#9563,#9564,#9565,#9566,
#9567,#9568,#9569,#9570,#9571,#9572,#9573,#9574,#9575,#9576,#9577,#9578,
#9579,#9580,#9581,#9582,#9583,#9584,#9585,#9586,#9587,#9588,#9589,#9590,
#9591,#9592,#9593,#9594,#9595,#9596,#9597,#9598,#9599,#9600,#9601,#9602,
#9603,#9604,#9605,#9606,#9607,#9608,#9609,#9610,#9611,#9612,#9613,#9614,
#9615,#9616,#9617,#9618,#9619,#9620),#16590);
#11=CONICAL_SURFACE('',#10715,0.445,0.785398163397448);
#12=CONICAL_SURFACE('',#10735,0.445,0.785398163397448);
#13=CONICAL_SURFACE('',#10755,0.445,0.785398163397448);
#14=CONICAL_SURFACE('',#10775,0.445,0.785398163397448);
#15=CONICAL_SURFACE('',#10795,0.445,0.785398163397448);
#16=CONICAL_SURFACE('',#10942,0.445,0.785398163397448);
#17=CONICAL_SURFACE('',#10962,0.445,0.785398163397448);
#18=CONICAL_SURFACE('',#10982,0.445,0.785398163397448);
#19=SPHERICAL_SURFACE('',#10702,0.3);
#20=SPHERICAL_SURFACE('',#10719,0.23);
#21=SPHERICAL_SURFACE('',#10722,0.3);
#22=SPHERICAL_SURFACE('',#10739,0.23);
#23=SPHERICAL_SURFACE('',#10742,0.3);
#24=SPHERICAL_SURFACE('',#10759,0.23);
#25=SPHERICAL_SURFACE('',#10762,0.3);
#26=SPHERICAL_SURFACE('',#10779,0.23);
#27=SPHERICAL_SURFACE('',#10782,0.3);
#28=SPHERICAL_SURFACE('',#10799,0.23);
#29=SPHERICAL_SURFACE('',#10929,0.3);
#30=SPHERICAL_SURFACE('',#10946,0.23);
#31=SPHERICAL_SURFACE('',#10949,0.3);
#32=SPHERICAL_SURFACE('',#10966,0.23);
#33=SPHERICAL_SURFACE('',#10969,0.3);
#34=SPHERICAL_SURFACE('',#10986,0.23);
#35=ITEM_DEFINED_TRANSFORMATION($,$,#10321,#10351);
#36=ITEM_DEFINED_TRANSFORMATION($,$,#10353,#10572);
#37=ITEM_DEFINED_TRANSFORMATION($,$,#10683,#10988);
#38=ITEM_DEFINED_TRANSFORMATION($,$,#10701,#10989);
#39=ITEM_DEFINED_TRANSFORMATION($,$,#10721,#10990);
#40=ITEM_DEFINED_TRANSFORMATION($,$,#10741,#10991);
#41=ITEM_DEFINED_TRANSFORMATION($,$,#10761,#10992);
#42=ITEM_DEFINED_TRANSFORMATION($,$,#10781,#10993);
#43=ITEM_DEFINED_TRANSFORMATION($,$,#10801,#10994);
#44=ITEM_DEFINED_TRANSFORMATION($,$,#10928,#10995);
#45=ITEM_DEFINED_TRANSFORMATION($,$,#10948,#10996);
#46=ITEM_DEFINED_TRANSFORMATION($,$,#10968,#10997);
#47=ITEM_DEFINED_TRANSFORMATION($,$,#10320,#11109);
#48=ITEM_DEFINED_TRANSFORMATION($,$,#10352,#11110);
#49=ITEM_DEFINED_TRANSFORMATION($,$,#10573,#11111);
#50=ITEM_DEFINED_TRANSFORMATION($,$,#10682,#11112);
#51=(
REPRESENTATION_RELATIONSHIP($,$,#16647,#16646)
REPRESENTATION_RELATIONSHIP_WITH_TRANSFORMATION(#35)
SHAPE_REPRESENTATION_RELATIONSHIP()
);
#52=(
REPRESENTATION_RELATIONSHIP($,$,#16649,#16648)
REPRESENTATION_RELATIONSHIP_WITH_TRANSFORMATION(#36)
SHAPE_REPRESENTATION_RELATIONSHIP()
);
#53=(
REPRESENTATION_RELATIONSHIP($,$,#16652,#16651)
REPRESENTATION_RELATIONSHIP_WITH_TRANSFORMATION(#37)
SHAPE_REPRESENTATION_RELATIONSHIP()
);
#54=(
REPRESENTATION_RELATIONSHIP($,$,#16653,#16651)
REPRESENTATION_RELATIONSHIP_WITH_TRANSFORMATION(#38)
SHAPE_REPRESENTATION_RELATIONSHIP()
);
#55=(
REPRESENTATION_RELATIONSHIP($,$,#16654,#16651)
REPRESENTATION_RELATIONSHIP_WITH_TRANSFORMATION(#39)
SHAPE_REPRESENTATION_RELATIONSHIP()
);
#56=(
REPRESENTATION_RELATIONSHIP($,$,#16655,#16651)
REPRESENTATION_RELATIONSHIP_WITH_TRANSFORMATION(#40)
SHAPE_REPRESENTATION_RELATIONSHIP()
);
#57=(
REPRESENTATION_RELATIONSHIP($,$,#16656,#16651)
REPRESENTATION_RELATIONSHIP_WITH_TRANSFORMATION(#41)
SHAPE_REPRESENTATION_RELATIONSHIP()
);
#58=(
REPRESENTATION_RELATIONSHIP($,$,#16657,#16651)
REPRESENTATION_RELATIONSHIP_WITH_TRANSFORMATION(#42)
SHAPE_REPRESENTATION_RELATIONSHIP()
);
#59=(
REPRESENTATION_RELATIONSHIP($,$,#16658,#16651)
REPRESENTATION_RELATIONSHIP_WITH_TRANSFORMATION(#43)
SHAPE_REPRESENTATION_RELATIONSHIP()
);
#60=(
REPRESENTATION_RELATIONSHIP($,$,#16659,#16651)
REPRESENTATION_RELATIONSHIP_WITH_TRANSFORMATION(#44)
SHAPE_REPRESENTATION_RELATIONSHIP()
);
#61=(
REPRESENTATION_RELATIONSHIP($,$,#16660,#16651)
REPRESENTATION_RELATIONSHIP_WITH_TRANSFORMATION(#45)
SHAPE_REPRESENTATION_RELATIONSHIP()
);
#62=(
REPRESENTATION_RELATIONSHIP($,$,#16661,#16651)
REPRESENTATION_RELATIONSHIP_WITH_TRANSFORMATION(#46)
SHAPE_REPRESENTATION_RELATIONSHIP()
);
#63=(
REPRESENTATION_RELATIONSHIP($,$,#16646,#16645)
REPRESENTATION_RELATIONSHIP_WITH_TRANSFORMATION(#47)
SHAPE_REPRESENTATION_RELATIONSHIP()
);
#64=(
REPRESENTATION_RELATIONSHIP($,$,#16648,#16645)
REPRESENTATION_RELATIONSHIP_WITH_TRANSFORMATION(#48)
SHAPE_REPRESENTATION_RELATIONSHIP()
);
#65=(
REPRESENTATION_RELATIONSHIP($,$,#16650,#16645)
REPRESENTATION_RELATIONSHIP_WITH_TRANSFORMATION(#49)
SHAPE_REPRESENTATION_RELATIONSHIP()
);
#66=(
REPRESENTATION_RELATIONSHIP($,$,#16651,#16645)
REPRESENTATION_RELATIONSHIP_WITH_TRANSFORMATION(#50)
SHAPE_REPRESENTATION_RELATIONSHIP()
);
#67=CONTEXT_DEPENDENT_SHAPE_REPRESENTATION(#51,#16615);
#68=CONTEXT_DEPENDENT_SHAPE_REPRESENTATION(#52,#16618);
#69=CONTEXT_DEPENDENT_SHAPE_REPRESENTATION(#53,#16631);
#70=CONTEXT_DEPENDENT_SHAPE_REPRESENTATION(#54,#16632);
#71=CONTEXT_DEPENDENT_SHAPE_REPRESENTATION(#55,#16633);
#72=CONTEXT_DEPENDENT_SHAPE_REPRESENTATION(#56,#16634);
#73=CONTEXT_DEPENDENT_SHAPE_REPRESENTATION(#57,#16635);
#74=CONTEXT_DEPENDENT_SHAPE_REPRESENTATION(#58,#16636);
#75=CONTEXT_DEPENDENT_SHAPE_REPRESENTATION(#59,#16637);
#76=CONTEXT_DEPENDENT_SHAPE_REPRESENTATION(#60,#16638);
#77=CONTEXT_DEPENDENT_SHAPE_REPRESENTATION(#61,#16639);
#78=CONTEXT_DEPENDENT_SHAPE_REPRESENTATION(#62,#16640);
#79=CONTEXT_DEPENDENT_SHAPE_REPRESENTATION(#63,#16641);
#80=CONTEXT_DEPENDENT_SHAPE_REPRESENTATION(#64,#16642);
#81=CONTEXT_DEPENDENT_SHAPE_REPRESENTATION(#65,#16643);
#82=CONTEXT_DEPENDENT_SHAPE_REPRESENTATION(#66,#16644);
#83=NEXT_ASSEMBLY_USAGE_OCCURRENCE('Buzzer_12x95RM76:1',
'Buzzer_12x95RM76:1','Buzzer_12x95RM76:1',#16664,#16665,
'Buzzer_12x95RM76:1');
#84=NEXT_ASSEMBLY_USAGE_OCCURRENCE('PinSocket_1x08_P2.54mm_Vertical:1',
'PinSocket_1x08_P2.54mm_Vertical:1','PinSocket_1x08_P2.54mm_Vertical:1',
#16666,#16667,'PinSocket_1x08_P2.54mm_Vertical:1');
#85=NEXT_ASSEMBLY_USAGE_OCCURRENCE('Part 1:1','Part 1:1','Part 1:1',#16669,
#16670,'Part 1:1');
#86=NEXT_ASSEMBLY_USAGE_OCCURRENCE('8 pin header v1_1:1',
'8 pin header v1_1:1','8 pin header v1_1:1',#16669,#16671,
'8 pin header v1_1:1');
#87=NEXT_ASSEMBLY_USAGE_OCCURRENCE('8 pin header v1_1 (1):1',
'8 pin header v1_1 (1):1','8 pin header v1_1 (1):1',#16669,#16672,
'8 pin header v1_1 (1):1');
#88=NEXT_ASSEMBLY_USAGE_OCCURRENCE('8 pin header v1_1 (2):1',
'8 pin header v1_1 (2):1','8 pin header v1_1 (2):1',#16669,#16673,
'8 pin header v1_1 (2):1');
#89=NEXT_ASSEMBLY_USAGE_OCCURRENCE('8 pin header v1_1 (3):1',
'8 pin header v1_1 (3):1','8 pin header v1_1 (3):1',#16669,#16674,
'8 pin header v1_1 (3):1');
#90=NEXT_ASSEMBLY_USAGE_OCCURRENCE('8 pin header v1_1 (4):1',
'8 pin header v1_1 (4):1','8 pin header v1_1 (4):1',#16669,#16675,
'8 pin header v1_1 (4):1');
#91=NEXT_ASSEMBLY_USAGE_OCCURRENCE('8 pin header v1_1 (5):1',
'8 pin header v1_1 (5):1','8 pin header v1_1 (5):1',#16669,#16676,
'8 pin header v1_1 (5):1');
#92=NEXT_ASSEMBLY_USAGE_OCCURRENCE('8 pin header v1_1 (6):1',
'8 pin header v1_1 (6):1','8 pin header v1_1 (6):1',#16669,#16677,
'8 pin header v1_1 (6):1');
#93=NEXT_ASSEMBLY_USAGE_OCCURRENCE('8 pin header v1_1 (7):1',
'8 pin header v1_1 (7):1','8 pin header v1_1 (7):1',#16669,#16678,
'8 pin header v1_1 (7):1');
#94=NEXT_ASSEMBLY_USAGE_OCCURRENCE('8 pin header v1_1 (8):1',
'8 pin header v1_1 (8):1','8 pin header v1_1 (8):1',#16669,#16679,
'8 pin header v1_1 (8):1');
#95=NEXT_ASSEMBLY_USAGE_OCCURRENCE('Buzzer_12x9.5RM7.6:1',
'Buzzer_12x9.5RM7.6:1','Buzzer_12x9.5RM7.6:1',#16663,#16664,
'Buzzer_12x9.5RM7.6:1');
#96=NEXT_ASSEMBLY_USAGE_OCCURRENCE(
'PinSocket_1x08_P2.54mm_Vertical (1):1',
'PinSocket_1x08_P2.54mm_Vertical (1):1',
'PinSocket_1x08_P2.54mm_Vertical (1):1',#16663,#16666,
'PinSocket_1x08_P2.54mm_Vertical (1):1');
#97=NEXT_ASSEMBLY_USAGE_OCCURRENCE('uhm4D89_PCB:1','uhm4D89_PCB:1',
'uhm4D89_PCB:1',#16663,#16668,'uhm4D89_PCB:1');
#98=NEXT_ASSEMBLY_USAGE_OCCURRENCE('Display with pins:1',
'Display with pins:1','Display with pins:1',#16663,#16669,
'Display with pins:1');
#99=SHAPE_REPRESENTATION_RELATIONSHIP('SRR','None',#16647,#113);
#100=SHAPE_REPRESENTATION_RELATIONSHIP('SRR','None',#16649,#114);
#101=SHAPE_REPRESENTATION_RELATIONSHIP('SRR','None',#16650,#115);
#102=SHAPE_REPRESENTATION_RELATIONSHIP('SRR','None',#16652,#116);
#103=SHAPE_REPRESENTATION_RELATIONSHIP('SRR','None',#16653,#117);
#104=SHAPE_REPRESENTATION_RELATIONSHIP('SRR','None',#16654,#118);
#105=SHAPE_REPRESENTATION_RELATIONSHIP('SRR','None',#16655,#119);
#106=SHAPE_REPRESENTATION_RELATIONSHIP('SRR','None',#16656,#120);
#107=SHAPE_REPRESENTATION_RELATIONSHIP('SRR','None',#16657,#121);
#108=SHAPE_REPRESENTATION_RELATIONSHIP('SRR','None',#16658,#122);
#109=SHAPE_REPRESENTATION_RELATIONSHIP('SRR','None',#16659,#123);
#110=SHAPE_REPRESENTATION_RELATIONSHIP('SRR','None',#16660,#124);
#111=SHAPE_REPRESENTATION_RELATIONSHIP('SRR','None',#16661,#125);
#112=SHAPE_REPRESENTATION_RELATIONSHIP('SRR','None',#16645,#126);
#113=ADVANCED_BREP_SHAPE_REPRESENTATION('',(#127),#16575);
#114=ADVANCED_BREP_SHAPE_REPRESENTATION('',(#128),#16577);
#115=ADVANCED_BREP_SHAPE_REPRESENTATION('',(#129),#16578);
#116=ADVANCED_BREP_SHAPE_REPRESENTATION('',(#130),#16580);
#117=ADVANCED_BREP_SHAPE_REPRESENTATION('',(#131),#16581);
#118=ADVANCED_BREP_SHAPE_REPRESENTATION('',(#132),#16582);
#119=ADVANCED_BREP_SHAPE_REPRESENTATION('',(#133),#16583);
#120=ADVANCED_BREP_SHAPE_REPRESENTATION('',(#134),#16584);
#121=ADVANCED_BREP_SHAPE_REPRESENTATION('',(#135),#16585);
#122=ADVANCED_BREP_SHAPE_REPRESENTATION('',(#136),#16586);
#123=ADVANCED_BREP_SHAPE_REPRESENTATION('',(#137),#16587);
#124=ADVANCED_BREP_SHAPE_REPRESENTATION('',(#138),#16588);
#125=ADVANCED_BREP_SHAPE_REPRESENTATION('',(#139),#16589);
#126=ADVANCED_BREP_SHAPE_REPRESENTATION('',(#140,#141,#142,#143),#16573);
#127=MANIFOLD_SOLID_BREP('Body1',#10158);
#128=MANIFOLD_SOLID_BREP('Body1',#10159);
#129=MANIFOLD_SOLID_BREP('Body1',#10160);
#130=MANIFOLD_SOLID_BREP('Body1',#10161);
#131=MANIFOLD_SOLID_BREP('Body1',#10162);
#132=MANIFOLD_SOLID_BREP('Body1',#10163);
#133=MANIFOLD_SOLID_BREP('Body1',#10164);
#134=MANIFOLD_SOLID_BREP('Body1',#10165);
#135=MANIFOLD_SOLID_BREP('Body1',#10166);
#136=MANIFOLD_SOLID_BREP('Body1',#10167);
#137=MANIFOLD_SOLID_BREP('Body1',#10168);
#138=MANIFOLD_SOLID_BREP('Body1',#10169);
#139=MANIFOLD_SOLID_BREP('Body1',#10170);
#140=MANIFOLD_SOLID_BREP('Body3',#10171);
#141=MANIFOLD_SOLID_BREP('Body5',#10172);
#142=MANIFOLD_SOLID_BREP('Body6',#10173);
#143=MANIFOLD_SOLID_BREP('Body7',#10174);
#144=FACE_BOUND('',#1261,.T.);
#145=FACE_BOUND('',#1262,.T.);
#146=FACE_BOUND('',#1264,.T.);
#147=FACE_BOUND('',#1278,.T.);
#148=FACE_BOUND('',#1279,.T.);
#149=FACE_BOUND('',#1280,.T.);
#150=FACE_BOUND('',#1281,.T.);
#151=FACE_BOUND('',#1282,.T.);
#152=FACE_BOUND('',#1283,.T.);
#153=FACE_BOUND('',#1284,.T.);
#154=FACE_BOUND('',#1285,.T.);
#155=FACE_BOUND('',#1289,.T.);
#156=FACE_BOUND('',#1290,.T.);
#157=FACE_BOUND('',#1291,.T.);
#158=FACE_BOUND('',#1292,.T.);
#159=FACE_BOUND('',#1293,.T.);
#160=FACE_BOUND('',#1294,.T.);
#161=FACE_BOUND('',#1295,.T.);
#162=FACE_BOUND('',#1296,.T.);
#163=FACE_BOUND('',#1511,.T.);
#164=FACE_BOUND('',#1512,.T.);
#165=FACE_BOUND('',#1513,.T.);
#166=FACE_BOUND('',#1514,.T.);
#167=FACE_BOUND('',#1515,.T.);
#168=FACE_BOUND('',#1516,.T.);
#169=FACE_BOUND('',#1517,.T.);
#170=FACE_BOUND('',#1518,.T.);
#171=FACE_BOUND('',#1519,.T.);
#172=FACE_BOUND('',#1520,.T.);
#173=FACE_BOUND('',#1521,.T.);
#174=FACE_BOUND('',#1522,.T.);
#175=FACE_BOUND('',#1523,.T.);
#176=FACE_BOUND('',#1524,.T.);
#177=FACE_BOUND('',#1525,.T.);
#178=FACE_BOUND('',#1526,.T.);
#179=FACE_BOUND('',#1527,.T.);
#180=FACE_BOUND('',#1528,.T.);
#181=FACE_BOUND('',#1529,.T.);
#182=FACE_BOUND('',#1530,.T.);
#183=FACE_BOUND('',#1531,.T.);
#184=FACE_BOUND('',#1532,.T.);
#185=FACE_BOUND('',#1533,.T.);
#186=FACE_BOUND('',#1534,.T.);
#187=FACE_BOUND('',#1535,.T.);
#188=FACE_BOUND('',#1536,.T.);
#189=FACE_BOUND('',#1537,.T.);
#190=FACE_BOUND('',#1538,.T.);
#191=FACE_BOUND('',#1539,.T.);
#192=FACE_BOUND('',#1540,.T.);
#193=FACE_BOUND('',#1541,.T.);
#194=FACE_BOUND('',#1542,.T.);
#195=FACE_BOUND('',#1543,.T.);
#196=FACE_BOUND('',#1544,.T.);
#197=FACE_BOUND('',#1546,.T.);
#198=FACE_BOUND('',#1547,.T.);
#199=FACE_BOUND('',#1548,.T.);
#200=FACE_BOUND('',#1549,.T.);
#201=FACE_BOUND('',#1550,.T.);
#202=FACE_BOUND('',#1551,.T.);
#203=FACE_BOUND('',#1552,.T.);
#204=FACE_BOUND('',#1553,.T.);
#205=FACE_BOUND('',#1554,.T.);
#206=FACE_BOUND('',#1555,.T.);
#207=FACE_BOUND('',#1556,.T.);
#208=FACE_BOUND('',#1557,.T.);
#209=FACE_BOUND('',#1558,.T.);
#210=FACE_BOUND('',#1559,.T.);
#211=FACE_BOUND('',#1560,.T.);
#212=FACE_BOUND('',#1561,.T.);
#213=FACE_BOUND('',#1562,.T.);
#214=FACE_BOUND('',#1563,.T.);
#215=FACE_BOUND('',#1564,.T.);
#216=FACE_BOUND('',#1565,.T.);
#217=FACE_BOUND('',#1566,.T.);
#218=FACE_BOUND('',#1567,.T.);
#219=FACE_BOUND('',#1568,.T.);
#220=FACE_BOUND('',#1569,.T.);
#221=FACE_BOUND('',#1570,.T.);
#222=FACE_BOUND('',#1571,.T.);
#223=FACE_BOUND('',#1572,.T.);
#224=FACE_BOUND('',#1573,.T.);
#225=FACE_BOUND('',#1574,.T.);
#226=FACE_BOUND('',#1575,.T.);
#227=FACE_BOUND('',#1576,.T.);
#228=FACE_BOUND('',#1577,.T.);
#229=FACE_BOUND('',#1578,.T.);
#230=FACE_BOUND('',#1579,.T.);
#231=FACE_BOUND('',#1621,.T.);
#232=FACE_BOUND('',#1622,.T.);
#233=FACE_BOUND('',#1624,.T.);
#234=FACE_BOUND('',#1625,.T.);
#235=FACE_BOUND('',#1626,.T.);
#236=FACE_BOUND('',#1636,.T.);
#237=FACE_BOUND('',#1639,.T.);
#238=FACE_BOUND('',#1647,.T.);
#239=FACE_BOUND('',#1650,.T.);
#240=FACE_BOUND('',#1658,.T.);
#241=FACE_BOUND('',#1661,.T.);
#242=FACE_BOUND('',#1669,.T.);
#243=FACE_BOUND('',#1672,.T.);
#244=FACE_BOUND('',#1680,.T.);
#245=FACE_BOUND('',#1683,.T.);
#246=FACE_BOUND('',#1696,.T.);
#247=FACE_BOUND('',#1697,.T.);
#248=FACE_BOUND('',#1698,.T.);
#249=FACE_BOUND('',#1699,.T.);
#250=FACE_BOUND('',#1700,.T.);
#251=FACE_BOUND('',#1701,.T.);
#252=FACE_BOUND('',#1702,.T.);
#253=FACE_BOUND('',#1703,.T.);
#254=FACE_BOUND('',#1705,.T.);
#255=FACE_BOUND('',#1708,.T.);
#256=FACE_BOUND('',#1711,.T.);
#257=FACE_BOUND('',#1714,.T.);
#258=FACE_BOUND('',#1717,.T.);
#259=FACE_BOUND('',#1720,.T.);
#260=FACE_BOUND('',#1723,.T.);
#261=FACE_BOUND('',#1726,.T.);
#262=FACE_BOUND('',#1727,.T.);
#263=FACE_BOUND('',#1728,.T.);
#264=FACE_BOUND('',#1729,.T.);
#265=FACE_BOUND('',#1730,.T.);
#266=FACE_BOUND('',#1731,.T.);
#267=FACE_BOUND('',#1732,.T.);
#268=FACE_BOUND('',#1733,.T.);
#269=FACE_BOUND('',#1805,.T.);
#270=FACE_BOUND('',#1809,.T.);
#271=FACE_BOUND('',#1812,.T.);
#272=FACE_BOUND('',#1820,.T.);
#273=FACE_BOUND('',#1823,.T.);
#274=FACE_BOUND('',#1831,.T.);
#275=FACE_BOUND('',#1834,.T.);
#276=FACE_BOUND('',#1864,.T.);
#277=FACE_BOUND('',#1866,.T.);
#278=FACE_BOUND('',#1871,.T.);
#279=FACE_BOUND('',#1873,.T.);
#280=FACE_BOUND('',#1875,.T.);
#281=FACE_BOUND('',#1881,.T.);
#282=FACE_BOUND('',#1883,.T.);
#283=FACE_BOUND('',#1888,.T.);
#284=FACE_BOUND('',#1890,.T.);
#285=FACE_BOUND('',#1892,.T.);
#286=FACE_BOUND('',#1893,.T.);
#287=FACE_BOUND('',#1895,.T.);
#288=FACE_BOUND('',#1898,.T.);
#289=FACE_BOUND('',#1908,.T.);
#290=FACE_BOUND('',#1909,.T.);
#291=FACE_BOUND('',#1910,.T.);
#292=FACE_BOUND('',#1911,.T.);
#293=FACE_BOUND('',#1912,.T.);
#294=FACE_BOUND('',#1914,.T.);
#295=FACE_BOUND('',#1917,.T.);
#296=FACE_BOUND('',#1919,.T.);
#297=FACE_BOUND('',#1934,.T.);
#298=FACE_BOUND('',#1935,.T.);
#299=FACE_BOUND('',#1936,.T.);
#300=FACE_BOUND('',#1937,.T.);
#301=FACE_BOUND('',#1938,.T.);
#302=FACE_BOUND('',#1940,.T.);
#303=FACE_BOUND('',#1941,.T.);
#304=FACE_BOUND('',#1942,.T.);
#305=FACE_BOUND('',#1943,.T.);
#306=FACE_BOUND('',#1944,.T.);
#307=PLANE('',#10331);
#308=PLANE('',#10334);
#309=PLANE('',#10348);
#310=PLANE('',#10349);
#311=PLANE('',#10350);
#312=PLANE('',#10354);
#313=PLANE('',#10355);
#314=PLANE('',#10356);
#315=PLANE('',#10357);
#316=PLANE('',#10358);
#317=PLANE('',#10359);
#318=PLANE('',#10360);
#319=PLANE('',#10361);
#320=PLANE('',#10362);
#321=PLANE('',#10363);
#322=PLANE('',#10364);
#323=PLANE('',#10365);
#324=PLANE('',#10366);
#325=PLANE('',#10367);
#326=PLANE('',#10368);
#327=PLANE('',#10369);
#328=PLANE('',#10370);
#329=PLANE('',#10371);
#330=PLANE('',#10372);
#331=PLANE('',#10373);
#332=PLANE('',#10374);
#333=PLANE('',#10375);
#334=PLANE('',#10376);
#335=PLANE('',#10377);
#336=PLANE('',#10378);
#337=PLANE('',#10379);
#338=PLANE('',#10380);
#339=PLANE('',#10381);
#340=PLANE('',#10382);
#341=PLANE('',#10383);
#342=PLANE('',#10384);
#343=PLANE('',#10385);
#344=PLANE('',#10386);
#345=PLANE('',#10387);
#346=PLANE('',#10388);
#347=PLANE('',#10389);
#348=PLANE('',#10390);
#349=PLANE('',#10391);
#350=PLANE('',#10392);
#351=PLANE('',#10393);
#352=PLANE('',#10394);
#353=PLANE('',#10395);
#354=PLANE('',#10396);
#355=PLANE('',#10397);
#356=PLANE('',#10398);
#357=PLANE('',#10399);
#358=PLANE('',#10400);
#359=PLANE('',#10401);
#360=PLANE('',#10402);
#361=PLANE('',#10403);
#362=PLANE('',#10404);
#363=PLANE('',#10405);
#364=PLANE('',#10406);
#365=PLANE('',#10407);
#366=PLANE('',#10408);
#367=PLANE('',#10409);
#368=PLANE('',#10410);
#369=PLANE('',#10411);
#370=PLANE('',#10412);
#371=PLANE('',#10413);
#372=PLANE('',#10414);
#373=PLANE('',#10415);
#374=PLANE('',#10416);
#375=PLANE('',#10417);
#376=PLANE('',#10418);
#377=PLANE('',#10419);
#378=PLANE('',#10420);
#379=PLANE('',#10421);
#380=PLANE('',#10422);
#381=PLANE('',#10423);
#382=PLANE('',#10424);
#383=PLANE('',#10425);
#384=PLANE('',#10426);
#385=PLANE('',#10427);
#386=PLANE('',#10428);
#387=PLANE('',#10429);
#388=PLANE('',#10430);
#389=PLANE('',#10431);
#390=PLANE('',#10432);
#391=PLANE('',#10433);
#392=PLANE('',#10434);
#393=PLANE('',#10435);
#394=PLANE('',#10436);
#395=PLANE('',#10437);
#396=PLANE('',#10438);
#397=PLANE('',#10439);
#398=PLANE('',#10440);
#399=PLANE('',#10441);
#400=PLANE('',#10442);
#401=PLANE('',#10443);
#402=PLANE('',#10444);
#403=PLANE('',#10445);
#404=PLANE('',#10446);
#405=PLANE('',#10447);
#406=PLANE('',#10448);
#407=PLANE('',#10449);
#408=PLANE('',#10450);
#409=PLANE('',#10451);
#410=PLANE('',#10452);
#411=PLANE('',#10453);
#412=PLANE('',#10454);
#413=PLANE('',#10455);
#414=PLANE('',#10456);
#415=PLANE('',#10457);
#416=PLANE('',#10458);
#417=PLANE('',#10459);
#418=PLANE('',#10460);
#419=PLANE('',#10461);
#420=PLANE('',#10462);
#421=PLANE('',#10463);
#422=PLANE('',#10464);
#423=PLANE('',#10465);
#424=PLANE('',#10466);
#425=PLANE('',#10467);
#426=PLANE('',#10468);
#427=PLANE('',#10469);
#428=PLANE('',#10470);
#429=PLANE('',#10471);
#430=PLANE('',#10472);
#431=PLANE('',#10473);
#432=PLANE('',#10474);
#433=PLANE('',#10475);
#434=PLANE('',#10476);
#435=PLANE('',#10477);
#436=PLANE('',#10478);
#437=PLANE('',#10479);
#438=PLANE('',#10480);
#439=PLANE('',#10481);
#440=PLANE('',#10482);
#441=PLANE('',#10483);
#442=PLANE('',#10484);
#443=PLANE('',#10485);
#444=PLANE('',#10486);
#445=PLANE('',#10487);
#446=PLANE('',#10488);
#447=PLANE('',#10489);
#448=PLANE('',#10490);
#449=PLANE('',#10491);
#450=PLANE('',#10492);
#451=PLANE('',#10493);
#452=PLANE('',#10494);
#453=PLANE('',#10495);
#454=PLANE('',#10496);
#455=PLANE('',#10497);
#456=PLANE('',#10498);
#457=PLANE('',#10499);
#458=PLANE('',#10500);
#459=PLANE('',#10501);
#460=PLANE('',#10502);
#461=PLANE('',#10503);
#462=PLANE('',#10504);
#463=PLANE('',#10505);
#464=PLANE('',#10506);
#465=PLANE('',#10507);
#466=PLANE('',#10508);
#467=PLANE('',#10509);
#468=PLANE('',#10510);
#469=PLANE('',#10511);
#470=PLANE('',#10512);
#471=PLANE('',#10513);
#472=PLANE('',#10514);
#473=PLANE('',#10515);
#474=PLANE('',#10516);
#475=PLANE('',#10517);
#476=PLANE('',#10518);
#477=PLANE('',#10519);
#478=PLANE('',#10520);
#479=PLANE('',#10521);
#480=PLANE('',#10522);
#481=PLANE('',#10523);
#482=PLANE('',#10524);
#483=PLANE('',#10525);
#484=PLANE('',#10526);
#485=PLANE('',#10527);
#486=PLANE('',#10528);
#487=PLANE('',#10529);
#488=PLANE('',#10530);
#489=PLANE('',#10531);
#490=PLANE('',#10532);
#491=PLANE('',#10533);
#492=PLANE('',#10534);
#493=PLANE('',#10535);
#494=PLANE('',#10536);
#495=PLANE('',#10537);
#496=PLANE('',#10538);
#497=PLANE('',#10539);
#498=PLANE('',#10540);
#499=PLANE('',#10541);
#500=PLANE('',#10542);
#501=PLANE('',#10543);
#502=PLANE('',#10544);
#503=PLANE('',#10545);
#504=PLANE('',#10546);
#505=PLANE('',#10547);
#506=PLANE('',#10548);
#507=PLANE('',#10549);
#508=PLANE('',#10550);
#509=PLANE('',#10551);
#510=PLANE('',#10552);
#511=PLANE('',#10553);
#512=PLANE('',#10554);
#513=PLANE('',#10555);
#514=PLANE('',#10556);
#515=PLANE('',#10557);
#516=PLANE('',#10558);
#517=PLANE('',#10559);
#518=PLANE('',#10560);
#519=PLANE('',#10561);
#520=PLANE('',#10562);
#521=PLANE('',#10563);
#522=PLANE('',#10564);
#523=PLANE('',#10565);
#524=PLANE('',#10566);
#525=PLANE('',#10567);
#526=PLANE('',#10568);
#527=PLANE('',#10569);
#528=PLANE('',#10570);
#529=PLANE('',#10571);
#530=PLANE('',#10574);
#531=PLANE('',#10575);
#532=PLANE('',#10576);
#533=PLANE('',#10577);
#534=PLANE('',#10612);
#535=PLANE('',#10647);
#536=PLANE('',#10684);
#537=PLANE('',#10685);
#538=PLANE('',#10686);
#539=PLANE('',#10687);
#540=PLANE('',#10688);
#541=PLANE('',#10689);
#542=PLANE('',#10692);
#543=PLANE('',#10695);
#544=PLANE('',#10698);
#545=PLANE('',#10699);
#546=PLANE('',#10700);
#547=PLANE('',#10707);
#548=PLANE('',#10711);
#549=PLANE('',#10727);
#550=PLANE('',#10731);
#551=PLANE('',#10747);
#552=PLANE('',#10751);
#553=PLANE('',#10767);
#554=PLANE('',#10771);
#555=PLANE('',#10787);
#556=PLANE('',#10791);
#557=PLANE('',#10823);
#558=PLANE('',#10832);
#559=PLANE('',#10835);
#560=PLANE('',#10838);
#561=PLANE('',#10841);
#562=PLANE('',#10844);
#563=PLANE('',#10847);
#564=PLANE('',#10850);
#565=PLANE('',#10853);
#566=PLANE('',#10855);
#567=PLANE('',#10856);
#568=PLANE('',#10857);
#569=PLANE('',#10858);
#570=PLANE('',#10859);
#571=PLANE('',#10860);
#572=PLANE('',#10861);
#573=PLANE('',#10862);
#574=PLANE('',#10863);
#575=PLANE('',#10864);
#576=PLANE('',#10865);
#577=PLANE('',#10866);
#578=PLANE('',#10867);
#579=PLANE('',#10868);
#580=PLANE('',#10869);
#581=PLANE('',#10870);
#582=PLANE('',#10871);
#583=PLANE('',#10872);
#584=PLANE('',#10873);
#585=PLANE('',#10874);
#586=PLANE('',#10875);
#587=PLANE('',#10876);
#588=PLANE('',#10877);
#589=PLANE('',#10878);
#590=PLANE('',#10879);
#591=PLANE('',#10880);
#592=PLANE('',#10881);
#593=PLANE('',#10882);
#594=PLANE('',#10883);
#595=PLANE('',#10884);
#596=PLANE('',#10885);
#597=PLANE('',#10886);
#598=PLANE('',#10887);
#599=PLANE('',#10888);
#600=PLANE('',#10889);
#601=PLANE('',#10890);
#602=PLANE('',#10891);
#603=PLANE('',#10892);
#604=PLANE('',#10893);
#605=PLANE('',#10894);
#606=PLANE('',#10895);
#607=PLANE('',#10896);
#608=PLANE('',#10897);
#609=PLANE('',#10898);
#610=PLANE('',#10899);
#611=PLANE('',#10900);
#612=PLANE('',#10901);
#613=PLANE('',#10902);
#614=PLANE('',#10903);
#615=PLANE('',#10904);
#616=PLANE('',#10905);
#617=PLANE('',#10906);
#618=PLANE('',#10907);
#619=PLANE('',#10908);
#620=PLANE('',#10909);
#621=PLANE('',#10910);
#622=PLANE('',#10911);
#623=PLANE('',#10912);
#624=PLANE('',#10913);
#625=PLANE('',#10914);
#626=PLANE('',#10915);
#627=PLANE('',#10916);
#628=PLANE('',#10917);
#629=PLANE('',#10918);
#630=PLANE('',#10919);
#631=PLANE('',#10920);
#632=PLANE('',#10921);
#633=PLANE('',#10922);
#634=PLANE('',#10927);
#635=PLANE('',#10934);
#636=PLANE('',#10938);
#637=PLANE('',#10954);
#638=PLANE('',#10958);
#639=PLANE('',#10974);
#640=PLANE('',#10978);
#641=PLANE('',#10998);
#642=PLANE('',#10999);
#643=PLANE('',#11000);
#644=PLANE('',#11001);
#645=PLANE('',#11002);
#646=PLANE('',#11003);
#647=PLANE('',#11004);
#648=PLANE('',#11005);
#649=PLANE('',#11006);
#650=PLANE('',#11007);
#651=PLANE('',#11008);
#652=PLANE('',#11009);
#653=PLANE('',#11013);
#654=PLANE('',#11017);
#655=PLANE('',#11021);
#656=PLANE('',#11025);
#657=PLANE('',#11029);
#658=PLANE('',#11030);
#659=PLANE('',#11031);
#660=PLANE('',#11032);
#661=PLANE('',#11033);
#662=PLANE('',#11037);
#663=PLANE('',#11038);
#664=PLANE('',#11039);
#665=PLANE('',#11040);
#666=PLANE('',#11041);
#667=PLANE('',#11045);
#668=PLANE('',#11046);
#669=PLANE('',#11047);
#670=PLANE('',#11048);
#671=PLANE('',#11049);
#672=PLANE('',#11053);
#673=PLANE('',#11054);
#674=PLANE('',#11055);
#675=PLANE('',#11056);
#676=PLANE('',#11057);
#677=PLANE('',#11058);
#678=PLANE('',#11059);
#679=PLANE('',#11060);
#680=PLANE('',#11061);
#681=PLANE('',#11062);
#682=PLANE('',#11063);
#683=PLANE('',#11064);
#684=PLANE('',#11065);
#685=PLANE('',#11066);
#686=PLANE('',#11067);
#687=PLANE('',#11068);
#688=PLANE('',#11069);
#689=PLANE('',#11070);
#690=PLANE('',#11071);
#691=PLANE('',#11072);
#692=PLANE('',#11073);
#693=PLANE('',#11074);
#694=PLANE('',#11087);
#695=PLANE('',#11088);
#696=PLANE('',#11089);
#697=PLANE('',#11090);
#698=PLANE('',#11091);
#699=PLANE('',#11092);
#700=PLANE('',#11093);
#701=PLANE('',#11094);
#702=PLANE('',#11095);
#703=PLANE('',#11096);
#704=PLANE('',#11097);
#705=PLANE('',#11098);
#706=PLANE('',#11099);
#707=PLANE('',#11100);
#708=PLANE('',#11101);
#709=PLANE('',#11102);
#710=PLANE('',#11103);
#711=PLANE('',#11104);
#712=PLANE('',#11105);
#713=PLANE('',#11106);
#714=PLANE('',#11107);
#715=PLANE('',#11108);
#716=TOROIDAL_SURFACE('',#10325,5.7,0.3);
#717=TOROIDAL_SURFACE('',#10328,4.518518518519,1.481481481481);
#718=TOROIDAL_SURFACE('',#10342,0.27,0.18);
#719=TOROIDAL_SURFACE('',#10345,0.27,0.18);
#720=FACE_OUTER_BOUND('',#1257,.T.);
#721=FACE_OUTER_BOUND('',#1258,.T.);
#722=FACE_OUTER_BOUND('',#1259,.T.);
#723=FACE_OUTER_BOUND('',#1260,.T.);
#724=FACE_OUTER_BOUND('',#1263,.T.);
#725=FACE_OUTER_BOUND('',#1265,.T.);
#726=FACE_OUTER_BOUND('',#1266,.T.);
#727=FACE_OUTER_BOUND('',#1267,.T.);
#728=FACE_OUTER_BOUND('',#1268,.T.);
#729=FACE_OUTER_BOUND('',#1269,.T.);
#730=FACE_OUTER_BOUND('',#1270,.T.);
#731=FACE_OUTER_BOUND('',#1271,.T.);
#732=FACE_OUTER_BOUND('',#1272,.T.);
#733=FACE_OUTER_BOUND('',#1273,.T.);
#734=FACE_OUTER_BOUND('',#1274,.T.);
#735=FACE_OUTER_BOUND('',#1275,.T.);
#736=FACE_OUTER_BOUND('',#1276,.T.);
#737=FACE_OUTER_BOUND('',#1277,.T.);
#738=FACE_OUTER_BOUND('',#1286,.T.);
#739=FACE_OUTER_BOUND('',#1287,.T.);
#740=FACE_OUTER_BOUND('',#1288,.T.);
#741=FACE_OUTER_BOUND('',#1297,.T.);
#742=FACE_OUTER_BOUND('',#1298,.T.);
#743=FACE_OUTER_BOUND('',#1299,.T.);
#744=FACE_OUTER_BOUND('',#1300,.T.);
#745=FACE_OUTER_BOUND('',#1301,.T.);
#746=FACE_OUTER_BOUND('',#1302,.T.);
#747=FACE_OUTER_BOUND('',#1303,.T.);
#748=FACE_OUTER_BOUND('',#1304,.T.);
#749=FACE_OUTER_BOUND('',#1305,.T.);
#750=FACE_OUTER_BOUND('',#1306,.T.);
#751=FACE_OUTER_BOUND('',#1307,.T.);
#752=FACE_OUTER_BOUND('',#1308,.T.);
#753=FACE_OUTER_BOUND('',#1309,.T.);
#754=FACE_OUTER_BOUND('',#1310,.T.);
#755=FACE_OUTER_BOUND('',#1311,.T.);
#756=FACE_OUTER_BOUND('',#1312,.T.);
#757=FACE_OUTER_BOUND('',#1313,.T.);
#758=FACE_OUTER_BOUND('',#1314,.T.);
#759=FACE_OUTER_BOUND('',#1315,.T.);
#760=FACE_OUTER_BOUND('',#1316,.T.);
#761=FACE_OUTER_BOUND('',#1317,.T.);
#762=FACE_OUTER_BOUND('',#1318,.T.);
#763=FACE_OUTER_BOUND('',#1319,.T.);
#764=FACE_OUTER_BOUND('',#1320,.T.);
#765=FACE_OUTER_BOUND('',#1321,.T.);
#766=FACE_OUTER_BOUND('',#1322,.T.);
#767=FACE_OUTER_BOUND('',#1323,.T.);
#768=FACE_OUTER_BOUND('',#1324,.T.);
#769=FACE_OUTER_BOUND('',#1325,.T.);
#770=FACE_OUTER_BOUND('',#1326,.T.);
#771=FACE_OUTER_BOUND('',#1327,.T.);
#772=FACE_OUTER_BOUND('',#1328,.T.);
#773=FACE_OUTER_BOUND('',#1329,.T.);
#774=FACE_OUTER_BOUND('',#1330,.T.);
#775=FACE_OUTER_BOUND('',#1331,.T.);
#776=FACE_OUTER_BOUND('',#1332,.T.);
#777=FACE_OUTER_BOUND('',#1333,.T.);
#778=FACE_OUTER_BOUND('',#1334,.T.);
#779=FACE_OUTER_BOUND('',#1335,.T.);
#780=FACE_OUTER_BOUND('',#1336,.T.);
#781=FACE_OUTER_BOUND('',#1337,.T.);
#782=FACE_OUTER_BOUND('',#1338,.T.);
#783=FACE_OUTER_BOUND('',#1339,.T.);
#784=FACE_OUTER_BOUND('',#1340,.T.);
#785=FACE_OUTER_BOUND('',#1341,.T.);
#786=FACE_OUTER_BOUND('',#1342,.T.);
#787=FACE_OUTER_BOUND('',#1343,.T.);
#788=FACE_OUTER_BOUND('',#1344,.T.);
#789=FACE_OUTER_BOUND('',#1345,.T.);
#790=FACE_OUTER_BOUND('',#1346,.T.);
#791=FACE_OUTER_BOUND('',#1347,.T.);
#792=FACE_OUTER_BOUND('',#1348,.T.);
#793=FACE_OUTER_BOUND('',#1349,.T.);
#794=FACE_OUTER_BOUND('',#1350,.T.);
#795=FACE_OUTER_BOUND('',#1351,.T.);
#796=FACE_OUTER_BOUND('',#1352,.T.);
#797=FACE_OUTER_BOUND('',#1353,.T.);
#798=FACE_OUTER_BOUND('',#1354,.T.);
#799=FACE_OUTER_BOUND('',#1355,.T.);
#800=FACE_OUTER_BOUND('',#1356,.T.);
#801=FACE_OUTER_BOUND('',#1357,.T.);
#802=FACE_OUTER_BOUND('',#1358,.T.);
#803=FACE_OUTER_BOUND('',#1359,.T.);
#804=FACE_OUTER_BOUND('',#1360,.T.);
#805=FACE_OUTER_BOUND('',#1361,.T.);
#806=FACE_OUTER_BOUND('',#1362,.T.);
#807=FACE_OUTER_BOUND('',#1363,.T.);
#808=FACE_OUTER_BOUND('',#1364,.T.);
#809=FACE_OUTER_BOUND('',#1365,.T.);
#810=FACE_OUTER_BOUND('',#1366,.T.);
#811=FACE_OUTER_BOUND('',#1367,.T.);
#812=FACE_OUTER_BOUND('',#1368,.T.);
#813=FACE_OUTER_BOUND('',#1369,.T.);
#814=FACE_OUTER_BOUND('',#1370,.T.);
#815=FACE_OUTER_BOUND('',#1371,.T.);
#816=FACE_OUTER_BOUND('',#1372,.T.);
#817=FACE_OUTER_BOUND('',#1373,.T.);
#818=FACE_OUTER_BOUND('',#1374,.T.);
#819=FACE_OUTER_BOUND('',#1375,.T.);
#820=FACE_OUTER_BOUND('',#1376,.T.);
#821=FACE_OUTER_BOUND('',#1377,.T.);
#822=FACE_OUTER_BOUND('',#1378,.T.);
#823=FACE_OUTER_BOUND('',#1379,.T.);
#824=FACE_OUTER_BOUND('',#1380,.T.);
#825=FACE_OUTER_BOUND('',#1381,.T.);
#826=FACE_OUTER_BOUND('',#1382,.T.);
#827=FACE_OUTER_BOUND('',#1383,.T.);
#828=FACE_OUTER_BOUND('',#1384,.T.);
#829=FACE_OUTER_BOUND('',#1385,.T.);
#830=FACE_OUTER_BOUND('',#1386,.T.);
#831=FACE_OUTER_BOUND('',#1387,.T.);
#832=FACE_OUTER_BOUND('',#1388,.T.);
#833=FACE_OUTER_BOUND('',#1389,.T.);
#834=FACE_OUTER_BOUND('',#1390,.T.);
#835=FACE_OUTER_BOUND('',#1391,.T.);
#836=FACE_OUTER_BOUND('',#1392,.T.);
#837=FACE_OUTER_BOUND('',#1393,.T.);
#838=FACE_OUTER_BOUND('',#1394,.T.);
#839=FACE_OUTER_BOUND('',#1395,.T.);
#840=FACE_OUTER_BOUND('',#1396,.T.);
#841=FACE_OUTER_BOUND('',#1397,.T.);
#842=FACE_OUTER_BOUND('',#1398,.T.);
#843=FACE_OUTER_BOUND('',#1399,.T.);
#844=FACE_OUTER_BOUND('',#1400,.T.);
#845=FACE_OUTER_BOUND('',#1401,.T.);
#846=FACE_OUTER_BOUND('',#1402,.T.);
#847=FACE_OUTER_BOUND('',#1403,.T.);
#848=FACE_OUTER_BOUND('',#1404,.T.);
#849=FACE_OUTER_BOUND('',#1405,.T.);
#850=FACE_OUTER_BOUND('',#1406,.T.);
#851=FACE_OUTER_BOUND('',#1407,.T.);
#852=FACE_OUTER_BOUND('',#1408,.T.);
#853=FACE_OUTER_BOUND('',#1409,.T.);
#854=FACE_OUTER_BOUND('',#1410,.T.);
#855=FACE_OUTER_BOUND('',#1411,.T.);
#856=FACE_OUTER_BOUND('',#1412,.T.);
#857=FACE_OUTER_BOUND('',#1413,.T.);
#858=FACE_OUTER_BOUND('',#1414,.T.);
#859=FACE_OUTER_BOUND('',#1415,.T.);
#860=FACE_OUTER_BOUND('',#1416,.T.);
#861=FACE_OUTER_BOUND('',#1417,.T.);
#862=FACE_OUTER_BOUND('',#1418,.T.);
#863=FACE_OUTER_BOUND('',#1419,.T.);
#864=FACE_OUTER_BOUND('',#1420,.T.);
#865=FACE_OUTER_BOUND('',#1421,.T.);
#866=FACE_OUTER_BOUND('',#1422,.T.);
#867=FACE_OUTER_BOUND('',#1423,.T.);
#868=FACE_OUTER_BOUND('',#1424,.T.);
#869=FACE_OUTER_BOUND('',#1425,.T.);
#870=FACE_OUTER_BOUND('',#1426,.T.);
#871=FACE_OUTER_BOUND('',#1427,.T.);
#872=FACE_OUTER_BOUND('',#1428,.T.);
#873=FACE_OUTER_BOUND('',#1429,.T.);
#874=FACE_OUTER_BOUND('',#1430,.T.);
#875=FACE_OUTER_BOUND('',#1431,.T.);
#876=FACE_OUTER_BOUND('',#1432,.T.);
#877=FACE_OUTER_BOUND('',#1433,.T.);
#878=FACE_OUTER_BOUND('',#1434,.T.);
#879=FACE_OUTER_BOUND('',#1435,.T.);
#880=FACE_OUTER_BOUND('',#1436,.T.);
#881=FACE_OUTER_BOUND('',#1437,.T.);
#882=FACE_OUTER_BOUND('',#1438,.T.);
#883=FACE_OUTER_BOUND('',#1439,.T.);
#884=FACE_OUTER_BOUND('',#1440,.T.);
#885=FACE_OUTER_BOUND('',#1441,.T.);
#886=FACE_OUTER_BOUND('',#1442,.T.);
#887=FACE_OUTER_BOUND('',#1443,.T.);
#888=FACE_OUTER_BOUND('',#1444,.T.);
#889=FACE_OUTER_BOUND('',#1445,.T.);
#890=FACE_OUTER_BOUND('',#1446,.T.);
#891=FACE_OUTER_BOUND('',#1447,.T.);
#892=FACE_OUTER_BOUND('',#1448,.T.);
#893=FACE_OUTER_BOUND('',#1449,.T.);
#894=FACE_OUTER_BOUND('',#1450,.T.);
#895=FACE_OUTER_BOUND('',#1451,.T.);
#896=FACE_OUTER_BOUND('',#1452,.T.);
#897=FACE_OUTER_BOUND('',#1453,.T.);
#898=FACE_OUTER_BOUND('',#1454,.T.);
#899=FACE_OUTER_BOUND('',#1455,.T.);
#900=FACE_OUTER_BOUND('',#1456,.T.);
#901=FACE_OUTER_BOUND('',#1457,.T.);
#902=FACE_OUTER_BOUND('',#1458,.T.);
#903=FACE_OUTER_BOUND('',#1459,.T.);
#904=FACE_OUTER_BOUND('',#1460,.T.);
#905=FACE_OUTER_BOUND('',#1461,.T.);
#906=FACE_OUTER_BOUND('',#1462,.T.);
#907=FACE_OUTER_BOUND('',#1463,.T.);
#908=FACE_OUTER_BOUND('',#1464,.T.);
#909=FACE_OUTER_BOUND('',#1465,.T.);
#910=FACE_OUTER_BOUND('',#1466,.T.);
#911=FACE_OUTER_BOUND('',#1467,.T.);
#912=FACE_OUTER_BOUND('',#1468,.T.);
#913=FACE_OUTER_BOUND('',#1469,.T.);
#914=FACE_OUTER_BOUND('',#1470,.T.);
#915=FACE_OUTER_BOUND('',#1471,.T.);
#916=FACE_OUTER_BOUND('',#1472,.T.);
#917=FACE_OUTER_BOUND('',#1473,.T.);
#918=FACE_OUTER_BOUND('',#1474,.T.);
#919=FACE_OUTER_BOUND('',#1475,.T.);
#920=FACE_OUTER_BOUND('',#1476,.T.);
#921=FACE_OUTER_BOUND('',#1477,.T.);
#922=FACE_OUTER_BOUND('',#1478,.T.);
#923=FACE_OUTER_BOUND('',#1479,.T.);
#924=FACE_OUTER_BOUND('',#1480,.T.);
#925=FACE_OUTER_BOUND('',#1481,.T.);
#926=FACE_OUTER_BOUND('',#1482,.T.);
#927=FACE_OUTER_BOUND('',#1483,.T.);
#928=FACE_OUTER_BOUND('',#1484,.T.);
#929=FACE_OUTER_BOUND('',#1485,.T.);
#930=FACE_OUTER_BOUND('',#1486,.T.);
#931=FACE_OUTER_BOUND('',#1487,.T.);
#932=FACE_OUTER_BOUND('',#1488,.T.);
#933=FACE_OUTER_BOUND('',#1489,.T.);
#934=FACE_OUTER_BOUND('',#1490,.T.);
#935=FACE_OUTER_BOUND('',#1491,.T.);
#936=FACE_OUTER_BOUND('',#1492,.T.);
#937=FACE_OUTER_BOUND('',#1493,.T.);
#938=FACE_OUTER_BOUND('',#1494,.T.);
#939=FACE_OUTER_BOUND('',#1495,.T.);
#940=FACE_OUTER_BOUND('',#1496,.T.);
#941=FACE_OUTER_BOUND('',#1497,.T.);
#942=FACE_OUTER_BOUND('',#1498,.T.);
#943=FACE_OUTER_BOUND('',#1499,.T.);
#944=FACE_OUTER_BOUND('',#1500,.T.);
#945=FACE_OUTER_BOUND('',#1501,.T.);
#946=FACE_OUTER_BOUND('',#1502,.T.);
#947=FACE_OUTER_BOUND('',#1503,.T.);
#948=FACE_OUTER_BOUND('',#1504,.T.);
#949=FACE_OUTER_BOUND('',#1505,.T.);
#950=FACE_OUTER_BOUND('',#1506,.T.);
#951=FACE_OUTER_BOUND('',#1507,.T.);
#952=FACE_OUTER_BOUND('',#1508,.T.);
#953=FACE_OUTER_BOUND('',#1509,.T.);
#954=FACE_OUTER_BOUND('',#1510,.T.);
#955=FACE_OUTER_BOUND('',#1545,.T.);
#956=FACE_OUTER_BOUND('',#1580,.T.);
#957=FACE_OUTER_BOUND('',#1581,.T.);
#958=FACE_OUTER_BOUND('',#1582,.T.);
#959=FACE_OUTER_BOUND('',#1583,.T.);
#960=FACE_OUTER_BOUND('',#1584,.T.);
#961=FACE_OUTER_BOUND('',#1585,.T.);
#962=FACE_OUTER_BOUND('',#1586,.T.);
#963=FACE_OUTER_BOUND('',#1587,.T.);
#964=FACE_OUTER_BOUND('',#1588,.T.);
#965=FACE_OUTER_BOUND('',#1589,.T.);
#966=FACE_OUTER_BOUND('',#1590,.T.);
#967=FACE_OUTER_BOUND('',#1591,.T.);
#968=FACE_OUTER_BOUND('',#1592,.T.);
#969=FACE_OUTER_BOUND('',#1593,.T.);
#970=FACE_OUTER_BOUND('',#1594,.T.);
#971=FACE_OUTER_BOUND('',#1595,.T.);
#972=FACE_OUTER_BOUND('',#1596,.T.);
#973=FACE_OUTER_BOUND('',#1597,.T.);
#974=FACE_OUTER_BOUND('',#1598,.T.);
#975=FACE_OUTER_BOUND('',#1599,.T.);
#976=FACE_OUTER_BOUND('',#1600,.T.);
#977=FACE_OUTER_BOUND('',#1601,.T.);
#978=FACE_OUTER_BOUND('',#1602,.T.);
#979=FACE_OUTER_BOUND('',#1603,.T.);
#980=FACE_OUTER_BOUND('',#1604,.T.);
#981=FACE_OUTER_BOUND('',#1605,.T.);
#982=FACE_OUTER_BOUND('',#1606,.T.);
#983=FACE_OUTER_BOUND('',#1607,.T.);
#984=FACE_OUTER_BOUND('',#1608,.T.);
#985=FACE_OUTER_BOUND('',#1609,.T.);
#986=FACE_OUTER_BOUND('',#1610,.T.);
#987=FACE_OUTER_BOUND('',#1611,.T.);
#988=FACE_OUTER_BOUND('',#1612,.T.);
#989=FACE_OUTER_BOUND('',#1613,.T.);
#990=FACE_OUTER_BOUND('',#1614,.T.);
#991=FACE_OUTER_BOUND('',#1615,.T.);
#992=FACE_OUTER_BOUND('',#1616,.T.);
#993=FACE_OUTER_BOUND('',#1617,.T.);
#994=FACE_OUTER_BOUND('',#1618,.T.);
#995=FACE_OUTER_BOUND('',#1619,.T.);
#996=FACE_OUTER_BOUND('',#1620,.T.);
#997=FACE_OUTER_BOUND('',#1623,.T.);
#998=FACE_OUTER_BOUND('',#1627,.T.);
#999=FACE_OUTER_BOUND('',#1628,.T.);
#1000=FACE_OUTER_BOUND('',#1629,.T.);
#1001=FACE_OUTER_BOUND('',#1630,.T.);
#1002=FACE_OUTER_BOUND('',#1631,.T.);
#1003=FACE_OUTER_BOUND('',#1632,.T.);
#1004=FACE_OUTER_BOUND('',#1633,.T.);
#1005=FACE_OUTER_BOUND('',#1634,.T.);
#1006=FACE_OUTER_BOUND('',#1635,.T.);
#1007=FACE_OUTER_BOUND('',#1637,.T.);
#1008=FACE_OUTER_BOUND('',#1638,.T.);
#1009=FACE_OUTER_BOUND('',#1640,.T.);
#1010=FACE_OUTER_BOUND('',#1641,.T.);
#1011=FACE_OUTER_BOUND('',#1642,.T.);
#1012=FACE_OUTER_BOUND('',#1643,.T.);
#1013=FACE_OUTER_BOUND('',#1644,.T.);
#1014=FACE_OUTER_BOUND('',#1645,.T.);
#1015=FACE_OUTER_BOUND('',#1646,.T.);
#1016=FACE_OUTER_BOUND('',#1648,.T.);
#1017=FACE_OUTER_BOUND('',#1649,.T.);
#1018=FACE_OUTER_BOUND('',#1651,.T.);
#1019=FACE_OUTER_BOUND('',#1652,.T.);
#1020=FACE_OUTER_BOUND('',#1653,.T.);
#1021=FACE_OUTER_BOUND('',#1654,.T.);
#1022=FACE_OUTER_BOUND('',#1655,.T.);
#1023=FACE_OUTER_BOUND('',#1656,.T.);
#1024=FACE_OUTER_BOUND('',#1657,.T.);
#1025=FACE_OUTER_BOUND('',#1659,.T.);
#1026=FACE_OUTER_BOUND('',#1660,.T.);
#1027=FACE_OUTER_BOUND('',#1662,.T.);
#1028=FACE_OUTER_BOUND('',#1663,.T.);
#1029=FACE_OUTER_BOUND('',#1664,.T.);
#1030=FACE_OUTER_BOUND('',#1665,.T.);
#1031=FACE_OUTER_BOUND('',#1666,.T.);
#1032=FACE_OUTER_BOUND('',#1667,.T.);
#1033=FACE_OUTER_BOUND('',#1668,.T.);
#1034=FACE_OUTER_BOUND('',#1670,.T.);
#1035=FACE_OUTER_BOUND('',#1671,.T.);
#1036=FACE_OUTER_BOUND('',#1673,.T.);
#1037=FACE_OUTER_BOUND('',#1674,.T.);
#1038=FACE_OUTER_BOUND('',#1675,.T.);
#1039=FACE_OUTER_BOUND('',#1676,.T.);
#1040=FACE_OUTER_BOUND('',#1677,.T.);
#1041=FACE_OUTER_BOUND('',#1678,.T.);
#1042=FACE_OUTER_BOUND('',#1679,.T.);
#1043=FACE_OUTER_BOUND('',#1681,.T.);
#1044=FACE_OUTER_BOUND('',#1682,.T.);
#1045=FACE_OUTER_BOUND('',#1684,.T.);
#1046=FACE_OUTER_BOUND('',#1685,.T.);
#1047=FACE_OUTER_BOUND('',#1686,.T.);
#1048=FACE_OUTER_BOUND('',#1687,.T.);
#1049=FACE_OUTER_BOUND('',#1688,.T.);
#1050=FACE_OUTER_BOUND('',#1689,.T.);
#1051=FACE_OUTER_BOUND('',#1690,.T.);
#1052=FACE_OUTER_BOUND('',#1691,.T.);
#1053=FACE_OUTER_BOUND('',#1692,.T.);
#1054=FACE_OUTER_BOUND('',#1693,.T.);
#1055=FACE_OUTER_BOUND('',#1694,.T.);
#1056=FACE_OUTER_BOUND('',#1695,.T.);
#1057=FACE_OUTER_BOUND('',#1704,.T.);
#1058=FACE_OUTER_BOUND('',#1706,.T.);
#1059=FACE_OUTER_BOUND('',#1707,.T.);
#1060=FACE_OUTER_BOUND('',#1709,.T.);
#1061=FACE_OUTER_BOUND('',#1710,.T.);
#1062=FACE_OUTER_BOUND('',#1712,.T.);
#1063=FACE_OUTER_BOUND('',#1713,.T.);
#1064=FACE_OUTER_BOUND('',#1715,.T.);
#1065=FACE_OUTER_BOUND('',#1716,.T.);
#1066=FACE_OUTER_BOUND('',#1718,.T.);
#1067=FACE_OUTER_BOUND('',#1719,.T.);
#1068=FACE_OUTER_BOUND('',#1721,.T.);
#1069=FACE_OUTER_BOUND('',#1722,.T.);
#1070=FACE_OUTER_BOUND('',#1724,.T.);
#1071=FACE_OUTER_BOUND('',#1725,.T.);
#1072=FACE_OUTER_BOUND('',#1734,.T.);
#1073=FACE_OUTER_BOUND('',#1735,.T.);
#1074=FACE_OUTER_BOUND('',#1736,.T.);
#1075=FACE_OUTER_BOUND('',#1737,.T.);
#1076=FACE_OUTER_BOUND('',#1738,.T.);
#1077=FACE_OUTER_BOUND('',#1739,.T.);
#1078=FACE_OUTER_BOUND('',#1740,.T.);
#1079=FACE_OUTER_BOUND('',#1741,.T.);
#1080=FACE_OUTER_BOUND('',#1742,.T.);
#1081=FACE_OUTER_BOUND('',#1743,.T.);
#1082=FACE_OUTER_BOUND('',#1744,.T.);
#1083=FACE_OUTER_BOUND('',#1745,.T.);
#1084=FACE_OUTER_BOUND('',#1746,.T.);
#1085=FACE_OUTER_BOUND('',#1747,.T.);
#1086=FACE_OUTER_BOUND('',#1748,.T.);
#1087=FACE_OUTER_BOUND('',#1749,.T.);
#1088=FACE_OUTER_BOUND('',#1750,.T.);
#1089=FACE_OUTER_BOUND('',#1751,.T.);
#1090=FACE_OUTER_BOUND('',#1752,.T.);
#1091=FACE_OUTER_BOUND('',#1753,.T.);
#1092=FACE_OUTER_BOUND('',#1754,.T.);
#1093=FACE_OUTER_BOUND('',#1755,.T.);
#1094=FACE_OUTER_BOUND('',#1756,.T.);
#1095=FACE_OUTER_BOUND('',#1757,.T.);
#1096=FACE_OUTER_BOUND('',#1758,.T.);
#1097=FACE_OUTER_BOUND('',#1759,.T.);
#1098=FACE_OUTER_BOUND('',#1760,.T.);
#1099=FACE_OUTER_BOUND('',#1761,.T.);
#1100=FACE_OUTER_BOUND('',#1762,.T.);
#1101=FACE_OUTER_BOUND('',#1763,.T.);
#1102=FACE_OUTER_BOUND('',#1764,.T.);
#1103=FACE_OUTER_BOUND('',#1765,.T.);
#1104=FACE_OUTER_BOUND('',#1766,.T.);
#1105=FACE_OUTER_BOUND('',#1767,.T.);
#1106=FACE_OUTER_BOUND('',#1768,.T.);
#1107=FACE_OUTER_BOUND('',#1769,.T.);
#1108=FACE_OUTER_BOUND('',#1770,.T.);
#1109=FACE_OUTER_BOUND('',#1771,.T.);
#1110=FACE_OUTER_BOUND('',#1772,.T.);
#1111=FACE_OUTER_BOUND('',#1773,.T.);
#1112=FACE_OUTER_BOUND('',#1774,.T.);
#1113=FACE_OUTER_BOUND('',#1775,.T.);
#1114=FACE_OUTER_BOUND('',#1776,.T.);
#1115=FACE_OUTER_BOUND('',#1777,.T.);
#1116=FACE_OUTER_BOUND('',#1778,.T.);
#1117=FACE_OUTER_BOUND('',#1779,.T.);
#1118=FACE_OUTER_BOUND('',#1780,.T.);
#1119=FACE_OUTER_BOUND('',#1781,.T.);
#1120=FACE_OUTER_BOUND('',#1782,.T.);
#1121=FACE_OUTER_BOUND('',#1783,.T.);
#1122=FACE_OUTER_BOUND('',#1784,.T.);
#1123=FACE_OUTER_BOUND('',#1785,.T.);
#1124=FACE_OUTER_BOUND('',#1786,.T.);
#1125=FACE_OUTER_BOUND('',#1787,.T.);
#1126=FACE_OUTER_BOUND('',#1788,.T.);
#1127=FACE_OUTER_BOUND('',#1789,.T.);
#1128=FACE_OUTER_BOUND('',#1790,.T.);
#1129=FACE_OUTER_BOUND('',#1791,.T.);
#1130=FACE_OUTER_BOUND('',#1792,.T.);
#1131=FACE_OUTER_BOUND('',#1793,.T.);
#1132=FACE_OUTER_BOUND('',#1794,.T.);
#1133=FACE_OUTER_BOUND('',#1795,.T.);
#1134=FACE_OUTER_BOUND('',#1796,.T.);
#1135=FACE_OUTER_BOUND('',#1797,.T.);
#1136=FACE_OUTER_BOUND('',#1798,.T.);
#1137=FACE_OUTER_BOUND('',#1799,.T.);
#1138=FACE_OUTER_BOUND('',#1800,.T.);
#1139=FACE_OUTER_BOUND('',#1801,.T.);
#1140=FACE_OUTER_BOUND('',#1802,.T.);
#1141=FACE_OUTER_BOUND('',#1803,.T.);
#1142=FACE_OUTER_BOUND('',#1804,.T.);
#1143=FACE_OUTER_BOUND('',#1806,.T.);
#1144=FACE_OUTER_BOUND('',#1807,.T.);
#1145=FACE_OUTER_BOUND('',#1808,.T.);
#1146=FACE_OUTER_BOUND('',#1810,.T.);
#1147=FACE_OUTER_BOUND('',#1811,.T.);
#1148=FACE_OUTER_BOUND('',#1813,.T.);
#1149=FACE_OUTER_BOUND('',#1814,.T.);
#1150=FACE_OUTER_BOUND('',#1815,.T.);
#1151=FACE_OUTER_BOUND('',#1816,.T.);
#1152=FACE_OUTER_BOUND('',#1817,.T.);
#1153=FACE_OUTER_BOUND('',#1818,.T.);
#1154=FACE_OUTER_BOUND('',#1819,.T.);
#1155=FACE_OUTER_BOUND('',#1821,.T.);
#1156=FACE_OUTER_BOUND('',#1822,.T.);
#1157=FACE_OUTER_BOUND('',#1824,.T.);
#1158=FACE_OUTER_BOUND('',#1825,.T.);
#1159=FACE_OUTER_BOUND('',#1826,.T.);
#1160=FACE_OUTER_BOUND('',#1827,.T.);
#1161=FACE_OUTER_BOUND('',#1828,.T.);
#1162=FACE_OUTER_BOUND('',#1829,.T.);
#1163=FACE_OUTER_BOUND('',#1830,.T.);
#1164=FACE_OUTER_BOUND('',#1832,.T.);
#1165=FACE_OUTER_BOUND('',#1833,.T.);
#1166=FACE_OUTER_BOUND('',#1835,.T.);
#1167=FACE_OUTER_BOUND('',#1836,.T.);
#1168=FACE_OUTER_BOUND('',#1837,.T.);
#1169=FACE_OUTER_BOUND('',#1838,.T.);
#1170=FACE_OUTER_BOUND('',#1839,.T.);
#1171=FACE_OUTER_BOUND('',#1840,.T.);
#1172=FACE_OUTER_BOUND('',#1841,.T.);
#1173=FACE_OUTER_BOUND('',#1842,.T.);
#1174=FACE_OUTER_BOUND('',#1843,.T.);
#1175=FACE_OUTER_BOUND('',#1844,.T.);
#1176=FACE_OUTER_BOUND('',#1845,.T.);
#1177=FACE_OUTER_BOUND('',#1846,.T.);
#1178=FACE_OUTER_BOUND('',#1847,.T.);
#1179=FACE_OUTER_BOUND('',#1848,.T.);
#1180=FACE_OUTER_BOUND('',#1849,.T.);
#1181=FACE_OUTER_BOUND('',#1850,.T.);
#1182=FACE_OUTER_BOUND('',#1851,.T.);
#1183=FACE_OUTER_BOUND('',#1852,.T.);
#1184=FACE_OUTER_BOUND('',#1853,.T.);
#1185=FACE_OUTER_BOUND('',#1854,.T.);
#1186=FACE_OUTER_BOUND('',#1855,.T.);
#1187=FACE_OUTER_BOUND('',#1856,.T.);
#1188=FACE_OUTER_BOUND('',#1857,.T.);
#1189=FACE_OUTER_BOUND('',#1858,.T.);
#1190=FACE_OUTER_BOUND('',#1859,.T.);
#1191=FACE_OUTER_BOUND('',#1860,.T.);
#1192=FACE_OUTER_BOUND('',#1861,.T.);
#1193=FACE_OUTER_BOUND('',#1862,.T.);
#1194=FACE_OUTER_BOUND('',#1863,.T.);
#1195=FACE_OUTER_BOUND('',#1865,.T.);
#1196=FACE_OUTER_BOUND('',#1867,.T.);
#1197=FACE_OUTER_BOUND('',#1868,.T.);
#1198=FACE_OUTER_BOUND('',#1869,.T.);
#1199=FACE_OUTER_BOUND('',#1870,.T.);
#1200=FACE_OUTER_BOUND('',#1872,.T.);
#1201=FACE_OUTER_BOUND('',#1874,.T.);
#1202=FACE_OUTER_BOUND('',#1876,.T.);
#1203=FACE_OUTER_BOUND('',#1877,.T.);
#1204=FACE_OUTER_BOUND('',#1878,.T.);
#1205=FACE_OUTER_BOUND('',#1879,.T.);
#1206=FACE_OUTER_BOUND('',#1880,.T.);
#1207=FACE_OUTER_BOUND('',#1882,.T.);
#1208=FACE_OUTER_BOUND('',#1884,.T.);
#1209=FACE_OUTER_BOUND('',#1885,.T.);
#1210=FACE_OUTER_BOUND('',#1886,.T.);
#1211=FACE_OUTER_BOUND('',#1887,.T.);
#1212=FACE_OUTER_BOUND('',#1889,.T.);
#1213=FACE_OUTER_BOUND('',#1891,.T.);
#1214=FACE_OUTER_BOUND('',#1894,.T.);
#1215=FACE_OUTER_BOUND('',#1896,.T.);
#1216=FACE_OUTER_BOUND('',#1897,.T.);
#1217=FACE_OUTER_BOUND('',#1899,.T.);
#1218=FACE_OUTER_BOUND('',#1900,.T.);
#1219=FACE_OUTER_BOUND('',#1901,.T.);
#1220=FACE_OUTER_BOUND('',#1902,.T.);
#1221=FACE_OUTER_BOUND('',#1903,.T.);
#1222=FACE_OUTER_BOUND('',#1904,.T.);
#1223=FACE_OUTER_BOUND('',#1905,.T.);
#1224=FACE_OUTER_BOUND('',#1906,.T.);
#1225=FACE_OUTER_BOUND('',#1907,.T.);
#1226=FACE_OUTER_BOUND('',#1913,.T.);
#1227=FACE_OUTER_BOUND('',#1915,.T.);
#1228=FACE_OUTER_BOUND('',#1916,.T.);
#1229=FACE_OUTER_BOUND('',#1918,.T.);
#1230=FACE_OUTER_BOUND('',#1920,.T.);
#1231=FACE_OUTER_BOUND('',#1921,.T.);
#1232=FACE_OUTER_BOUND('',#1922,.T.);
#1233=FACE_OUTER_BOUND('',#1923,.T.);
#1234=FACE_OUTER_BOUND('',#1924,.T.);
#1235=FACE_OUTER_BOUND('',#1925,.T.);
#1236=FACE_OUTER_BOUND('',#1926,.T.);
#1237=FACE_OUTER_BOUND('',#1927,.T.);
#1238=FACE_OUTER_BOUND('',#1928,.T.);
#1239=FACE_OUTER_BOUND('',#1929,.T.);
#1240=FACE_OUTER_BOUND('',#1930,.T.);
#1241=FACE_OUTER_BOUND('',#1931,.T.);
#1242=FACE_OUTER_BOUND('',#1932,.T.);
#1243=FACE_OUTER_BOUND('',#1933,.T.);
#1244=FACE_OUTER_BOUND('',#1939,.T.);
#1245=FACE_OUTER_BOUND('',#1945,.T.);
#1246=FACE_OUTER_BOUND('',#1946,.T.);
#1247=FACE_OUTER_BOUND('',#1947,.T.);
#1248=FACE_OUTER_BOUND('',#1948,.T.);
#1249=FACE_OUTER_BOUND('',#1949,.T.);
#1250=FACE_OUTER_BOUND('',#1950,.T.);
#1251=FACE_OUTER_BOUND('',#1951,.T.);
#1252=FACE_OUTER_BOUND('',#1952,.T.);
#1253=FACE_OUTER_BOUND('',#1953,.T.);
#1254=FACE_OUTER_BOUND('',#1954,.T.);
#1255=FACE_OUTER_BOUND('',#1955,.T.);
#1256=FACE_OUTER_BOUND('',#1956,.T.);
#1257=EDGE_LOOP('',(#6561,#6562,#6563,#6564));
#1258=EDGE_LOOP('',(#6565,#6566,#6567,#6568));
#1259=EDGE_LOOP('',(#6569,#6570,#6571,#6572));
#1260=EDGE_LOOP('',(#6573));
#1261=EDGE_LOOP('',(#6574));
#1262=EDGE_LOOP('',(#6575));
#1263=EDGE_LOOP('',(#6576));
#1264=EDGE_LOOP('',(#6577));
#1265=EDGE_LOOP('',(#6578,#6579,#6580,#6581));
#1266=EDGE_LOOP('',(#6582,#6583,#6584,#6585));
#1267=EDGE_LOOP('',(#6586,#6587,#6588,#6589));
#1268=EDGE_LOOP('',(#6590,#6591,#6592,#6593));
#1269=EDGE_LOOP('',(#6594,#6595,#6596,#6597));
#1270=EDGE_LOOP('',(#6598));
#1271=EDGE_LOOP('',(#6599));
#1272=EDGE_LOOP('',(#6600));
#1273=EDGE_LOOP('',(#6601,#6602,#6603,#6604));
#1274=EDGE_LOOP('',(#6605,#6606,#6607,#6608,#6609,#6610,#6611,#6612));
#1275=EDGE_LOOP('',(#6613,#6614,#6615,#6616,#6617,#6618,#6619,#6620));
#1276=EDGE_LOOP('',(#6621,#6622,#6623,#6624));
#1277=EDGE_LOOP('',(#6625,#6626,#6627,#6628));
#1278=EDGE_LOOP('',(#6629,#6630,#6631,#6632));
#1279=EDGE_LOOP('',(#6633,#6634,#6635,#6636));
#1280=EDGE_LOOP('',(#6637,#6638,#6639,#6640));
#1281=EDGE_LOOP('',(#6641,#6642,#6643,#6644));
#1282=EDGE_LOOP('',(#6645,#6646,#6647,#6648));
#1283=EDGE_LOOP('',(#6649,#6650,#6651,#6652));
#1284=EDGE_LOOP('',(#6653,#6654,#6655,#6656));
#1285=EDGE_LOOP('',(#6657,#6658,#6659,#6660));
#1286=EDGE_LOOP('',(#6661,#6662,#6663,#6664));
#1287=EDGE_LOOP('',(#6665,#6666,#6667,#6668));
#1288=EDGE_LOOP('',(#6669,#6670,#6671,#6672));
#1289=EDGE_LOOP('',(#6673,#6674,#6675,#6676,#6677,#6678,#6679,#6680));
#1290=EDGE_LOOP('',(#6681,#6682,#6683,#6684,#6685,#6686,#6687,#6688));
#1291=EDGE_LOOP('',(#6689,#6690,#6691,#6692,#6693,#6694,#6695,#6696));
#1292=EDGE_LOOP('',(#6697,#6698,#6699,#6700,#6701,#6702,#6703,#6704));
#1293=EDGE_LOOP('',(#6705,#6706,#6707,#6708,#6709,#6710,#6711,#6712));
#1294=EDGE_LOOP('',(#6713,#6714,#6715,#6716,#6717,#6718,#6719,#6720));
#1295=EDGE_LOOP('',(#6721,#6722,#6723,#6724,#6725,#6726,#6727,#6728));
#1296=EDGE_LOOP('',(#6729,#6730,#6731,#6732,#6733,#6734,#6735,#6736));
#1297=EDGE_LOOP('',(#6737,#6738,#6739,#6740));
#1298=EDGE_LOOP('',(#6741,#6742,#6743,#6744));
#1299=EDGE_LOOP('',(#6745,#6746,#6747,#6748));
#1300=EDGE_LOOP('',(#6749,#6750,#6751,#6752));
#1301=EDGE_LOOP('',(#6753,#6754,#6755,#6756));
#1302=EDGE_LOOP('',(#6757,#6758,#6759,#6760));
#1303=EDGE_LOOP('',(#6761,#6762,#6763,#6764));
#1304=EDGE_LOOP('',(#6765,#6766,#6767,#6768));
#1305=EDGE_LOOP('',(#6769,#6770,#6771,#6772));
#1306=EDGE_LOOP('',(#6773,#6774,#6775,#6776));
#1307=EDGE_LOOP('',(#6777,#6778,#6779,#6780));
#1308=EDGE_LOOP('',(#6781,#6782,#6783,#6784));
#1309=EDGE_LOOP('',(#6785,#6786,#6787,#6788));
#1310=EDGE_LOOP('',(#6789,#6790,#6791,#6792));
#1311=EDGE_LOOP('',(#6793,#6794,#6795,#6796));
#1312=EDGE_LOOP('',(#6797,#6798,#6799,#6800));
#1313=EDGE_LOOP('',(#6801,#6802,#6803,#6804));
#1314=EDGE_LOOP('',(#6805,#6806,#6807,#6808));
#1315=EDGE_LOOP('',(#6809,#6810,#6811,#6812));
#1316=EDGE_LOOP('',(#6813,#6814,#6815,#6816));
#1317=EDGE_LOOP('',(#6817,#6818,#6819,#6820));
#1318=EDGE_LOOP('',(#6821,#6822,#6823,#6824));
#1319=EDGE_LOOP('',(#6825,#6826,#6827,#6828));
#1320=EDGE_LOOP('',(#6829,#6830,#6831,#6832));
#1321=EDGE_LOOP('',(#6833,#6834,#6835,#6836));
#1322=EDGE_LOOP('',(#6837,#6838,#6839,#6840));
#1323=EDGE_LOOP('',(#6841,#6842,#6843,#6844));
#1324=EDGE_LOOP('',(#6845,#6846,#6847,#6848));
#1325=EDGE_LOOP('',(#6849,#6850,#6851,#6852));
#1326=EDGE_LOOP('',(#6853,#6854,#6855,#6856));
#1327=EDGE_LOOP('',(#6857,#6858,#6859,#6860));
#1328=EDGE_LOOP('',(#6861,#6862,#6863,#6864));
#1329=EDGE_LOOP('',(#6865,#6866,#6867,#6868));
#1330=EDGE_LOOP('',(#6869,#6870,#6871,#6872));
#1331=EDGE_LOOP('',(#6873,#6874,#6875,#6876));
#1332=EDGE_LOOP('',(#6877,#6878,#6879,#6880,#6881,#6882));
#1333=EDGE_LOOP('',(#6883,#6884,#6885,#6886));
#1334=EDGE_LOOP('',(#6887,#6888,#6889,#6890,#6891,#6892));
#1335=EDGE_LOOP('',(#6893,#6894,#6895,#6896));
#1336=EDGE_LOOP('',(#6897,#6898,#6899,#6900,#6901,#6902));
#1337=EDGE_LOOP('',(#6903,#6904,#6905,#6906));
#1338=EDGE_LOOP('',(#6907,#6908,#6909,#6910,#6911,#6912));
#1339=EDGE_LOOP('',(#6913,#6914,#6915,#6916));
#1340=EDGE_LOOP('',(#6917,#6918,#6919,#6920,#6921,#6922));
#1341=EDGE_LOOP('',(#6923,#6924,#6925,#6926));
#1342=EDGE_LOOP('',(#6927,#6928,#6929,#6930,#6931,#6932));
#1343=EDGE_LOOP('',(#6933,#6934,#6935,#6936));
#1344=EDGE_LOOP('',(#6937,#6938,#6939,#6940,#6941,#6942));
#1345=EDGE_LOOP('',(#6943,#6944,#6945,#6946));
#1346=EDGE_LOOP('',(#6947,#6948,#6949,#6950,#6951,#6952));
#1347=EDGE_LOOP('',(#6953,#6954,#6955,#6956));
#1348=EDGE_LOOP('',(#6957,#6958,#6959,#6960,#6961,#6962));
#1349=EDGE_LOOP('',(#6963,#6964,#6965,#6966));
#1350=EDGE_LOOP('',(#6967,#6968,#6969,#6970,#6971,#6972));
#1351=EDGE_LOOP('',(#6973,#6974,#6975,#6976));
#1352=EDGE_LOOP('',(#6977,#6978,#6979,#6980,#6981,#6982));
#1353=EDGE_LOOP('',(#6983,#6984,#6985,#6986));
#1354=EDGE_LOOP('',(#6987,#6988,#6989,#6990,#6991,#6992));
#1355=EDGE_LOOP('',(#6993,#6994,#6995,#6996));
#1356=EDGE_LOOP('',(#6997,#6998,#6999,#7000,#7001,#7002));
#1357=EDGE_LOOP('',(#7003,#7004,#7005,#7006));
#1358=EDGE_LOOP('',(#7007,#7008,#7009,#7010,#7011,#7012));
#1359=EDGE_LOOP('',(#7013,#7014,#7015,#7016));
#1360=EDGE_LOOP('',(#7017,#7018,#7019,#7020,#7021,#7022));
#1361=EDGE_LOOP('',(#7023,#7024,#7025,#7026));
#1362=EDGE_LOOP('',(#7027,#7028,#7029,#7030,#7031,#7032));
#1363=EDGE_LOOP('',(#7033,#7034,#7035,#7036));
#1364=EDGE_LOOP('',(#7037,#7038,#7039,#7040,#7041,#7042,#7043,#7044));
#1365=EDGE_LOOP('',(#7045,#7046,#7047,#7048));
#1366=EDGE_LOOP('',(#7049,#7050,#7051,#7052,#7053,#7054,#7055,#7056));
#1367=EDGE_LOOP('',(#7057,#7058,#7059,#7060));
#1368=EDGE_LOOP('',(#7061,#7062,#7063,#7064,#7065,#7066,#7067,#7068));
#1369=EDGE_LOOP('',(#7069,#7070,#7071,#7072));
#1370=EDGE_LOOP('',(#7073,#7074,#7075,#7076,#7077,#7078,#7079,#7080));
#1371=EDGE_LOOP('',(#7081,#7082,#7083,#7084));
#1372=EDGE_LOOP('',(#7085,#7086,#7087,#7088,#7089,#7090,#7091,#7092));
#1373=EDGE_LOOP('',(#7093,#7094,#7095,#7096));
#1374=EDGE_LOOP('',(#7097,#7098,#7099,#7100,#7101,#7102,#7103,#7104));
#1375=EDGE_LOOP('',(#7105,#7106,#7107,#7108));
#1376=EDGE_LOOP('',(#7109,#7110,#7111,#7112,#7113,#7114,#7115,#7116));
#1377=EDGE_LOOP('',(#7117,#7118,#7119,#7120));
#1378=EDGE_LOOP('',(#7121,#7122,#7123,#7124,#7125,#7126,#7127,#7128));
#1379=EDGE_LOOP('',(#7129,#7130,#7131,#7132));
#1380=EDGE_LOOP('',(#7133,#7134,#7135,#7136,#7137,#7138,#7139,#7140));
#1381=EDGE_LOOP('',(#7141,#7142,#7143,#7144));
#1382=EDGE_LOOP('',(#7145,#7146,#7147,#7148,#7149,#7150,#7151,#7152));
#1383=EDGE_LOOP('',(#7153,#7154,#7155,#7156));
#1384=EDGE_LOOP('',(#7157,#7158,#7159,#7160,#7161,#7162,#7163,#7164));
#1385=EDGE_LOOP('',(#7165,#7166,#7167,#7168));
#1386=EDGE_LOOP('',(#7169,#7170,#7171,#7172,#7173,#7174,#7175,#7176));
#1387=EDGE_LOOP('',(#7177,#7178,#7179,#7180));
#1388=EDGE_LOOP('',(#7181,#7182,#7183,#7184,#7185,#7186,#7187,#7188));
#1389=EDGE_LOOP('',(#7189,#7190,#7191,#7192));
#1390=EDGE_LOOP('',(#7193,#7194,#7195,#7196,#7197,#7198,#7199,#7200));
#1391=EDGE_LOOP('',(#7201,#7202,#7203,#7204));
#1392=EDGE_LOOP('',(#7205,#7206,#7207,#7208,#7209,#7210,#7211,#7212));
#1393=EDGE_LOOP('',(#7213,#7214,#7215,#7216));
#1394=EDGE_LOOP('',(#7217,#7218,#7219,#7220,#7221,#7222,#7223,#7224));
#1395=EDGE_LOOP('',(#7225,#7226,#7227,#7228));
#1396=EDGE_LOOP('',(#7229,#7230,#7231,#7232));
#1397=EDGE_LOOP('',(#7233,#7234,#7235,#7236));
#1398=EDGE_LOOP('',(#7237,#7238,#7239,#7240));
#1399=EDGE_LOOP('',(#7241,#7242,#7243,#7244));
#1400=EDGE_LOOP('',(#7245,#7246,#7247,#7248));
#1401=EDGE_LOOP('',(#7249,#7250,#7251,#7252));
#1402=EDGE_LOOP('',(#7253,#7254,#7255,#7256));
#1403=EDGE_LOOP('',(#7257,#7258,#7259,#7260));
#1404=EDGE_LOOP('',(#7261,#7262,#7263,#7264));
#1405=EDGE_LOOP('',(#7265,#7266,#7267,#7268));
#1406=EDGE_LOOP('',(#7269,#7270,#7271,#7272));
#1407=EDGE_LOOP('',(#7273,#7274,#7275,#7276));
#1408=EDGE_LOOP('',(#7277,#7278,#7279,#7280));
#1409=EDGE_LOOP('',(#7281,#7282,#7283,#7284));
#1410=EDGE_LOOP('',(#7285,#7286,#7287,#7288));
#1411=EDGE_LOOP('',(#7289,#7290,#7291,#7292));
#1412=EDGE_LOOP('',(#7293,#7294,#7295,#7296));
#1413=EDGE_LOOP('',(#7297,#7298,#7299,#7300));
#1414=EDGE_LOOP('',(#7301,#7302,#7303,#7304));
#1415=EDGE_LOOP('',(#7305,#7306,#7307,#7308));
#1416=EDGE_LOOP('',(#7309,#7310,#7311,#7312));
#1417=EDGE_LOOP('',(#7313,#7314,#7315,#7316));
#1418=EDGE_LOOP('',(#7317,#7318,#7319,#7320));
#1419=EDGE_LOOP('',(#7321,#7322,#7323,#7324));
#1420=EDGE_LOOP('',(#7325,#7326,#7327,#7328));
#1421=EDGE_LOOP('',(#7329,#7330,#7331,#7332));
#1422=EDGE_LOOP('',(#7333,#7334,#7335,#7336));
#1423=EDGE_LOOP('',(#7337,#7338,#7339,#7340));
#1424=EDGE_LOOP('',(#7341,#7342,#7343,#7344));
#1425=EDGE_LOOP('',(#7345,#7346,#7347,#7348));
#1426=EDGE_LOOP('',(#7349,#7350,#7351,#7352));
#1427=EDGE_LOOP('',(#7353,#7354,#7355,#7356));
#1428=EDGE_LOOP('',(#7357,#7358,#7359,#7360));
#1429=EDGE_LOOP('',(#7361,#7362,#7363,#7364));
#1430=EDGE_LOOP('',(#7365,#7366,#7367,#7368));
#1431=EDGE_LOOP('',(#7369,#7370,#7371,#7372));
#1432=EDGE_LOOP('',(#7373,#7374,#7375,#7376));
#1433=EDGE_LOOP('',(#7377,#7378,#7379,#7380));
#1434=EDGE_LOOP('',(#7381,#7382,#7383,#7384));
#1435=EDGE_LOOP('',(#7385,#7386,#7387,#7388));
#1436=EDGE_LOOP('',(#7389,#7390,#7391,#7392));
#1437=EDGE_LOOP('',(#7393,#7394,#7395,#7396,#7397,#7398,#7399,#7400));
#1438=EDGE_LOOP('',(#7401,#7402,#7403,#7404));
#1439=EDGE_LOOP('',(#7405,#7406,#7407,#7408,#7409,#7410,#7411,#7412));
#1440=EDGE_LOOP('',(#7413,#7414,#7415,#7416));
#1441=EDGE_LOOP('',(#7417,#7418,#7419,#7420));
#1442=EDGE_LOOP('',(#7421,#7422,#7423,#7424));
#1443=EDGE_LOOP('',(#7425,#7426,#7427,#7428,#7429,#7430,#7431,#7432));
#1444=EDGE_LOOP('',(#7433,#7434,#7435,#7436));
#1445=EDGE_LOOP('',(#7437,#7438,#7439,#7440,#7441,#7442,#7443,#7444));
#1446=EDGE_LOOP('',(#7445,#7446,#7447,#7448));
#1447=EDGE_LOOP('',(#7449,#7450,#7451,#7452));
#1448=EDGE_LOOP('',(#7453,#7454,#7455,#7456));
#1449=EDGE_LOOP('',(#7457,#7458,#7459,#7460,#7461,#7462,#7463,#7464));
#1450=EDGE_LOOP('',(#7465,#7466,#7467,#7468));
#1451=EDGE_LOOP('',(#7469,#7470,#7471,#7472,#7473,#7474,#7475,#7476));
#1452=EDGE_LOOP('',(#7477,#7478,#7479,#7480));
#1453=EDGE_LOOP('',(#7481,#7482,#7483,#7484));
#1454=EDGE_LOOP('',(#7485,#7486,#7487,#7488));
#1455=EDGE_LOOP('',(#7489,#7490,#7491,#7492,#7493,#7494,#7495,#7496));
#1456=EDGE_LOOP('',(#7497,#7498,#7499,#7500));
#1457=EDGE_LOOP('',(#7501,#7502,#7503,#7504,#7505,#7506,#7507,#7508));
#1458=EDGE_LOOP('',(#7509,#7510,#7511,#7512));
#1459=EDGE_LOOP('',(#7513,#7514,#7515,#7516));
#1460=EDGE_LOOP('',(#7517,#7518,#7519,#7520));
#1461=EDGE_LOOP('',(#7521,#7522,#7523,#7524,#7525,#7526,#7527,#7528));
#1462=EDGE_LOOP('',(#7529,#7530,#7531,#7532));
#1463=EDGE_LOOP('',(#7533,#7534,#7535,#7536,#7537,#7538,#7539,#7540));
#1464=EDGE_LOOP('',(#7541,#7542,#7543,#7544));
#1465=EDGE_LOOP('',(#7545,#7546,#7547,#7548));
#1466=EDGE_LOOP('',(#7549,#7550,#7551,#7552));
#1467=EDGE_LOOP('',(#7553,#7554,#7555,#7556,#7557,#7558,#7559,#7560));
#1468=EDGE_LOOP('',(#7561,#7562,#7563,#7564));
#1469=EDGE_LOOP('',(#7565,#7566,#7567,#7568,#7569,#7570,#7571,#7572));
#1470=EDGE_LOOP('',(#7573,#7574,#7575,#7576));
#1471=EDGE_LOOP('',(#7577,#7578,#7579,#7580));
#1472=EDGE_LOOP('',(#7581,#7582,#7583,#7584));
#1473=EDGE_LOOP('',(#7585,#7586,#7587,#7588,#7589,#7590,#7591,#7592));
#1474=EDGE_LOOP('',(#7593,#7594,#7595,#7596));
#1475=EDGE_LOOP('',(#7597,#7598,#7599,#7600,#7601,#7602,#7603,#7604));
#1476=EDGE_LOOP('',(#7605,#7606,#7607,#7608));
#1477=EDGE_LOOP('',(#7609,#7610,#7611,#7612));
#1478=EDGE_LOOP('',(#7613,#7614,#7615,#7616));
#1479=EDGE_LOOP('',(#7617,#7618,#7619,#7620,#7621,#7622,#7623,#7624));
#1480=EDGE_LOOP('',(#7625,#7626,#7627,#7628));
#1481=EDGE_LOOP('',(#7629,#7630,#7631,#7632,#7633,#7634,#7635,#7636));
#1482=EDGE_LOOP('',(#7637,#7638,#7639,#7640));
#1483=EDGE_LOOP('',(#7641,#7642,#7643,#7644));
#1484=EDGE_LOOP('',(#7645,#7646,#7647,#7648));
#1485=EDGE_LOOP('',(#7649,#7650,#7651,#7652));
#1486=EDGE_LOOP('',(#7653,#7654,#7655,#7656));
#1487=EDGE_LOOP('',(#7657,#7658,#7659,#7660));
#1488=EDGE_LOOP('',(#7661,#7662,#7663,#7664));
#1489=EDGE_LOOP('',(#7665,#7666,#7667,#7668));
#1490=EDGE_LOOP('',(#7669,#7670,#7671,#7672));
#1491=EDGE_LOOP('',(#7673,#7674,#7675,#7676));
#1492=EDGE_LOOP('',(#7677,#7678,#7679,#7680));
#1493=EDGE_LOOP('',(#7681,#7682,#7683,#7684));
#1494=EDGE_LOOP('',(#7685,#7686,#7687,#7688));
#1495=EDGE_LOOP('',(#7689,#7690,#7691,#7692));
#1496=EDGE_LOOP('',(#7693,#7694,#7695,#7696));
#1497=EDGE_LOOP('',(#7697,#7698,#7699,#7700));
#1498=EDGE_LOOP('',(#7701,#7702,#7703,#7704));
#1499=EDGE_LOOP('',(#7705,#7706,#7707,#7708));
#1500=EDGE_LOOP('',(#7709,#7710,#7711,#7712));
#1501=EDGE_LOOP('',(#7713,#7714,#7715,#7716));
#1502=EDGE_LOOP('',(#7717,#7718,#7719,#7720));
#1503=EDGE_LOOP('',(#7721,#7722,#7723,#7724));
#1504=EDGE_LOOP('',(#7725,#7726,#7727,#7728));
#1505=EDGE_LOOP('',(#7729,#7730,#7731,#7732));
#1506=EDGE_LOOP('',(#7733,#7734,#7735,#7736));
#1507=EDGE_LOOP('',(#7737,#7738,#7739,#7740));
#1508=EDGE_LOOP('',(#7741,#7742,#7743,#7744));
#1509=EDGE_LOOP('',(#7745,#7746,#7747,#7748));
#1510=EDGE_LOOP('',(#7749,#7750,#7751,#7752));
#1511=EDGE_LOOP('',(#7753));
#1512=EDGE_LOOP('',(#7754));
#1513=EDGE_LOOP('',(#7755));
#1514=EDGE_LOOP('',(#7756));
#1515=EDGE_LOOP('',(#7757));
#1516=EDGE_LOOP('',(#7758));
#1517=EDGE_LOOP('',(#7759));
#1518=EDGE_LOOP('',(#7760));
#1519=EDGE_LOOP('',(#7761));
#1520=EDGE_LOOP('',(#7762));
#1521=EDGE_LOOP('',(#7763));
#1522=EDGE_LOOP('',(#7764));
#1523=EDGE_LOOP('',(#7765));
#1524=EDGE_LOOP('',(#7766));
#1525=EDGE_LOOP('',(#7767));
#1526=EDGE_LOOP('',(#7768));
#1527=EDGE_LOOP('',(#7769));
#1528=EDGE_LOOP('',(#7770));
#1529=EDGE_LOOP('',(#7771));
#1530=EDGE_LOOP('',(#7772));
#1531=EDGE_LOOP('',(#7773));
#1532=EDGE_LOOP('',(#7774));
#1533=EDGE_LOOP('',(#7775));
#1534=EDGE_LOOP('',(#7776));
#1535=EDGE_LOOP('',(#7777));
#1536=EDGE_LOOP('',(#7778));
#1537=EDGE_LOOP('',(#7779));
#1538=EDGE_LOOP('',(#7780));
#1539=EDGE_LOOP('',(#7781));
#1540=EDGE_LOOP('',(#7782));
#1541=EDGE_LOOP('',(#7783));
#1542=EDGE_LOOP('',(#7784));
#1543=EDGE_LOOP('',(#7785));
#1544=EDGE_LOOP('',(#7786));
#1545=EDGE_LOOP('',(#7787,#7788,#7789,#7790));
#1546=EDGE_LOOP('',(#7791));
#1547=EDGE_LOOP('',(#7792));
#1548=EDGE_LOOP('',(#7793));
#1549=EDGE_LOOP('',(#7794));
#1550=EDGE_LOOP('',(#7795));
#1551=EDGE_LOOP('',(#7796));
#1552=EDGE_LOOP('',(#7797));
#1553=EDGE_LOOP('',(#7798));
#1554=EDGE_LOOP('',(#7799));
#1555=EDGE_LOOP('',(#7800));
#1556=EDGE_LOOP('',(#7801));
#1557=EDGE_LOOP('',(#7802));
#1558=EDGE_LOOP('',(#7803));
#1559=EDGE_LOOP('',(#7804));
#1560=EDGE_LOOP('',(#7805));
#1561=EDGE_LOOP('',(#7806));
#1562=EDGE_LOOP('',(#7807));
#1563=EDGE_LOOP('',(#7808));
#1564=EDGE_LOOP('',(#7809));
#1565=EDGE_LOOP('',(#7810));
#1566=EDGE_LOOP('',(#7811));
#1567=EDGE_LOOP('',(#7812));
#1568=EDGE_LOOP('',(#7813));
#1569=EDGE_LOOP('',(#7814));
#1570=EDGE_LOOP('',(#7815));
#1571=EDGE_LOOP('',(#7816));
#1572=EDGE_LOOP('',(#7817));
#1573=EDGE_LOOP('',(#7818));
#1574=EDGE_LOOP('',(#7819));
#1575=EDGE_LOOP('',(#7820));
#1576=EDGE_LOOP('',(#7821));
#1577=EDGE_LOOP('',(#7822));
#1578=EDGE_LOOP('',(#7823));
#1579=EDGE_LOOP('',(#7824));
#1580=EDGE_LOOP('',(#7825,#7826,#7827,#7828));
#1581=EDGE_LOOP('',(#7829,#7830,#7831,#7832));
#1582=EDGE_LOOP('',(#7833,#7834,#7835,#7836));
#1583=EDGE_LOOP('',(#7837,#7838,#7839,#7840));
#1584=EDGE_LOOP('',(#7841,#7842,#7843,#7844));
#1585=EDGE_LOOP('',(#7845,#7846,#7847,#7848));
#1586=EDGE_LOOP('',(#7849,#7850,#7851,#7852));
#1587=EDGE_LOOP('',(#7853,#7854,#7855,#7856));
#1588=EDGE_LOOP('',(#7857,#7858,#7859,#7860));
#1589=EDGE_LOOP('',(#7861,#7862,#7863,#7864));
#1590=EDGE_LOOP('',(#7865,#7866,#7867,#7868));
#1591=EDGE_LOOP('',(#7869,#7870,#7871,#7872));
#1592=EDGE_LOOP('',(#7873,#7874,#7875,#7876));
#1593=EDGE_LOOP('',(#7877,#7878,#7879,#7880));
#1594=EDGE_LOOP('',(#7881,#7882,#7883,#7884));
#1595=EDGE_LOOP('',(#7885,#7886,#7887,#7888));
#1596=EDGE_LOOP('',(#7889,#7890,#7891,#7892));
#1597=EDGE_LOOP('',(#7893,#7894,#7895,#7896));
#1598=EDGE_LOOP('',(#7897,#7898,#7899,#7900));
#1599=EDGE_LOOP('',(#7901,#7902,#7903,#7904));
#1600=EDGE_LOOP('',(#7905,#7906,#7907,#7908));
#1601=EDGE_LOOP('',(#7909,#7910,#7911,#7912));
#1602=EDGE_LOOP('',(#7913,#7914,#7915,#7916));
#1603=EDGE_LOOP('',(#7917,#7918,#7919,#7920));
#1604=EDGE_LOOP('',(#7921,#7922,#7923,#7924));
#1605=EDGE_LOOP('',(#7925,#7926,#7927,#7928));
#1606=EDGE_LOOP('',(#7929,#7930,#7931,#7932));
#1607=EDGE_LOOP('',(#7933,#7934,#7935,#7936));
#1608=EDGE_LOOP('',(#7937,#7938,#7939,#7940));
#1609=EDGE_LOOP('',(#7941,#7942,#7943,#7944));
#1610=EDGE_LOOP('',(#7945,#7946,#7947,#7948));
#1611=EDGE_LOOP('',(#7949,#7950,#7951,#7952));
#1612=EDGE_LOOP('',(#7953,#7954,#7955,#7956));
#1613=EDGE_LOOP('',(#7957,#7958,#7959,#7960));
#1614=EDGE_LOOP('',(#7961,#7962,#7963,#7964));
#1615=EDGE_LOOP('',(#7965,#7966,#7967,#7968));
#1616=EDGE_LOOP('',(#7969,#7970,#7971,#7972));
#1617=EDGE_LOOP('',(#7973,#7974,#7975,#7976));
#1618=EDGE_LOOP('',(#7977,#7978,#7979,#7980));
#1619=EDGE_LOOP('',(#7981,#7982,#7983,#7984));
#1620=EDGE_LOOP('',(#7985,#7986,#7987,#7988));
#1621=EDGE_LOOP('',(#7989));
#1622=EDGE_LOOP('',(#7990));
#1623=EDGE_LOOP('',(#7991,#7992,#7993,#7994));
#1624=EDGE_LOOP('',(#7995));
#1625=EDGE_LOOP('',(#7996));
#1626=EDGE_LOOP('',(#7997,#7998,#7999,#8000));
#1627=EDGE_LOOP('',(#8001,#8002,#8003,#8004));
#1628=EDGE_LOOP('',(#8005,#8006,#8007,#8008));
#1629=EDGE_LOOP('',(#8009,#8010,#8011,#8012));
#1630=EDGE_LOOP('',(#8013,#8014,#8015,#8016));
#1631=EDGE_LOOP('',(#8017,#8018,#8019,#8020));
#1632=EDGE_LOOP('',(#8021,#8022,#8023,#8024));
#1633=EDGE_LOOP('',(#8025,#8026,#8027));
#1634=EDGE_LOOP('',(#8028,#8029,#8030,#8031));
#1635=EDGE_LOOP('',(#8032));
#1636=EDGE_LOOP('',(#8033));
#1637=EDGE_LOOP('',(#8034,#8035,#8036,#8037));
#1638=EDGE_LOOP('',(#8038));
#1639=EDGE_LOOP('',(#8039));
#1640=EDGE_LOOP('',(#8040,#8041,#8042,#8043));
#1641=EDGE_LOOP('',(#8044,#8045,#8046,#8047));
#1642=EDGE_LOOP('',(#8048,#8049,#8050,#8051));
#1643=EDGE_LOOP('',(#8052,#8053,#8054));
#1644=EDGE_LOOP('',(#8055,#8056,#8057));
#1645=EDGE_LOOP('',(#8058,#8059,#8060,#8061));
#1646=EDGE_LOOP('',(#8062));
#1647=EDGE_LOOP('',(#8063));
#1648=EDGE_LOOP('',(#8064,#8065,#8066,#8067));
#1649=EDGE_LOOP('',(#8068));
#1650=EDGE_LOOP('',(#8069));
#1651=EDGE_LOOP('',(#8070,#8071,#8072,#8073));
#1652=EDGE_LOOP('',(#8074,#8075,#8076,#8077));
#1653=EDGE_LOOP('',(#8078,#8079,#8080,#8081));
#1654=EDGE_LOOP('',(#8082,#8083,#8084));
#1655=EDGE_LOOP('',(#8085,#8086,#8087));
#1656=EDGE_LOOP('',(#8088,#8089,#8090,#8091));
#1657=EDGE_LOOP('',(#8092));
#1658=EDGE_LOOP('',(#8093));
#1659=EDGE_LOOP('',(#8094,#8095,#8096,#8097));
#1660=EDGE_LOOP('',(#8098));
#1661=EDGE_LOOP('',(#8099));
#1662=EDGE_LOOP('',(#8100,#8101,#8102,#8103));
#1663=EDGE_LOOP('',(#8104,#8105,#8106,#8107));
#1664=EDGE_LOOP('',(#8108,#8109,#8110,#8111));
#1665=EDGE_LOOP('',(#8112,#8113,#8114));
#1666=EDGE_LOOP('',(#8115,#8116,#8117));
#1667=EDGE_LOOP('',(#8118,#8119,#8120,#8121));
#1668=EDGE_LOOP('',(#8122));
#1669=EDGE_LOOP('',(#8123));
#1670=EDGE_LOOP('',(#8124,#8125,#8126,#8127));
#1671=EDGE_LOOP('',(#8128));
#1672=EDGE_LOOP('',(#8129));
#1673=EDGE_LOOP('',(#8130,#8131,#8132,#8133));
#1674=EDGE_LOOP('',(#8134,#8135,#8136,#8137));
#1675=EDGE_LOOP('',(#8138,#8139,#8140,#8141));
#1676=EDGE_LOOP('',(#8142,#8143,#8144));
#1677=EDGE_LOOP('',(#8145,#8146,#8147));
#1678=EDGE_LOOP('',(#8148,#8149,#8150,#8151));
#1679=EDGE_LOOP('',(#8152));
#1680=EDGE_LOOP('',(#8153));
#1681=EDGE_LOOP('',(#8154,#8155,#8156,#8157));
#1682=EDGE_LOOP('',(#8158));
#1683=EDGE_LOOP('',(#8159));
#1684=EDGE_LOOP('',(#8160,#8161,#8162,#8163));
#1685=EDGE_LOOP('',(#8164,#8165,#8166,#8167));
#1686=EDGE_LOOP('',(#8168,#8169,#8170,#8171));
#1687=EDGE_LOOP('',(#8172,#8173,#8174));
#1688=EDGE_LOOP('',(#8175,#8176,#8177,#8178));
#1689=EDGE_LOOP('',(#8179,#8180,#8181,#8182));
#1690=EDGE_LOOP('',(#8183,#8184,#8185,#8186));
#1691=EDGE_LOOP('',(#8187,#8188,#8189,#8190));
#1692=EDGE_LOOP('',(#8191,#8192,#8193,#8194));
#1693=EDGE_LOOP('',(#8195,#8196,#8197,#8198));
#1694=EDGE_LOOP('',(#8199,#8200,#8201,#8202));
#1695=EDGE_LOOP('',(#8203,#8204,#8205,#8206,#8207,#8208,#8209,#8210,#8211,
#8212,#8213,#8214,#8215,#8216,#8217,#8218,#8219,#8220,#8221,#8222,#8223,
#8224,#8225,#8226,#8227,#8228,#8229,#8230,#8231,#8232,#8233,#8234,#8235,
#8236,#8237,#8238,#8239,#8240,#8241,#8242,#8243,#8244,#8245,#8246,#8247,
#8248,#8249,#8250,#8251,#8252,#8253,#8254,#8255,#8256,#8257,#8258,#8259,
#8260,#8261,#8262,#8263,#8264,#8265,#8266,#8267,#8268,#8269,#8270));
#1696=EDGE_LOOP('',(#8271));
#1697=EDGE_LOOP('',(#8272));
#1698=EDGE_LOOP('',(#8273));
#1699=EDGE_LOOP('',(#8274));
#1700=EDGE_LOOP('',(#8275));
#1701=EDGE_LOOP('',(#8276));
#1702=EDGE_LOOP('',(#8277));
#1703=EDGE_LOOP('',(#8278));
#1704=EDGE_LOOP('',(#8279));
#1705=EDGE_LOOP('',(#8280));
#1706=EDGE_LOOP('',(#8281,#8282,#8283,#8284));
#1707=EDGE_LOOP('',(#8285));
#1708=EDGE_LOOP('',(#8286));
#1709=EDGE_LOOP('',(#8287,#8288,#8289,#8290));
#1710=EDGE_LOOP('',(#8291));
#1711=EDGE_LOOP('',(#8292));
#1712=EDGE_LOOP('',(#8293,#8294,#8295,#8296));
#1713=EDGE_LOOP('',(#8297));
#1714=EDGE_LOOP('',(#8298));
#1715=EDGE_LOOP('',(#8299,#8300,#8301,#8302));
#1716=EDGE_LOOP('',(#8303));
#1717=EDGE_LOOP('',(#8304));
#1718=EDGE_LOOP('',(#8305,#8306,#8307,#8308));
#1719=EDGE_LOOP('',(#8309));
#1720=EDGE_LOOP('',(#8310));
#1721=EDGE_LOOP('',(#8311,#8312,#8313,#8314));
#1722=EDGE_LOOP('',(#8315));
#1723=EDGE_LOOP('',(#8316));
#1724=EDGE_LOOP('',(#8317,#8318,#8319,#8320));
#1725=EDGE_LOOP('',(#8321,#8322,#8323,#8324,#8325,#8326,#8327,#8328,#8329,
#8330,#8331,#8332,#8333,#8334,#8335,#8336,#8337,#8338,#8339,#8340,#8341,
#8342,#8343,#8344,#8345,#8346,#8347,#8348,#8349,#8350,#8351,#8352,#8353,
#8354,#8355,#8356,#8357,#8358,#8359,#8360,#8361,#8362,#8363,#8364,#8365,
#8366,#8367,#8368,#8369,#8370,#8371,#8372,#8373,#8374,#8375,#8376,#8377,
#8378,#8379,#8380,#8381,#8382,#8383,#8384,#8385,#8386,#8387,#8388));
#1726=EDGE_LOOP('',(#8389));
#1727=EDGE_LOOP('',(#8390));
#1728=EDGE_LOOP('',(#8391));
#1729=EDGE_LOOP('',(#8392));
#1730=EDGE_LOOP('',(#8393));
#1731=EDGE_LOOP('',(#8394));
#1732=EDGE_LOOP('',(#8395));
#1733=EDGE_LOOP('',(#8396));
#1734=EDGE_LOOP('',(#8397,#8398,#8399,#8400));
#1735=EDGE_LOOP('',(#8401,#8402,#8403,#8404));
#1736=EDGE_LOOP('',(#8405,#8406,#8407,#8408));
#1737=EDGE_LOOP('',(#8409,#8410,#8411,#8412));
#1738=EDGE_LOOP('',(#8413,#8414,#8415,#8416));
#1739=EDGE_LOOP('',(#8417,#8418,#8419,#8420));
#1740=EDGE_LOOP('',(#8421,#8422,#8423,#8424));
#1741=EDGE_LOOP('',(#8425,#8426,#8427,#8428));
#1742=EDGE_LOOP('',(#8429,#8430,#8431,#8432));
#1743=EDGE_LOOP('',(#8433,#8434,#8435,#8436));
#1744=EDGE_LOOP('',(#8437,#8438,#8439,#8440));
#1745=EDGE_LOOP('',(#8441,#8442,#8443,#8444));
#1746=EDGE_LOOP('',(#8445,#8446,#8447,#8448));
#1747=EDGE_LOOP('',(#8449,#8450,#8451,#8452));
#1748=EDGE_LOOP('',(#8453,#8454,#8455,#8456));
#1749=EDGE_LOOP('',(#8457,#8458,#8459,#8460));
#1750=EDGE_LOOP('',(#8461,#8462,#8463,#8464));
#1751=EDGE_LOOP('',(#8465,#8466,#8467,#8468));
#1752=EDGE_LOOP('',(#8469,#8470,#8471,#8472));
#1753=EDGE_LOOP('',(#8473,#8474,#8475,#8476));
#1754=EDGE_LOOP('',(#8477,#8478,#8479,#8480));
#1755=EDGE_LOOP('',(#8481,#8482,#8483,#8484));
#1756=EDGE_LOOP('',(#8485,#8486,#8487,#8488));
#1757=EDGE_LOOP('',(#8489,#8490,#8491,#8492));
#1758=EDGE_LOOP('',(#8493,#8494,#8495,#8496));
#1759=EDGE_LOOP('',(#8497,#8498,#8499,#8500));
#1760=EDGE_LOOP('',(#8501,#8502,#8503,#8504));
#1761=EDGE_LOOP('',(#8505,#8506,#8507,#8508));
#1762=EDGE_LOOP('',(#8509,#8510,#8511,#8512));
#1763=EDGE_LOOP('',(#8513,#8514,#8515,#8516));
#1764=EDGE_LOOP('',(#8517,#8518,#8519,#8520));
#1765=EDGE_LOOP('',(#8521,#8522,#8523,#8524));
#1766=EDGE_LOOP('',(#8525,#8526,#8527,#8528));
#1767=EDGE_LOOP('',(#8529,#8530,#8531,#8532));
#1768=EDGE_LOOP('',(#8533,#8534,#8535,#8536));
#1769=EDGE_LOOP('',(#8537,#8538,#8539,#8540));
#1770=EDGE_LOOP('',(#8541,#8542,#8543,#8544));
#1771=EDGE_LOOP('',(#8545,#8546,#8547,#8548));
#1772=EDGE_LOOP('',(#8549,#8550,#8551,#8552));
#1773=EDGE_LOOP('',(#8553,#8554,#8555,#8556));
#1774=EDGE_LOOP('',(#8557,#8558,#8559,#8560));
#1775=EDGE_LOOP('',(#8561,#8562,#8563,#8564));
#1776=EDGE_LOOP('',(#8565,#8566,#8567,#8568));
#1777=EDGE_LOOP('',(#8569,#8570,#8571,#8572));
#1778=EDGE_LOOP('',(#8573,#8574,#8575,#8576));
#1779=EDGE_LOOP('',(#8577,#8578,#8579,#8580));
#1780=EDGE_LOOP('',(#8581,#8582,#8583,#8584));
#1781=EDGE_LOOP('',(#8585,#8586,#8587,#8588));
#1782=EDGE_LOOP('',(#8589,#8590,#8591,#8592));
#1783=EDGE_LOOP('',(#8593,#8594,#8595,#8596));
#1784=EDGE_LOOP('',(#8597,#8598,#8599,#8600));
#1785=EDGE_LOOP('',(#8601,#8602,#8603,#8604));
#1786=EDGE_LOOP('',(#8605,#8606,#8607,#8608));
#1787=EDGE_LOOP('',(#8609,#8610,#8611,#8612));
#1788=EDGE_LOOP('',(#8613,#8614,#8615,#8616));
#1789=EDGE_LOOP('',(#8617,#8618,#8619,#8620));
#1790=EDGE_LOOP('',(#8621,#8622,#8623,#8624));
#1791=EDGE_LOOP('',(#8625,#8626,#8627,#8628));
#1792=EDGE_LOOP('',(#8629,#8630,#8631,#8632));
#1793=EDGE_LOOP('',(#8633,#8634,#8635,#8636));
#1794=EDGE_LOOP('',(#8637,#8638,#8639,#8640));
#1795=EDGE_LOOP('',(#8641,#8642,#8643,#8644));
#1796=EDGE_LOOP('',(#8645,#8646,#8647,#8648));
#1797=EDGE_LOOP('',(#8649,#8650,#8651,#8652));
#1798=EDGE_LOOP('',(#8653,#8654,#8655,#8656));
#1799=EDGE_LOOP('',(#8657,#8658,#8659,#8660));
#1800=EDGE_LOOP('',(#8661,#8662,#8663,#8664));
#1801=EDGE_LOOP('',(#8665,#8666,#8667,#8668));
#1802=EDGE_LOOP('',(#8669,#8670,#8671,#8672));
#1803=EDGE_LOOP('',(#8673,#8674,#8675,#8676));
#1804=EDGE_LOOP('',(#8677));
#1805=EDGE_LOOP('',(#8678));
#1806=EDGE_LOOP('',(#8679,#8680,#8681));
#1807=EDGE_LOOP('',(#8682,#8683,#8684,#8685));
#1808=EDGE_LOOP('',(#8686));
#1809=EDGE_LOOP('',(#8687));
#1810=EDGE_LOOP('',(#8688,#8689,#8690,#8691));
#1811=EDGE_LOOP('',(#8692));
#1812=EDGE_LOOP('',(#8693));
#1813=EDGE_LOOP('',(#8694,#8695,#8696,#8697));
#1814=EDGE_LOOP('',(#8698,#8699,#8700,#8701));
#1815=EDGE_LOOP('',(#8702,#8703,#8704,#8705));
#1816=EDGE_LOOP('',(#8706,#8707,#8708));
#1817=EDGE_LOOP('',(#8709,#8710,#8711));
#1818=EDGE_LOOP('',(#8712,#8713,#8714,#8715));
#1819=EDGE_LOOP('',(#8716));
#1820=EDGE_LOOP('',(#8717));
#1821=EDGE_LOOP('',(#8718,#8719,#8720,#8721));
#1822=EDGE_LOOP('',(#8722));
#1823=EDGE_LOOP('',(#8723));
#1824=EDGE_LOOP('',(#8724,#8725,#8726,#8727));
#1825=EDGE_LOOP('',(#8728,#8729,#8730,#8731));
#1826=EDGE_LOOP('',(#8732,#8733,#8734,#8735));
#1827=EDGE_LOOP('',(#8736,#8737,#8738));
#1828=EDGE_LOOP('',(#8739,#8740,#8741));
#1829=EDGE_LOOP('',(#8742,#8743,#8744,#8745));
#1830=EDGE_LOOP('',(#8746));
#1831=EDGE_LOOP('',(#8747));
#1832=EDGE_LOOP('',(#8748,#8749,#8750,#8751));
#1833=EDGE_LOOP('',(#8752));
#1834=EDGE_LOOP('',(#8753));
#1835=EDGE_LOOP('',(#8754,#8755,#8756,#8757));
#1836=EDGE_LOOP('',(#8758,#8759,#8760,#8761));
#1837=EDGE_LOOP('',(#8762,#8763,#8764,#8765));
#1838=EDGE_LOOP('',(#8766,#8767,#8768));
#1839=EDGE_LOOP('',(#8769,#8770,#8771,#8772));
#1840=EDGE_LOOP('',(#8773,#8774,#8775,#8776));
#1841=EDGE_LOOP('',(#8777,#8778,#8779,#8780));
#1842=EDGE_LOOP('',(#8781,#8782,#8783,#8784));
#1843=EDGE_LOOP('',(#8785,#8786,#8787,#8788));
#1844=EDGE_LOOP('',(#8789,#8790,#8791,#8792));
#1845=EDGE_LOOP('',(#8793,#8794,#8795,#8796));
#1846=EDGE_LOOP('',(#8797,#8798,#8799,#8800));
#1847=EDGE_LOOP('',(#8801,#8802,#8803,#8804));
#1848=EDGE_LOOP('',(#8805,#8806,#8807,#8808));
#1849=EDGE_LOOP('',(#8809,#8810,#8811,#8812));
#1850=EDGE_LOOP('',(#8813,#8814,#8815,#8816));
#1851=EDGE_LOOP('',(#8817,#8818,#8819,#8820));
#1852=EDGE_LOOP('',(#8821));
#1853=EDGE_LOOP('',(#8822,#8823,#8824,#8825));
#1854=EDGE_LOOP('',(#8826));
#1855=EDGE_LOOP('',(#8827,#8828,#8829,#8830));
#1856=EDGE_LOOP('',(#8831));
#1857=EDGE_LOOP('',(#8832,#8833,#8834,#8835));
#1858=EDGE_LOOP('',(#8836));
#1859=EDGE_LOOP('',(#8837,#8838,#8839,#8840));
#1860=EDGE_LOOP('',(#8841,#8842,#8843,#8844));
#1861=EDGE_LOOP('',(#8845,#8846,#8847,#8848));
#1862=EDGE_LOOP('',(#8849,#8850,#8851,#8852));
#1863=EDGE_LOOP('',(#8853,#8854,#8855,#8856));
#1864=EDGE_LOOP('',(#8857));
#1865=EDGE_LOOP('',(#8858,#8859,#8860,#8861));
#1866=EDGE_LOOP('',(#8862));
#1867=EDGE_LOOP('',(#8863,#8864,#8865,#8866));
#1868=EDGE_LOOP('',(#8867,#8868,#8869,#8870));
#1869=EDGE_LOOP('',(#8871,#8872,#8873,#8874));
#1870=EDGE_LOOP('',(#8875,#8876,#8877,#8878));
#1871=EDGE_LOOP('',(#8879));
#1872=EDGE_LOOP('',(#8880,#8881,#8882,#8883));
#1873=EDGE_LOOP('',(#8884));
#1874=EDGE_LOOP('',(#8885,#8886,#8887,#8888,#8889,#8890,#8891,#8892,#8893,
#8894,#8895,#8896));
#1875=EDGE_LOOP('',(#8897,#8898,#8899,#8900));
#1876=EDGE_LOOP('',(#8901,#8902,#8903,#8904));
#1877=EDGE_LOOP('',(#8905,#8906,#8907,#8908));
#1878=EDGE_LOOP('',(#8909,#8910,#8911,#8912));
#1879=EDGE_LOOP('',(#8913,#8914,#8915,#8916));
#1880=EDGE_LOOP('',(#8917,#8918,#8919,#8920));
#1881=EDGE_LOOP('',(#8921));
#1882=EDGE_LOOP('',(#8922,#8923,#8924,#8925));
#1883=EDGE_LOOP('',(#8926));
#1884=EDGE_LOOP('',(#8927,#8928,#8929,#8930));
#1885=EDGE_LOOP('',(#8931,#8932,#8933,#8934));
#1886=EDGE_LOOP('',(#8935,#8936,#8937,#8938));
#1887=EDGE_LOOP('',(#8939,#8940,#8941,#8942));
#1888=EDGE_LOOP('',(#8943));
#1889=EDGE_LOOP('',(#8944,#8945,#8946,#8947));
#1890=EDGE_LOOP('',(#8948));
#1891=EDGE_LOOP('',(#8949,#8950,#8951,#8952,#8953,#8954,#8955,#8956,#8957,
#8958));
#1892=EDGE_LOOP('',(#8959,#8960,#8961,#8962));
#1893=EDGE_LOOP('',(#8963,#8964,#8965,#8966));
#1894=EDGE_LOOP('',(#8967,#8968,#8969,#8970,#8971,#8972,#8973,#8974));
#1895=EDGE_LOOP('',(#8975,#8976,#8977,#8978));
#1896=EDGE_LOOP('',(#8979,#8980,#8981,#8982,#8983,#8984,#8985,#8986,#8987,
#8988));
#1897=EDGE_LOOP('',(#8989,#8990,#8991,#8992,#8993,#8994,#8995,#8996,#8997,
#8998));
#1898=EDGE_LOOP('',(#8999,#9000,#9001,#9002));
#1899=EDGE_LOOP('',(#9003,#9004,#9005,#9006));
#1900=EDGE_LOOP('',(#9007,#9008,#9009,#9010));
#1901=EDGE_LOOP('',(#9011,#9012,#9013,#9014));
#1902=EDGE_LOOP('',(#9015,#9016,#9017,#9018));
#1903=EDGE_LOOP('',(#9019,#9020,#9021,#9022,#9023,#9024));
#1904=EDGE_LOOP('',(#9025,#9026,#9027,#9028));
#1905=EDGE_LOOP('',(#9029,#9030,#9031,#9032));
#1906=EDGE_LOOP('',(#9033,#9034,#9035,#9036));
#1907=EDGE_LOOP('',(#9037,#9038,#9039,#9040));
#1908=EDGE_LOOP('',(#9041,#9042,#9043,#9044));
#1909=EDGE_LOOP('',(#9045));
#1910=EDGE_LOOP('',(#9046));
#1911=EDGE_LOOP('',(#9047));
#1912=EDGE_LOOP('',(#9048));
#1913=EDGE_LOOP('',(#9049,#9050,#9051,#9052));
#1914=EDGE_LOOP('',(#9053,#9054,#9055,#9056));
#1915=EDGE_LOOP('',(#9057,#9058,#9059,#9060));
#1916=EDGE_LOOP('',(#9061,#9062,#9063,#9064));
#1917=EDGE_LOOP('',(#9065,#9066,#9067,#9068));
#1918=EDGE_LOOP('',(#9069,#9070,#9071,#9072));
#1919=EDGE_LOOP('',(#9073,#9074,#9075,#9076));
#1920=EDGE_LOOP('',(#9077,#9078,#9079,#9080));
#1921=EDGE_LOOP('',(#9081,#9082,#9083,#9084));
#1922=EDGE_LOOP('',(#9085,#9086,#9087,#9088));
#1923=EDGE_LOOP('',(#9089,#9090,#9091,#9092));
#1924=EDGE_LOOP('',(#9093,#9094,#9095,#9096));
#1925=EDGE_LOOP('',(#9097,#9098,#9099,#9100));
#1926=EDGE_LOOP('',(#9101,#9102,#9103,#9104));
#1927=EDGE_LOOP('',(#9105,#9106,#9107,#9108));
#1928=EDGE_LOOP('',(#9109,#9110,#9111,#9112));
#1929=EDGE_LOOP('',(#9113,#9114,#9115,#9116));
#1930=EDGE_LOOP('',(#9117,#9118,#9119,#9120));
#1931=EDGE_LOOP('',(#9121,#9122,#9123,#9124));
#1932=EDGE_LOOP('',(#9125,#9126,#9127,#9128));
#1933=EDGE_LOOP('',(#9129,#9130,#9131,#9132));
#1934=EDGE_LOOP('',(#9133,#9134,#9135,#9136));
#1935=EDGE_LOOP('',(#9137));
#1936=EDGE_LOOP('',(#9138));
#1937=EDGE_LOOP('',(#9139));
#1938=EDGE_LOOP('',(#9140));
#1939=EDGE_LOOP('',(#9141,#9142,#9143,#9144));
#1940=EDGE_LOOP('',(#9145,#9146,#9147,#9148));
#1941=EDGE_LOOP('',(#9149));
#1942=EDGE_LOOP('',(#9150));
#1943=EDGE_LOOP('',(#9151));
#1944=EDGE_LOOP('',(#9152));
#1945=EDGE_LOOP('',(#9153,#9154,#9155,#9156));
#1946=EDGE_LOOP('',(#9157,#9158,#9159,#9160));
#1947=EDGE_LOOP('',(#9161,#9162,#9163,#9164));
#1948=EDGE_LOOP('',(#9165,#9166,#9167,#9168));
#1949=EDGE_LOOP('',(#9169,#9170,#9171,#9172));
#1950=EDGE_LOOP('',(#9173,#9174,#9175,#9176));
#1951=EDGE_LOOP('',(#9177,#9178,#9179,#9180));
#1952=EDGE_LOOP('',(#9181,#9182,#9183,#9184));
#1953=EDGE_LOOP('',(#9185,#9186,#9187,#9188));
#1954=EDGE_LOOP('',(#9189,#9190,#9191,#9192));
#1955=EDGE_LOOP('',(#9193,#9194,#9195,#9196));
#1956=EDGE_LOOP('',(#9197,#9198,#9199,#9200));
#1957=LINE('',#13804,#3053);
#1958=LINE('',#13824,#3054);
#1959=LINE('',#13828,#3055);
#1960=LINE('',#13832,#3056);
#1961=LINE('',#13851,#3057);
#1962=LINE('',#13853,#3058);
#1963=LINE('',#13855,#3059);
#1964=LINE('',#13856,#3060);
#1965=LINE('',#13860,#3061);
#1966=LINE('',#13862,#3062);
#1967=LINE('',#13864,#3063);
#1968=LINE('',#13866,#3064);
#1969=LINE('',#13867,#3065);
#1970=LINE('',#13869,#3066);
#1971=LINE('',#13870,#3067);
#1972=LINE('',#13873,#3068);
#1973=LINE('',#13875,#3069);
#1974=LINE('',#13877,#3070);
#1975=LINE('',#13879,#3071);
#1976=LINE('',#13881,#3072);
#1977=LINE('',#13883,#3073);
#1978=LINE('',#13884,#3074);
#1979=LINE('',#13886,#3075);
#1980=LINE('',#13888,#3076);
#1981=LINE('',#13891,#3077);
#1982=LINE('',#13893,#3078);
#1983=LINE('',#13895,#3079);
#1984=LINE('',#13896,#3080);
#1985=LINE('',#13899,#3081);
#1986=LINE('',#13901,#3082);
#1987=LINE('',#13903,#3083);
#1988=LINE('',#13904,#3084);
#1989=LINE('',#13907,#3085);
#1990=LINE('',#13909,#3086);
#1991=LINE('',#13911,#3087);
#1992=LINE('',#13912,#3088);
#1993=LINE('',#13915,#3089);
#1994=LINE('',#13917,#3090);
#1995=LINE('',#13919,#3091);
#1996=LINE('',#13920,#3092);
#1997=LINE('',#13923,#3093);
#1998=LINE('',#13925,#3094);
#1999=LINE('',#13927,#3095);
#2000=LINE('',#13928,#3096);
#2001=LINE('',#13931,#3097);
#2002=LINE('',#13933,#3098);
#2003=LINE('',#13935,#3099);
#2004=LINE('',#13936,#3100);
#2005=LINE('',#13939,#3101);
#2006=LINE('',#13941,#3102);
#2007=LINE('',#13943,#3103);
#2008=LINE('',#13944,#3104);
#2009=LINE('',#13947,#3105);
#2010=LINE('',#13949,#3106);
#2011=LINE('',#13951,#3107);
#2012=LINE('',#13952,#3108);
#2013=LINE('',#13954,#3109);
#2014=LINE('',#13955,#3110);
#2015=LINE('',#13957,#3111);
#2016=LINE('',#13959,#3112);
#2017=LINE('',#13962,#3113);
#2018=LINE('',#13964,#3114);
#2019=LINE('',#13966,#3115);
#2020=LINE('',#13968,#3116);
#2021=LINE('',#13970,#3117);
#2022=LINE('',#13972,#3118);
#2023=LINE('',#13974,#3119);
#2024=LINE('',#13975,#3120);
#2025=LINE('',#13978,#3121);
#2026=LINE('',#13980,#3122);
#2027=LINE('',#13982,#3123);
#2028=LINE('',#13984,#3124);
#2029=LINE('',#13986,#3125);
#2030=LINE('',#13988,#3126);
#2031=LINE('',#13990,#3127);
#2032=LINE('',#13991,#3128);
#2033=LINE('',#13994,#3129);
#2034=LINE('',#13996,#3130);
#2035=LINE('',#13998,#3131);
#2036=LINE('',#14000,#3132);
#2037=LINE('',#14002,#3133);
#2038=LINE('',#14004,#3134);
#2039=LINE('',#14006,#3135);
#2040=LINE('',#14007,#3136);
#2041=LINE('',#14010,#3137);
#2042=LINE('',#14012,#3138);
#2043=LINE('',#14014,#3139);
#2044=LINE('',#14016,#3140);
#2045=LINE('',#14018,#3141);
#2046=LINE('',#14020,#3142);
#2047=LINE('',#14022,#3143);
#2048=LINE('',#14023,#3144);
#2049=LINE('',#14026,#3145);
#2050=LINE('',#14028,#3146);
#2051=LINE('',#14030,#3147);
#2052=LINE('',#14032,#3148);
#2053=LINE('',#14034,#3149);
#2054=LINE('',#14036,#3150);
#2055=LINE('',#14038,#3151);
#2056=LINE('',#14039,#3152);
#2057=LINE('',#14042,#3153);
#2058=LINE('',#14044,#3154);
#2059=LINE('',#14046,#3155);
#2060=LINE('',#14048,#3156);
#2061=LINE('',#14050,#3157);
#2062=LINE('',#14052,#3158);
#2063=LINE('',#14054,#3159);
#2064=LINE('',#14055,#3160);
#2065=LINE('',#14058,#3161);
#2066=LINE('',#14060,#3162);
#2067=LINE('',#14062,#3163);
#2068=LINE('',#14064,#3164);
#2069=LINE('',#14066,#3165);
#2070=LINE('',#14068,#3166);
#2071=LINE('',#14070,#3167);
#2072=LINE('',#14071,#3168);
#2073=LINE('',#14074,#3169);
#2074=LINE('',#14076,#3170);
#2075=LINE('',#14078,#3171);
#2076=LINE('',#14080,#3172);
#2077=LINE('',#14082,#3173);
#2078=LINE('',#14084,#3174);
#2079=LINE('',#14086,#3175);
#2080=LINE('',#14087,#3176);
#2081=LINE('',#14092,#3177);
#2082=LINE('',#14094,#3178);
#2083=LINE('',#14095,#3179);
#2084=LINE('',#14098,#3180);
#2085=LINE('',#14099,#3181);
#2086=LINE('',#14102,#3182);
#2087=LINE('',#14103,#3183);
#2088=LINE('',#14105,#3184);
#2089=LINE('',#14108,#3185);
#2090=LINE('',#14110,#3186);
#2091=LINE('',#14111,#3187);
#2092=LINE('',#14114,#3188);
#2093=LINE('',#14115,#3189);
#2094=LINE('',#14118,#3190);
#2095=LINE('',#14119,#3191);
#2096=LINE('',#14121,#3192);
#2097=LINE('',#14124,#3193);
#2098=LINE('',#14126,#3194);
#2099=LINE('',#14127,#3195);
#2100=LINE('',#14130,#3196);
#2101=LINE('',#14131,#3197);
#2102=LINE('',#14134,#3198);
#2103=LINE('',#14135,#3199);
#2104=LINE('',#14137,#3200);
#2105=LINE('',#14140,#3201);
#2106=LINE('',#14142,#3202);
#2107=LINE('',#14143,#3203);
#2108=LINE('',#14146,#3204);
#2109=LINE('',#14147,#3205);
#2110=LINE('',#14150,#3206);
#2111=LINE('',#14151,#3207);
#2112=LINE('',#14153,#3208);
#2113=LINE('',#14156,#3209);
#2114=LINE('',#14158,#3210);
#2115=LINE('',#14159,#3211);
#2116=LINE('',#14162,#3212);
#2117=LINE('',#14163,#3213);
#2118=LINE('',#14166,#3214);
#2119=LINE('',#14167,#3215);
#2120=LINE('',#14169,#3216);
#2121=LINE('',#14172,#3217);
#2122=LINE('',#14174,#3218);
#2123=LINE('',#14175,#3219);
#2124=LINE('',#14178,#3220);
#2125=LINE('',#14179,#3221);
#2126=LINE('',#14182,#3222);
#2127=LINE('',#14183,#3223);
#2128=LINE('',#14185,#3224);
#2129=LINE('',#14188,#3225);
#2130=LINE('',#14190,#3226);
#2131=LINE('',#14191,#3227);
#2132=LINE('',#14194,#3228);
#2133=LINE('',#14195,#3229);
#2134=LINE('',#14198,#3230);
#2135=LINE('',#14199,#3231);
#2136=LINE('',#14201,#3232);
#2137=LINE('',#14204,#3233);
#2138=LINE('',#14206,#3234);
#2139=LINE('',#14207,#3235);
#2140=LINE('',#14210,#3236);
#2141=LINE('',#14211,#3237);
#2142=LINE('',#14214,#3238);
#2143=LINE('',#14215,#3239);
#2144=LINE('',#14217,#3240);
#2145=LINE('',#14219,#3241);
#2146=LINE('',#14222,#3242);
#2147=LINE('',#14224,#3243);
#2148=LINE('',#14226,#3244);
#2149=LINE('',#14228,#3245);
#2150=LINE('',#14229,#3246);
#2151=LINE('',#14231,#3247);
#2152=LINE('',#14234,#3248);
#2153=LINE('',#14236,#3249);
#2154=LINE('',#14238,#3250);
#2155=LINE('',#14240,#3251);
#2156=LINE('',#14241,#3252);
#2157=LINE('',#14243,#3253);
#2158=LINE('',#14246,#3254);
#2159=LINE('',#14248,#3255);
#2160=LINE('',#14250,#3256);
#2161=LINE('',#14252,#3257);
#2162=LINE('',#14253,#3258);
#2163=LINE('',#14255,#3259);
#2164=LINE('',#14258,#3260);
#2165=LINE('',#14260,#3261);
#2166=LINE('',#14262,#3262);
#2167=LINE('',#14264,#3263);
#2168=LINE('',#14265,#3264);
#2169=LINE('',#14267,#3265);
#2170=LINE('',#14270,#3266);
#2171=LINE('',#14272,#3267);
#2172=LINE('',#14274,#3268);
#2173=LINE('',#14276,#3269);
#2174=LINE('',#14277,#3270);
#2175=LINE('',#14279,#3271);
#2176=LINE('',#14282,#3272);
#2177=LINE('',#14284,#3273);
#2178=LINE('',#14286,#3274);
#2179=LINE('',#14288,#3275);
#2180=LINE('',#14289,#3276);
#2181=LINE('',#14291,#3277);
#2182=LINE('',#14294,#3278);
#2183=LINE('',#14296,#3279);
#2184=LINE('',#14298,#3280);
#2185=LINE('',#14300,#3281);
#2186=LINE('',#14301,#3282);
#2187=LINE('',#14303,#3283);
#2188=LINE('',#14306,#3284);
#2189=LINE('',#14308,#3285);
#2190=LINE('',#14310,#3286);
#2191=LINE('',#14312,#3287);
#2192=LINE('',#14313,#3288);
#2193=LINE('',#14315,#3289);
#2194=LINE('',#14318,#3290);
#2195=LINE('',#14320,#3291);
#2196=LINE('',#14322,#3292);
#2197=LINE('',#14324,#3293);
#2198=LINE('',#14325,#3294);
#2199=LINE('',#14327,#3295);
#2200=LINE('',#14330,#3296);
#2201=LINE('',#14332,#3297);
#2202=LINE('',#14334,#3298);
#2203=LINE('',#14336,#3299);
#2204=LINE('',#14337,#3300);
#2205=LINE('',#14339,#3301);
#2206=LINE('',#14342,#3302);
#2207=LINE('',#14344,#3303);
#2208=LINE('',#14346,#3304);
#2209=LINE('',#14348,#3305);
#2210=LINE('',#14349,#3306);
#2211=LINE('',#14351,#3307);
#2212=LINE('',#14354,#3308);
#2213=LINE('',#14356,#3309);
#2214=LINE('',#14358,#3310);
#2215=LINE('',#14360,#3311);
#2216=LINE('',#14361,#3312);
#2217=LINE('',#14363,#3313);
#2218=LINE('',#14366,#3314);
#2219=LINE('',#14368,#3315);
#2220=LINE('',#14370,#3316);
#2221=LINE('',#14372,#3317);
#2222=LINE('',#14373,#3318);
#2223=LINE('',#14375,#3319);
#2224=LINE('',#14378,#3320);
#2225=LINE('',#14380,#3321);
#2226=LINE('',#14382,#3322);
#2227=LINE('',#14384,#3323);
#2228=LINE('',#14385,#3324);
#2229=LINE('',#14387,#3325);
#2230=LINE('',#14390,#3326);
#2231=LINE('',#14392,#3327);
#2232=LINE('',#14394,#3328);
#2233=LINE('',#14396,#3329);
#2234=LINE('',#14397,#3330);
#2235=LINE('',#14399,#3331);
#2236=LINE('',#14402,#3332);
#2237=LINE('',#14404,#3333);
#2238=LINE('',#14406,#3334);
#2239=LINE('',#14408,#3335);
#2240=LINE('',#14409,#3336);
#2241=LINE('',#14412,#3337);
#2242=LINE('',#14414,#3338);
#2243=LINE('',#14415,#3339);
#2244=LINE('',#14418,#3340);
#2245=LINE('',#14420,#3341);
#2246=LINE('',#14422,#3342);
#2247=LINE('',#14424,#3343);
#2248=LINE('',#14426,#3344);
#2249=LINE('',#14427,#3345);
#2250=LINE('',#14430,#3346);
#2251=LINE('',#14431,#3347);
#2252=LINE('',#14434,#3348);
#2253=LINE('',#14436,#3349);
#2254=LINE('',#14438,#3350);
#2255=LINE('',#14440,#3351);
#2256=LINE('',#14441,#3352);
#2257=LINE('',#14444,#3353);
#2258=LINE('',#14446,#3354);
#2259=LINE('',#14447,#3355);
#2260=LINE('',#14450,#3356);
#2261=LINE('',#14452,#3357);
#2262=LINE('',#14454,#3358);
#2263=LINE('',#14456,#3359);
#2264=LINE('',#14458,#3360);
#2265=LINE('',#14459,#3361);
#2266=LINE('',#14462,#3362);
#2267=LINE('',#14463,#3363);
#2268=LINE('',#14466,#3364);
#2269=LINE('',#14468,#3365);
#2270=LINE('',#14470,#3366);
#2271=LINE('',#14472,#3367);
#2272=LINE('',#14473,#3368);
#2273=LINE('',#14476,#3369);
#2274=LINE('',#14478,#3370);
#2275=LINE('',#14479,#3371);
#2276=LINE('',#14482,#3372);
#2277=LINE('',#14484,#3373);
#2278=LINE('',#14486,#3374);
#2279=LINE('',#14488,#3375);
#2280=LINE('',#14490,#3376);
#2281=LINE('',#14491,#3377);
#2282=LINE('',#14494,#3378);
#2283=LINE('',#14495,#3379);
#2284=LINE('',#14498,#3380);
#2285=LINE('',#14500,#3381);
#2286=LINE('',#14502,#3382);
#2287=LINE('',#14504,#3383);
#2288=LINE('',#14505,#3384);
#2289=LINE('',#14508,#3385);
#2290=LINE('',#14510,#3386);
#2291=LINE('',#14511,#3387);
#2292=LINE('',#14514,#3388);
#2293=LINE('',#14516,#3389);
#2294=LINE('',#14518,#3390);
#2295=LINE('',#14520,#3391);
#2296=LINE('',#14522,#3392);
#2297=LINE('',#14523,#3393);
#2298=LINE('',#14526,#3394);
#2299=LINE('',#14527,#3395);
#2300=LINE('',#14530,#3396);
#2301=LINE('',#14532,#3397);
#2302=LINE('',#14534,#3398);
#2303=LINE('',#14536,#3399);
#2304=LINE('',#14537,#3400);
#2305=LINE('',#14540,#3401);
#2306=LINE('',#14542,#3402);
#2307=LINE('',#14543,#3403);
#2308=LINE('',#14546,#3404);
#2309=LINE('',#14548,#3405);
#2310=LINE('',#14550,#3406);
#2311=LINE('',#14552,#3407);
#2312=LINE('',#14554,#3408);
#2313=LINE('',#14555,#3409);
#2314=LINE('',#14558,#3410);
#2315=LINE('',#14559,#3411);
#2316=LINE('',#14562,#3412);
#2317=LINE('',#14564,#3413);
#2318=LINE('',#14566,#3414);
#2319=LINE('',#14568,#3415);
#2320=LINE('',#14569,#3416);
#2321=LINE('',#14572,#3417);
#2322=LINE('',#14574,#3418);
#2323=LINE('',#14575,#3419);
#2324=LINE('',#14578,#3420);
#2325=LINE('',#14580,#3421);
#2326=LINE('',#14582,#3422);
#2327=LINE('',#14584,#3423);
#2328=LINE('',#14586,#3424);
#2329=LINE('',#14587,#3425);
#2330=LINE('',#14590,#3426);
#2331=LINE('',#14591,#3427);
#2332=LINE('',#14594,#3428);
#2333=LINE('',#14596,#3429);
#2334=LINE('',#14598,#3430);
#2335=LINE('',#14600,#3431);
#2336=LINE('',#14601,#3432);
#2337=LINE('',#14604,#3433);
#2338=LINE('',#14606,#3434);
#2339=LINE('',#14607,#3435);
#2340=LINE('',#14610,#3436);
#2341=LINE('',#14612,#3437);
#2342=LINE('',#14614,#3438);
#2343=LINE('',#14616,#3439);
#2344=LINE('',#14618,#3440);
#2345=LINE('',#14619,#3441);
#2346=LINE('',#14622,#3442);
#2347=LINE('',#14623,#3443);
#2348=LINE('',#14626,#3444);
#2349=LINE('',#14628,#3445);
#2350=LINE('',#14630,#3446);
#2351=LINE('',#14632,#3447);
#2352=LINE('',#14633,#3448);
#2353=LINE('',#14636,#3449);
#2354=LINE('',#14638,#3450);
#2355=LINE('',#14639,#3451);
#2356=LINE('',#14642,#3452);
#2357=LINE('',#14644,#3453);
#2358=LINE('',#14646,#3454);
#2359=LINE('',#14648,#3455);
#2360=LINE('',#14650,#3456);
#2361=LINE('',#14651,#3457);
#2362=LINE('',#14654,#3458);
#2363=LINE('',#14655,#3459);
#2364=LINE('',#14658,#3460);
#2365=LINE('',#14660,#3461);
#2366=LINE('',#14662,#3462);
#2367=LINE('',#14664,#3463);
#2368=LINE('',#14665,#3464);
#2369=LINE('',#14667,#3465);
#2370=LINE('',#14669,#3466);
#2371=LINE('',#14671,#3467);
#2372=LINE('',#14673,#3468);
#2373=LINE('',#14676,#3469);
#2374=LINE('',#14678,#3470);
#2375=LINE('',#14680,#3471);
#2376=LINE('',#14682,#3472);
#2377=LINE('',#14685,#3473);
#2378=LINE('',#14687,#3474);
#2379=LINE('',#14689,#3475);
#2380=LINE('',#14691,#3476);
#2381=LINE('',#14694,#3477);
#2382=LINE('',#14696,#3478);
#2383=LINE('',#14698,#3479);
#2384=LINE('',#14700,#3480);
#2385=LINE('',#14703,#3481);
#2386=LINE('',#14705,#3482);
#2387=LINE('',#14707,#3483);
#2388=LINE('',#14709,#3484);
#2389=LINE('',#14712,#3485);
#2390=LINE('',#14714,#3486);
#2391=LINE('',#14716,#3487);
#2392=LINE('',#14718,#3488);
#2393=LINE('',#14721,#3489);
#2394=LINE('',#14723,#3490);
#2395=LINE('',#14725,#3491);
#2396=LINE('',#14727,#3492);
#2397=LINE('',#14730,#3493);
#2398=LINE('',#14732,#3494);
#2399=LINE('',#14734,#3495);
#2400=LINE('',#14736,#3496);
#2401=LINE('',#14739,#3497);
#2402=LINE('',#14741,#3498);
#2403=LINE('',#14744,#3499);
#2404=LINE('',#14746,#3500);
#2405=LINE('',#14748,#3501);
#2406=LINE('',#14750,#3502);
#2407=LINE('',#14751,#3503);
#2408=LINE('',#14754,#3504);
#2409=LINE('',#14755,#3505);
#2410=LINE('',#14758,#3506);
#2411=LINE('',#14760,#3507);
#2412=LINE('',#14762,#3508);
#2413=LINE('',#14763,#3509);
#2414=LINE('',#14765,#3510);
#2415=LINE('',#14767,#3511);
#2416=LINE('',#14769,#3512);
#2417=LINE('',#14772,#3513);
#2418=LINE('',#14774,#3514);
#2419=LINE('',#14776,#3515);
#2420=LINE('',#14778,#3516);
#2421=LINE('',#14779,#3517);
#2422=LINE('',#14782,#3518);
#2423=LINE('',#14783,#3519);
#2424=LINE('',#14786,#3520);
#2425=LINE('',#14788,#3521);
#2426=LINE('',#14790,#3522);
#2427=LINE('',#14791,#3523);
#2428=LINE('',#14793,#3524);
#2429=LINE('',#14795,#3525);
#2430=LINE('',#14797,#3526);
#2431=LINE('',#14800,#3527);
#2432=LINE('',#14802,#3528);
#2433=LINE('',#14804,#3529);
#2434=LINE('',#14806,#3530);
#2435=LINE('',#14807,#3531);
#2436=LINE('',#14810,#3532);
#2437=LINE('',#14811,#3533);
#2438=LINE('',#14814,#3534);
#2439=LINE('',#14816,#3535);
#2440=LINE('',#14818,#3536);
#2441=LINE('',#14819,#3537);
#2442=LINE('',#14821,#3538);
#2443=LINE('',#14823,#3539);
#2444=LINE('',#14825,#3540);
#2445=LINE('',#14828,#3541);
#2446=LINE('',#14830,#3542);
#2447=LINE('',#14832,#3543);
#2448=LINE('',#14834,#3544);
#2449=LINE('',#14835,#3545);
#2450=LINE('',#14838,#3546);
#2451=LINE('',#14839,#3547);
#2452=LINE('',#14842,#3548);
#2453=LINE('',#14844,#3549);
#2454=LINE('',#14846,#3550);
#2455=LINE('',#14847,#3551);
#2456=LINE('',#14849,#3552);
#2457=LINE('',#14851,#3553);
#2458=LINE('',#14853,#3554);
#2459=LINE('',#14856,#3555);
#2460=LINE('',#14858,#3556);
#2461=LINE('',#14860,#3557);
#2462=LINE('',#14862,#3558);
#2463=LINE('',#14863,#3559);
#2464=LINE('',#14866,#3560);
#2465=LINE('',#14867,#3561);
#2466=LINE('',#14870,#3562);
#2467=LINE('',#14872,#3563);
#2468=LINE('',#14874,#3564);
#2469=LINE('',#14875,#3565);
#2470=LINE('',#14877,#3566);
#2471=LINE('',#14879,#3567);
#2472=LINE('',#14881,#3568);
#2473=LINE('',#14884,#3569);
#2474=LINE('',#14886,#3570);
#2475=LINE('',#14888,#3571);
#2476=LINE('',#14890,#3572);
#2477=LINE('',#14891,#3573);
#2478=LINE('',#14894,#3574);
#2479=LINE('',#14895,#3575);
#2480=LINE('',#14898,#3576);
#2481=LINE('',#14900,#3577);
#2482=LINE('',#14902,#3578);
#2483=LINE('',#14903,#3579);
#2484=LINE('',#14905,#3580);
#2485=LINE('',#14907,#3581);
#2486=LINE('',#14909,#3582);
#2487=LINE('',#14912,#3583);
#2488=LINE('',#14914,#3584);
#2489=LINE('',#14916,#3585);
#2490=LINE('',#14918,#3586);
#2491=LINE('',#14919,#3587);
#2492=LINE('',#14922,#3588);
#2493=LINE('',#14923,#3589);
#2494=LINE('',#14926,#3590);
#2495=LINE('',#14928,#3591);
#2496=LINE('',#14930,#3592);
#2497=LINE('',#14931,#3593);
#2498=LINE('',#14933,#3594);
#2499=LINE('',#14935,#3595);
#2500=LINE('',#14937,#3596);
#2501=LINE('',#14940,#3597);
#2502=LINE('',#14942,#3598);
#2503=LINE('',#14944,#3599);
#2504=LINE('',#14946,#3600);
#2505=LINE('',#14947,#3601);
#2506=LINE('',#14950,#3602);
#2507=LINE('',#14951,#3603);
#2508=LINE('',#14954,#3604);
#2509=LINE('',#14956,#3605);
#2510=LINE('',#14958,#3606);
#2511=LINE('',#14959,#3607);
#2512=LINE('',#14961,#3608);
#2513=LINE('',#14963,#3609);
#2514=LINE('',#14965,#3610);
#2515=LINE('',#14968,#3611);
#2516=LINE('',#14970,#3612);
#2517=LINE('',#14973,#3613);
#2518=LINE('',#14975,#3614);
#2519=LINE('',#14978,#3615);
#2520=LINE('',#14980,#3616);
#2521=LINE('',#14983,#3617);
#2522=LINE('',#14985,#3618);
#2523=LINE('',#14988,#3619);
#2524=LINE('',#14990,#3620);
#2525=LINE('',#14993,#3621);
#2526=LINE('',#14995,#3622);
#2527=LINE('',#14998,#3623);
#2528=LINE('',#15000,#3624);
#2529=LINE('',#15007,#3625);
#2530=LINE('',#15009,#3626);
#2531=LINE('',#15011,#3627);
#2532=LINE('',#15012,#3628);
#2533=LINE('',#15016,#3629);
#2534=LINE('',#15017,#3630);
#2535=LINE('',#15018,#3631);
#2536=LINE('',#15021,#3632);
#2537=LINE('',#15023,#3633);
#2538=LINE('',#15024,#3634);
#2539=LINE('',#15026,#3635);
#2540=LINE('',#15096,#3636);
#2541=LINE('',#15167,#3637);
#2542=LINE('',#15169,#3638);
#2543=LINE('',#15171,#3639);
#2544=LINE('',#15173,#3640);
#2545=LINE('',#15175,#3641);
#2546=LINE('',#15177,#3642);
#2547=LINE('',#15179,#3643);
#2548=LINE('',#15181,#3644);
#2549=LINE('',#15183,#3645);
#2550=LINE('',#15185,#3646);
#2551=LINE('',#15187,#3647);
#2552=LINE('',#15189,#3648);
#2553=LINE('',#15191,#3649);
#2554=LINE('',#15193,#3650);
#2555=LINE('',#15195,#3651);
#2556=LINE('',#15197,#3652);
#2557=LINE('',#15199,#3653);
#2558=LINE('',#15201,#3654);
#2559=LINE('',#15203,#3655);
#2560=LINE('',#15205,#3656);
#2561=LINE('',#15207,#3657);
#2562=LINE('',#15209,#3658);
#2563=LINE('',#15211,#3659);
#2564=LINE('',#15213,#3660);
#2565=LINE('',#15215,#3661);
#2566=LINE('',#15217,#3662);
#2567=LINE('',#15219,#3663);
#2568=LINE('',#15221,#3664);
#2569=LINE('',#15223,#3665);
#2570=LINE('',#15225,#3666);
#2571=LINE('',#15227,#3667);
#2572=LINE('',#15229,#3668);
#2573=LINE('',#15231,#3669);
#2574=LINE('',#15233,#3670);
#2575=LINE('',#15239,#3671);
#2576=LINE('',#15241,#3672);
#2577=LINE('',#15243,#3673);
#2578=LINE('',#15244,#3674);
#2579=LINE('',#15247,#3675);
#2580=LINE('',#15249,#3676);
#2581=LINE('',#15250,#3677);
#2582=LINE('',#15253,#3678);
#2583=LINE('',#15254,#3679);
#2584=LINE('',#15257,#3680);
#2585=LINE('',#15258,#3681);
#2586=LINE('',#15260,#3682);
#2587=LINE('',#15264,#3683);
#2588=LINE('',#15266,#3684);
#2589=LINE('',#15268,#3685);
#2590=LINE('',#15269,#3686);
#2591=LINE('',#15277,#3687);
#2592=LINE('',#15279,#3688);
#2593=LINE('',#15281,#3689);
#2594=LINE('',#15282,#3690);
#2595=LINE('',#15288,#3691);
#2596=LINE('',#15289,#3692);
#2597=LINE('',#15291,#3693);
#2598=LINE('',#15293,#3694);
#2599=LINE('',#15295,#3695);
#2600=LINE('',#15297,#3696);
#2601=LINE('',#15307,#3697);
#2602=LINE('',#15314,#3698);
#2603=LINE('',#15321,#3699);
#2604=LINE('',#15325,#3700);
#2605=LINE('',#15329,#3701);
#2606=LINE('',#15342,#3702);
#2607=LINE('',#15349,#3703);
#2608=LINE('',#15356,#3704);
#2609=LINE('',#15360,#3705);
#2610=LINE('',#15364,#3706);
#2611=LINE('',#15377,#3707);
#2612=LINE('',#15384,#3708);
#2613=LINE('',#15391,#3709);
#2614=LINE('',#15395,#3710);
#2615=LINE('',#15399,#3711);
#2616=LINE('',#15412,#3712);
#2617=LINE('',#15419,#3713);
#2618=LINE('',#15426,#3714);
#2619=LINE('',#15430,#3715);
#2620=LINE('',#15434,#3716);
#2621=LINE('',#15447,#3717);
#2622=LINE('',#15454,#3718);
#2623=LINE('',#15461,#3719);
#2624=LINE('',#15465,#3720);
#2625=LINE('',#15469,#3721);
#2626=LINE('',#15479,#3722);
#2627=LINE('',#15485,#3723);
#2628=LINE('',#15491,#3724);
#2629=LINE('',#15497,#3725);
#2630=LINE('',#15503,#3726);
#2631=LINE('',#15509,#3727);
#2632=LINE('',#15515,#3728);
#2633=LINE('',#15520,#3729);
#2634=LINE('',#15522,#3730);
#2635=LINE('',#15524,#3731);
#2636=LINE('',#15526,#3732);
#2637=LINE('',#15528,#3733);
#2638=LINE('',#15530,#3734);
#2639=LINE('',#15532,#3735);
#2640=LINE('',#15534,#3736);
#2641=LINE('',#15536,#3737);
#2642=LINE('',#15538,#3738);
#2643=LINE('',#15540,#3739);
#2644=LINE('',#15542,#3740);
#2645=LINE('',#15544,#3741);
#2646=LINE('',#15546,#3742);
#2647=LINE('',#15548,#3743);
#2648=LINE('',#15550,#3744);
#2649=LINE('',#15552,#3745);
#2650=LINE('',#15554,#3746);
#2651=LINE('',#15556,#3747);
#2652=LINE('',#15558,#3748);
#2653=LINE('',#15560,#3749);
#2654=LINE('',#15562,#3750);
#2655=LINE('',#15564,#3751);
#2656=LINE('',#15566,#3752);
#2657=LINE('',#15568,#3753);
#2658=LINE('',#15570,#3754);
#2659=LINE('',#15572,#3755);
#2660=LINE('',#15574,#3756);
#2661=LINE('',#15576,#3757);
#2662=LINE('',#15578,#3758);
#2663=LINE('',#15580,#3759);
#2664=LINE('',#15582,#3760);
#2665=LINE('',#15584,#3761);
#2666=LINE('',#15586,#3762);
#2667=LINE('',#15588,#3763);
#2668=LINE('',#15590,#3764);
#2669=LINE('',#15592,#3765);
#2670=LINE('',#15594,#3766);
#2671=LINE('',#15596,#3767);
#2672=LINE('',#15598,#3768);
#2673=LINE('',#15600,#3769);
#2674=LINE('',#15602,#3770);
#2675=LINE('',#15604,#3771);
#2676=LINE('',#15606,#3772);
#2677=LINE('',#15608,#3773);
#2678=LINE('',#15610,#3774);
#2679=LINE('',#15612,#3775);
#2680=LINE('',#15614,#3776);
#2681=LINE('',#15616,#3777);
#2682=LINE('',#15618,#3778);
#2683=LINE('',#15620,#3779);
#2684=LINE('',#15622,#3780);
#2685=LINE('',#15624,#3781);
#2686=LINE('',#15626,#3782);
#2687=LINE('',#15628,#3783);
#2688=LINE('',#15630,#3784);
#2689=LINE('',#15632,#3785);
#2690=LINE('',#15634,#3786);
#2691=LINE('',#15636,#3787);
#2692=LINE('',#15638,#3788);
#2693=LINE('',#15640,#3789);
#2694=LINE('',#15642,#3790);
#2695=LINE('',#15644,#3791);
#2696=LINE('',#15646,#3792);
#2697=LINE('',#15648,#3793);
#2698=LINE('',#15650,#3794);
#2699=LINE('',#15652,#3795);
#2700=LINE('',#15653,#3796);
#2701=LINE('',#15674,#3797);
#2702=LINE('',#15679,#3798);
#2703=LINE('',#15684,#3799);
#2704=LINE('',#15689,#3800);
#2705=LINE('',#15694,#3801);
#2706=LINE('',#15699,#3802);
#2707=LINE('',#15704,#3803);
#2708=LINE('',#15708,#3804);
#2709=LINE('',#15710,#3805);
#2710=LINE('',#15712,#3806);
#2711=LINE('',#15714,#3807);
#2712=LINE('',#15716,#3808);
#2713=LINE('',#15718,#3809);
#2714=LINE('',#15720,#3810);
#2715=LINE('',#15722,#3811);
#2716=LINE('',#15724,#3812);
#2717=LINE('',#15726,#3813);
#2718=LINE('',#15728,#3814);
#2719=LINE('',#15730,#3815);
#2720=LINE('',#15732,#3816);
#2721=LINE('',#15734,#3817);
#2722=LINE('',#15736,#3818);
#2723=LINE('',#15738,#3819);
#2724=LINE('',#15740,#3820);
#2725=LINE('',#15742,#3821);
#2726=LINE('',#15744,#3822);
#2727=LINE('',#15746,#3823);
#2728=LINE('',#15748,#3824);
#2729=LINE('',#15750,#3825);
#2730=LINE('',#15752,#3826);
#2731=LINE('',#15754,#3827);
#2732=LINE('',#15756,#3828);
#2733=LINE('',#15758,#3829);
#2734=LINE('',#15760,#3830);
#2735=LINE('',#15762,#3831);
#2736=LINE('',#15764,#3832);
#2737=LINE('',#15766,#3833);
#2738=LINE('',#15768,#3834);
#2739=LINE('',#15770,#3835);
#2740=LINE('',#15772,#3836);
#2741=LINE('',#15774,#3837);
#2742=LINE('',#15776,#3838);
#2743=LINE('',#15778,#3839);
#2744=LINE('',#15780,#3840);
#2745=LINE('',#15782,#3841);
#2746=LINE('',#15784,#3842);
#2747=LINE('',#15786,#3843);
#2748=LINE('',#15788,#3844);
#2749=LINE('',#15790,#3845);
#2750=LINE('',#15792,#3846);
#2751=LINE('',#15794,#3847);
#2752=LINE('',#15796,#3848);
#2753=LINE('',#15798,#3849);
#2754=LINE('',#15800,#3850);
#2755=LINE('',#15802,#3851);
#2756=LINE('',#15804,#3852);
#2757=LINE('',#15806,#3853);
#2758=LINE('',#15808,#3854);
#2759=LINE('',#15810,#3855);
#2760=LINE('',#15812,#3856);
#2761=LINE('',#15814,#3857);
#2762=LINE('',#15816,#3858);
#2763=LINE('',#15818,#3859);
#2764=LINE('',#15820,#3860);
#2765=LINE('',#15822,#3861);
#2766=LINE('',#15824,#3862);
#2767=LINE('',#15826,#3863);
#2768=LINE('',#15828,#3864);
#2769=LINE('',#15830,#3865);
#2770=LINE('',#15832,#3866);
#2771=LINE('',#15834,#3867);
#2772=LINE('',#15836,#3868);
#2773=LINE('',#15838,#3869);
#2774=LINE('',#15840,#3870);
#2775=LINE('',#15841,#3871);
#2776=LINE('',#15845,#3872);
#2777=LINE('',#15846,#3873);
#2778=LINE('',#15848,#3874);
#2779=LINE('',#15850,#3875);
#2780=LINE('',#15852,#3876);
#2781=LINE('',#15854,#3877);
#2782=LINE('',#15856,#3878);
#2783=LINE('',#15858,#3879);
#2784=LINE('',#15860,#3880);
#2785=LINE('',#15862,#3881);
#2786=LINE('',#15864,#3882);
#2787=LINE('',#15866,#3883);
#2788=LINE('',#15868,#3884);
#2789=LINE('',#15870,#3885);
#2790=LINE('',#15872,#3886);
#2791=LINE('',#15874,#3887);
#2792=LINE('',#15876,#3888);
#2793=LINE('',#15878,#3889);
#2794=LINE('',#15880,#3890);
#2795=LINE('',#15882,#3891);
#2796=LINE('',#15884,#3892);
#2797=LINE('',#15886,#3893);
#2798=LINE('',#15888,#3894);
#2799=LINE('',#15890,#3895);
#2800=LINE('',#15892,#3896);
#2801=LINE('',#15894,#3897);
#2802=LINE('',#15896,#3898);
#2803=LINE('',#15898,#3899);
#2804=LINE('',#15900,#3900);
#2805=LINE('',#15902,#3901);
#2806=LINE('',#15904,#3902);
#2807=LINE('',#15906,#3903);
#2808=LINE('',#15908,#3904);
#2809=LINE('',#15910,#3905);
#2810=LINE('',#15912,#3906);
#2811=LINE('',#15914,#3907);
#2812=LINE('',#15916,#3908);
#2813=LINE('',#15918,#3909);
#2814=LINE('',#15920,#3910);
#2815=LINE('',#15922,#3911);
#2816=LINE('',#15924,#3912);
#2817=LINE('',#15926,#3913);
#2818=LINE('',#15928,#3914);
#2819=LINE('',#15930,#3915);
#2820=LINE('',#15932,#3916);
#2821=LINE('',#15934,#3917);
#2822=LINE('',#15936,#3918);
#2823=LINE('',#15938,#3919);
#2824=LINE('',#15940,#3920);
#2825=LINE('',#15942,#3921);
#2826=LINE('',#15944,#3922);
#2827=LINE('',#15946,#3923);
#2828=LINE('',#15948,#3924);
#2829=LINE('',#15950,#3925);
#2830=LINE('',#15952,#3926);
#2831=LINE('',#15954,#3927);
#2832=LINE('',#15956,#3928);
#2833=LINE('',#15958,#3929);
#2834=LINE('',#15960,#3930);
#2835=LINE('',#15962,#3931);
#2836=LINE('',#15964,#3932);
#2837=LINE('',#15966,#3933);
#2838=LINE('',#15968,#3934);
#2839=LINE('',#15970,#3935);
#2840=LINE('',#15972,#3936);
#2841=LINE('',#15974,#3937);
#2842=LINE('',#15976,#3938);
#2843=LINE('',#15978,#3939);
#2844=LINE('',#15983,#3940);
#2845=LINE('',#15986,#3941);
#2846=LINE('',#15997,#3942);
#2847=LINE('',#16004,#3943);
#2848=LINE('',#16011,#3944);
#2849=LINE('',#16015,#3945);
#2850=LINE('',#16019,#3946);
#2851=LINE('',#16032,#3947);
#2852=LINE('',#16039,#3948);
#2853=LINE('',#16046,#3949);
#2854=LINE('',#16050,#3950);
#2855=LINE('',#16054,#3951);
#2856=LINE('',#16067,#3952);
#2857=LINE('',#16074,#3953);
#2858=LINE('',#16081,#3954);
#2859=LINE('',#16085,#3955);
#2860=LINE('',#16089,#3956);
#2861=LINE('',#16107,#3957);
#2862=LINE('',#16109,#3958);
#2863=LINE('',#16111,#3959);
#2864=LINE('',#16112,#3960);
#2865=LINE('',#16115,#3961);
#2866=LINE('',#16117,#3962);
#2867=LINE('',#16118,#3963);
#2868=LINE('',#16121,#3964);
#2869=LINE('',#16123,#3965);
#2870=LINE('',#16124,#3966);
#2871=LINE('',#16126,#3967);
#2872=LINE('',#16127,#3968);
#2873=LINE('',#16131,#3969);
#2874=LINE('',#16133,#3970);
#2875=LINE('',#16135,#3971);
#2876=LINE('',#16136,#3972);
#2877=LINE('',#16139,#3973);
#2878=LINE('',#16141,#3974);
#2879=LINE('',#16142,#3975);
#2880=LINE('',#16145,#3976);
#2881=LINE('',#16147,#3977);
#2882=LINE('',#16148,#3978);
#2883=LINE('',#16150,#3979);
#2884=LINE('',#16151,#3980);
#2885=LINE('',#16155,#3981);
#2886=LINE('',#16157,#3982);
#2887=LINE('',#16159,#3983);
#2888=LINE('',#16160,#3984);
#2889=LINE('',#16163,#3985);
#2890=LINE('',#16165,#3986);
#2891=LINE('',#16166,#3987);
#2892=LINE('',#16169,#3988);
#2893=LINE('',#16171,#3989);
#2894=LINE('',#16172,#3990);
#2895=LINE('',#16174,#3991);
#2896=LINE('',#16175,#3992);
#2897=LINE('',#16180,#3993);
#2898=LINE('',#16187,#3994);
#2899=LINE('',#16194,#3995);
#2900=LINE('',#16201,#3996);
#2901=LINE('',#16208,#3997);
#2902=LINE('',#16213,#3998);
#2903=LINE('',#16215,#3999);
#2904=LINE('',#16217,#4000);
#2905=LINE('',#16218,#4001);
#2906=LINE('',#16221,#4002);
#2907=LINE('',#16223,#4003);
#2908=LINE('',#16224,#4004);
#2909=LINE('',#16227,#4005);
#2910=LINE('',#16229,#4006);
#2911=LINE('',#16230,#4007);
#2912=LINE('',#16232,#4008);
#2913=LINE('',#16234,#4009);
#2914=LINE('',#16239,#4010);
#2915=LINE('',#16244,#4011);
#2916=LINE('',#16246,#4012);
#2917=LINE('',#16248,#4013);
#2918=LINE('',#16249,#4014);
#2919=LINE('',#16252,#4015);
#2920=LINE('',#16254,#4016);
#2921=LINE('',#16255,#4017);
#2922=LINE('',#16258,#4018);
#2923=LINE('',#16259,#4019);
#2924=LINE('',#16262,#4020);
#2925=LINE('',#16263,#4021);
#2926=LINE('',#16266,#4022);
#2927=LINE('',#16268,#4023);
#2928=LINE('',#16270,#4024);
#2929=LINE('',#16272,#4025);
#2930=LINE('',#16274,#4026);
#2931=LINE('',#16276,#4027);
#2932=LINE('',#16278,#4028);
#2933=LINE('',#16280,#4029);
#2934=LINE('',#16281,#4030);
#2935=LINE('',#16286,#4031);
#2936=LINE('',#16291,#4032);
#2937=LINE('',#16293,#4033);
#2938=LINE('',#16295,#4034);
#2939=LINE('',#16296,#4035);
#2940=LINE('',#16299,#4036);
#2941=LINE('',#16301,#4037);
#2942=LINE('',#16302,#4038);
#2943=LINE('',#16305,#4039);
#2944=LINE('',#16307,#4040);
#2945=LINE('',#16308,#4041);
#2946=LINE('',#16310,#4042);
#2947=LINE('',#16312,#4043);
#2948=LINE('',#16317,#4044);
#2949=LINE('',#16322,#4045);
#2950=LINE('',#16324,#4046);
#2951=LINE('',#16326,#4047);
#2952=LINE('',#16327,#4048);
#2953=LINE('',#16329,#4049);
#2954=LINE('',#16330,#4050);
#2955=LINE('',#16332,#4051);
#2956=LINE('',#16334,#4052);
#2957=LINE('',#16337,#4053);
#2958=LINE('',#16339,#4054);
#2959=LINE('',#16341,#4055);
#2960=LINE('',#16343,#4056);
#2961=LINE('',#16344,#4057);
#2962=LINE('',#16347,#4058);
#2963=LINE('',#16349,#4059);
#2964=LINE('',#16351,#4060);
#2965=LINE('',#16353,#4061);
#2966=LINE('',#16355,#4062);
#2967=LINE('',#16357,#4063);
#2968=LINE('',#16358,#4064);
#2969=LINE('',#16361,#4065);
#2970=LINE('',#16362,#4066);
#2971=LINE('',#16364,#4067);
#2972=LINE('',#16366,#4068);
#2973=LINE('',#16368,#4069);
#2974=LINE('',#16370,#4070);
#2975=LINE('',#16371,#4071);
#2976=LINE('',#16373,#4072);
#2977=LINE('',#16375,#4073);
#2978=LINE('',#16376,#4074);
#2979=LINE('',#16379,#4075);
#2980=LINE('',#16381,#4076);
#2981=LINE('',#16382,#4077);
#2982=LINE('',#16384,#4078);
#2983=LINE('',#16387,#4079);
#2984=LINE('',#16388,#4080);
#2985=LINE('',#16390,#4081);
#2986=LINE('',#16394,#4082);
#2987=LINE('',#16395,#4083);
#2988=LINE('',#16397,#4084);
#2989=LINE('',#16402,#4085);
#2990=LINE('',#16404,#4086);
#2991=LINE('',#16406,#4087);
#2992=LINE('',#16407,#4088);
#2993=LINE('',#16410,#4089);
#2994=LINE('',#16412,#4090);
#2995=LINE('',#16413,#4091);
#2996=LINE('',#16416,#4092);
#2997=LINE('',#16417,#4093);
#2998=LINE('',#16420,#4094);
#2999=LINE('',#16421,#4095);
#3000=LINE('',#16423,#4096);
#3001=LINE('',#16429,#4097);
#3002=LINE('',#16435,#4098);
#3003=LINE('',#16441,#4099);
#3004=LINE('',#16447,#4100);
#3005=LINE('',#16452,#4101);
#3006=LINE('',#16454,#4102);
#3007=LINE('',#16456,#4103);
#3008=LINE('',#16457,#4104);
#3009=LINE('',#16460,#4105);
#3010=LINE('',#16462,#4106);
#3011=LINE('',#16463,#4107);
#3012=LINE('',#16466,#4108);
#3013=LINE('',#16468,#4109);
#3014=LINE('',#16469,#4110);
#3015=LINE('',#16471,#4111);
#3016=LINE('',#16472,#4112);
#3017=LINE('',#16476,#4113);
#3018=LINE('',#16478,#4114);
#3019=LINE('',#16480,#4115);
#3020=LINE('',#16481,#4116);
#3021=LINE('',#16484,#4117);
#3022=LINE('',#16486,#4118);
#3023=LINE('',#16487,#4119);
#3024=LINE('',#16490,#4120);
#3025=LINE('',#16492,#4121);
#3026=LINE('',#16493,#4122);
#3027=LINE('',#16495,#4123);
#3028=LINE('',#16496,#4124);
#3029=LINE('',#16502,#4125);
#3030=LINE('',#16504,#4126);
#3031=LINE('',#16506,#4127);
#3032=LINE('',#16507,#4128);
#3033=LINE('',#16510,#4129);
#3034=LINE('',#16512,#4130);
#3035=LINE('',#16513,#4131);
#3036=LINE('',#16516,#4132);
#3037=LINE('',#16518,#4133);
#3038=LINE('',#16519,#4134);
#3039=LINE('',#16521,#4135);
#3040=LINE('',#16522,#4136);
#3041=LINE('',#16528,#4137);
#3042=LINE('',#16530,#4138);
#3043=LINE('',#16532,#4139);
#3044=LINE('',#16533,#4140);
#3045=LINE('',#16536,#4141);
#3046=LINE('',#16538,#4142);
#3047=LINE('',#16539,#4143);
#3048=LINE('',#16542,#4144);
#3049=LINE('',#16544,#4145);
#3050=LINE('',#16545,#4146);
#3051=LINE('',#16547,#4147);
#3052=LINE('',#16548,#4148);
#3053=VECTOR('',#11123,6.);
#3054=VECTOR('',#11150,0.45);
#3055=VECTOR('',#11155,0.45);
#3056=VECTOR('',#11160,1.);
#3057=VECTOR('',#11189,1.);
#3058=VECTOR('',#11190,1.);
#3059=VECTOR('',#11191,1.);
#3060=VECTOR('',#11192,1.);
#3061=VECTOR('',#11195,1.);
#3062=VECTOR('',#11196,1.);
#3063=VECTOR('',#11197,1.);
#3064=VECTOR('',#11198,1.);
#3065=VECTOR('',#11199,1.);
#3066=VECTOR('',#11200,1.);
#3067=VECTOR('',#11201,1.);
#3068=VECTOR('',#11204,1.);
#3069=VECTOR('',#11205,1.);
#3070=VECTOR('',#11206,1.);
#3071=VECTOR('',#11207,1.);
#3072=VECTOR('',#11208,1.);
#3073=VECTOR('',#11209,1.);
#3074=VECTOR('',#11210,1.);
#3075=VECTOR('',#11213,1.);
#3076=VECTOR('',#11216,1.);
#3077=VECTOR('',#11217,1.);
#3078=VECTOR('',#11218,1.);
#3079=VECTOR('',#11219,1.);
#3080=VECTOR('',#11220,1.);
#3081=VECTOR('',#11221,1.);
#3082=VECTOR('',#11222,1.);
#3083=VECTOR('',#11223,1.);
#3084=VECTOR('',#11224,1.);
#3085=VECTOR('',#11225,1.);
#3086=VECTOR('',#11226,1.);
#3087=VECTOR('',#11227,1.);
#3088=VECTOR('',#11228,1.);
#3089=VECTOR('',#11229,1.);
#3090=VECTOR('',#11230,1.);
#3091=VECTOR('',#11231,1.);
#3092=VECTOR('',#11232,1.);
#3093=VECTOR('',#11233,1.);
#3094=VECTOR('',#11234,1.);
#3095=VECTOR('',#11235,1.);
#3096=VECTOR('',#11236,1.);
#3097=VECTOR('',#11237,1.);
#3098=VECTOR('',#11238,1.);
#3099=VECTOR('',#11239,1.);
#3100=VECTOR('',#11240,1.);
#3101=VECTOR('',#11241,1.);
#3102=VECTOR('',#11242,1.);
#3103=VECTOR('',#11243,1.);
#3104=VECTOR('',#11244,1.);
#3105=VECTOR('',#11245,1.);
#3106=VECTOR('',#11246,1.);
#3107=VECTOR('',#11247,1.);
#3108=VECTOR('',#11248,1.);
#3109=VECTOR('',#11251,1.);
#3110=VECTOR('',#11252,1.);
#3111=VECTOR('',#11255,1.);
#3112=VECTOR('',#11258,1.);
#3113=VECTOR('',#11259,1.);
#3114=VECTOR('',#11260,1.);
#3115=VECTOR('',#11261,1.);
#3116=VECTOR('',#11262,1.);
#3117=VECTOR('',#11263,1.);
#3118=VECTOR('',#11264,1.);
#3119=VECTOR('',#11265,1.);
#3120=VECTOR('',#11266,1.);
#3121=VECTOR('',#11267,1.);
#3122=VECTOR('',#11268,1.);
#3123=VECTOR('',#11269,1.);
#3124=VECTOR('',#11270,1.);
#3125=VECTOR('',#11271,1.);
#3126=VECTOR('',#11272,1.);
#3127=VECTOR('',#11273,1.);
#3128=VECTOR('',#11274,1.);
#3129=VECTOR('',#11275,1.);
#3130=VECTOR('',#11276,1.);
#3131=VECTOR('',#11277,1.);
#3132=VECTOR('',#11278,1.);
#3133=VECTOR('',#11279,1.);
#3134=VECTOR('',#11280,1.);
#3135=VECTOR('',#11281,1.);
#3136=VECTOR('',#11282,1.);
#3137=VECTOR('',#11283,1.);
#3138=VECTOR('',#11284,1.);
#3139=VECTOR('',#11285,1.);
#3140=VECTOR('',#11286,1.);
#3141=VECTOR('',#11287,1.);
#3142=VECTOR('',#11288,1.);
#3143=VECTOR('',#11289,1.);
#3144=VECTOR('',#11290,1.);
#3145=VECTOR('',#11291,1.);
#3146=VECTOR('',#11292,1.);
#3147=VECTOR('',#11293,1.);
#3148=VECTOR('',#11294,1.);
#3149=VECTOR('',#11295,1.);
#3150=VECTOR('',#11296,1.);
#3151=VECTOR('',#11297,1.);
#3152=VECTOR('',#11298,1.);
#3153=VECTOR('',#11299,1.);
#3154=VECTOR('',#11300,1.);
#3155=VECTOR('',#11301,1.);
#3156=VECTOR('',#11302,1.);
#3157=VECTOR('',#11303,1.);
#3158=VECTOR('',#11304,1.);
#3159=VECTOR('',#11305,1.);
#3160=VECTOR('',#11306,1.);
#3161=VECTOR('',#11307,1.);
#3162=VECTOR('',#11308,1.);
#3163=VECTOR('',#11309,1.);
#3164=VECTOR('',#11310,1.);
#3165=VECTOR('',#11311,1.);
#3166=VECTOR('',#11312,1.);
#3167=VECTOR('',#11313,1.);
#3168=VECTOR('',#11314,1.);
#3169=VECTOR('',#11315,1.);
#3170=VECTOR('',#11316,1.);
#3171=VECTOR('',#11317,1.);
#3172=VECTOR('',#11318,1.);
#3173=VECTOR('',#11319,1.);
#3174=VECTOR('',#11320,1.);
#3175=VECTOR('',#11321,1.);
#3176=VECTOR('',#11322,1.);
#3177=VECTOR('',#11329,1.00000000000065);
#3178=VECTOR('',#11330,1.00000000000065);
#3179=VECTOR('',#11331,1.);
#3180=VECTOR('',#11334,1.00000000000065);
#3181=VECTOR('',#11335,1.);
#3182=VECTOR('',#11338,1.00000000000065);
#3183=VECTOR('',#11339,1.);
#3184=VECTOR('',#11342,1.);
#3185=VECTOR('',#11345,1.00000000000065);
#3186=VECTOR('',#11346,1.00000000000065);
#3187=VECTOR('',#11347,1.);
#3188=VECTOR('',#11350,1.00000000000065);
#3189=VECTOR('',#11351,1.);
#3190=VECTOR('',#11354,1.00000000000065);
#3191=VECTOR('',#11355,1.);
#3192=VECTOR('',#11358,1.);
#3193=VECTOR('',#11361,1.00000000000065);
#3194=VECTOR('',#11362,1.00000000000065);
#3195=VECTOR('',#11363,1.);
#3196=VECTOR('',#11366,1.00000000000065);
#3197=VECTOR('',#11367,1.);
#3198=VECTOR('',#11370,1.00000000000065);
#3199=VECTOR('',#11371,1.);
#3200=VECTOR('',#11374,1.);
#3201=VECTOR('',#11377,1.00000000000065);
#3202=VECTOR('',#11378,1.00000000000065);
#3203=VECTOR('',#11379,1.);
#3204=VECTOR('',#11382,1.00000000000065);
#3205=VECTOR('',#11383,1.);
#3206=VECTOR('',#11386,1.00000000000065);
#3207=VECTOR('',#11387,1.);
#3208=VECTOR('',#11390,1.);
#3209=VECTOR('',#11393,1.00000000000065);
#3210=VECTOR('',#11394,1.00000000000065);
#3211=VECTOR('',#11395,1.);
#3212=VECTOR('',#11398,1.00000000000065);
#3213=VECTOR('',#11399,1.);
#3214=VECTOR('',#11402,1.00000000000065);
#3215=VECTOR('',#11403,1.);
#3216=VECTOR('',#11406,1.);
#3217=VECTOR('',#11409,1.00000000000065);
#3218=VECTOR('',#11410,1.00000000000065);
#3219=VECTOR('',#11411,1.);
#3220=VECTOR('',#11414,1.00000000000065);
#3221=VECTOR('',#11415,1.);
#3222=VECTOR('',#11418,1.00000000000065);
#3223=VECTOR('',#11419,1.);
#3224=VECTOR('',#11422,1.);
#3225=VECTOR('',#11425,1.00000000000065);
#3226=VECTOR('',#11426,1.00000000000065);
#3227=VECTOR('',#11427,1.);
#3228=VECTOR('',#11430,1.00000000000065);
#3229=VECTOR('',#11431,1.);
#3230=VECTOR('',#11434,1.00000000000065);
#3231=VECTOR('',#11435,1.);
#3232=VECTOR('',#11438,1.);
#3233=VECTOR('',#11441,1.00000000000065);
#3234=VECTOR('',#11442,1.00000000000065);
#3235=VECTOR('',#11443,1.);
#3236=VECTOR('',#11446,1.00000000000065);
#3237=VECTOR('',#11447,1.);
#3238=VECTOR('',#11450,1.00000000000065);
#3239=VECTOR('',#11451,1.);
#3240=VECTOR('',#11454,1.);
#3241=VECTOR('',#11457,1.);
#3242=VECTOR('',#11460,1.);
#3243=VECTOR('',#11461,0.999999999999597);
#3244=VECTOR('',#11462,1.);
#3245=VECTOR('',#11463,0.999999999999597);
#3246=VECTOR('',#11464,1.);
#3247=VECTOR('',#11467,1.);
#3248=VECTOR('',#11470,1.);
#3249=VECTOR('',#11471,1.);
#3250=VECTOR('',#11472,0.999999999999597);
#3251=VECTOR('',#11473,1.);
#3252=VECTOR('',#11474,0.999999999999597);
#3253=VECTOR('',#11477,1.);
#3254=VECTOR('',#11480,1.);
#3255=VECTOR('',#11481,0.999999999999597);
#3256=VECTOR('',#11482,1.);
#3257=VECTOR('',#11483,0.999999999999597);
#3258=VECTOR('',#11484,1.);
#3259=VECTOR('',#11487,1.);
#3260=VECTOR('',#11490,1.);
#3261=VECTOR('',#11491,1.);
#3262=VECTOR('',#11492,0.999999999999597);
#3263=VECTOR('',#11493,1.);
#3264=VECTOR('',#11494,0.999999999999597);
#3265=VECTOR('',#11497,1.);
#3266=VECTOR('',#11500,1.);
#3267=VECTOR('',#11501,0.999999999999597);
#3268=VECTOR('',#11502,1.);
#3269=VECTOR('',#11503,0.999999999999597);
#3270=VECTOR('',#11504,1.);
#3271=VECTOR('',#11507,1.);
#3272=VECTOR('',#11510,1.);
#3273=VECTOR('',#11511,1.);
#3274=VECTOR('',#11512,0.999999999999597);
#3275=VECTOR('',#11513,1.);
#3276=VECTOR('',#11514,0.999999999999597);
#3277=VECTOR('',#11517,1.);
#3278=VECTOR('',#11520,1.);
#3279=VECTOR('',#11521,0.999999999999597);
#3280=VECTOR('',#11522,1.);
#3281=VECTOR('',#11523,0.999999999999597);
#3282=VECTOR('',#11524,1.);
#3283=VECTOR('',#11527,1.);
#3284=VECTOR('',#11530,1.);
#3285=VECTOR('',#11531,1.);
#3286=VECTOR('',#11532,0.999999999999597);
#3287=VECTOR('',#11533,1.);
#3288=VECTOR('',#11534,0.999999999999597);
#3289=VECTOR('',#11537,1.);
#3290=VECTOR('',#11540,1.);
#3291=VECTOR('',#11541,0.999999999999597);
#3292=VECTOR('',#11542,1.);
#3293=VECTOR('',#11543,0.999999999999597);
#3294=VECTOR('',#11544,1.);
#3295=VECTOR('',#11547,1.);
#3296=VECTOR('',#11550,1.);
#3297=VECTOR('',#11551,1.);
#3298=VECTOR('',#11552,0.999999999999597);
#3299=VECTOR('',#11553,1.);
#3300=VECTOR('',#11554,0.999999999999597);
#3301=VECTOR('',#11557,1.);
#3302=VECTOR('',#11560,1.);
#3303=VECTOR('',#11561,0.999999999999597);
#3304=VECTOR('',#11562,1.);
#3305=VECTOR('',#11563,0.999999999999597);
#3306=VECTOR('',#11564,1.);
#3307=VECTOR('',#11567,1.);
#3308=VECTOR('',#11570,1.);
#3309=VECTOR('',#11571,1.);
#3310=VECTOR('',#11572,0.999999999999597);
#3311=VECTOR('',#11573,1.);
#3312=VECTOR('',#11574,0.999999999999597);
#3313=VECTOR('',#11577,1.);
#3314=VECTOR('',#11580,1.);
#3315=VECTOR('',#11581,0.999999999999597);
#3316=VECTOR('',#11582,1.);
#3317=VECTOR('',#11583,0.999999999999597);
#3318=VECTOR('',#11584,1.);
#3319=VECTOR('',#11587,1.);
#3320=VECTOR('',#11590,1.);
#3321=VECTOR('',#11591,1.);
#3322=VECTOR('',#11592,0.999999999999597);
#3323=VECTOR('',#11593,1.);
#3324=VECTOR('',#11594,0.999999999999597);
#3325=VECTOR('',#11597,1.);
#3326=VECTOR('',#11600,1.);
#3327=VECTOR('',#11601,0.999999999999597);
#3328=VECTOR('',#11602,1.);
#3329=VECTOR('',#11603,0.999999999999597);
#3330=VECTOR('',#11604,1.);
#3331=VECTOR('',#11607,1.);
#3332=VECTOR('',#11610,1.);
#3333=VECTOR('',#11611,1.);
#3334=VECTOR('',#11612,0.999999999999597);
#3335=VECTOR('',#11613,1.);
#3336=VECTOR('',#11614,0.999999999999597);
#3337=VECTOR('',#11617,1.);
#3338=VECTOR('',#11618,1.);
#3339=VECTOR('',#11619,1.);
#3340=VECTOR('',#11622,1.);
#3341=VECTOR('',#11623,1.);
#3342=VECTOR('',#11624,1.);
#3343=VECTOR('',#11625,1.);
#3344=VECTOR('',#11626,1.);
#3345=VECTOR('',#11627,1.);
#3346=VECTOR('',#11630,1.);
#3347=VECTOR('',#11631,1.);
#3348=VECTOR('',#11634,1.);
#3349=VECTOR('',#11635,1.);
#3350=VECTOR('',#11636,1.);
#3351=VECTOR('',#11637,1.);
#3352=VECTOR('',#11638,1.);
#3353=VECTOR('',#11641,1.);
#3354=VECTOR('',#11642,1.);
#3355=VECTOR('',#11643,1.);
#3356=VECTOR('',#11646,1.);
#3357=VECTOR('',#11647,1.);
#3358=VECTOR('',#11648,1.);
#3359=VECTOR('',#11649,1.);
#3360=VECTOR('',#11650,1.);
#3361=VECTOR('',#11651,1.);
#3362=VECTOR('',#11654,1.);
#3363=VECTOR('',#11655,1.);
#3364=VECTOR('',#11658,1.);
#3365=VECTOR('',#11659,1.);
#3366=VECTOR('',#11660,1.);
#3367=VECTOR('',#11661,1.);
#3368=VECTOR('',#11662,1.);
#3369=VECTOR('',#11665,1.);
#3370=VECTOR('',#11666,1.);
#3371=VECTOR('',#11667,1.);
#3372=VECTOR('',#11670,1.);
#3373=VECTOR('',#11671,1.);
#3374=VECTOR('',#11672,1.);
#3375=VECTOR('',#11673,1.);
#3376=VECTOR('',#11674,1.);
#3377=VECTOR('',#11675,1.);
#3378=VECTOR('',#11678,1.);
#3379=VECTOR('',#11679,1.);
#3380=VECTOR('',#11682,1.);
#3381=VECTOR('',#11683,1.);
#3382=VECTOR('',#11684,1.);
#3383=VECTOR('',#11685,1.);
#3384=VECTOR('',#11686,1.);
#3385=VECTOR('',#11689,1.);
#3386=VECTOR('',#11690,1.);
#3387=VECTOR('',#11691,1.);
#3388=VECTOR('',#11694,1.);
#3389=VECTOR('',#11695,1.);
#3390=VECTOR('',#11696,1.);
#3391=VECTOR('',#11697,1.);
#3392=VECTOR('',#11698,1.);
#3393=VECTOR('',#11699,1.);
#3394=VECTOR('',#11702,1.);
#3395=VECTOR('',#11703,1.);
#3396=VECTOR('',#11706,1.);
#3397=VECTOR('',#11707,1.);
#3398=VECTOR('',#11708,1.);
#3399=VECTOR('',#11709,1.);
#3400=VECTOR('',#11710,1.);
#3401=VECTOR('',#11713,1.);
#3402=VECTOR('',#11714,1.);
#3403=VECTOR('',#11715,1.);
#3404=VECTOR('',#11718,1.);
#3405=VECTOR('',#11719,1.);
#3406=VECTOR('',#11720,1.);
#3407=VECTOR('',#11721,1.);
#3408=VECTOR('',#11722,1.);
#3409=VECTOR('',#11723,1.);
#3410=VECTOR('',#11726,1.);
#3411=VECTOR('',#11727,1.);
#3412=VECTOR('',#11730,1.);
#3413=VECTOR('',#11731,1.);
#3414=VECTOR('',#11732,1.);
#3415=VECTOR('',#11733,1.);
#3416=VECTOR('',#11734,1.);
#3417=VECTOR('',#11737,1.);
#3418=VECTOR('',#11738,1.);
#3419=VECTOR('',#11739,1.);
#3420=VECTOR('',#11742,1.);
#3421=VECTOR('',#11743,1.);
#3422=VECTOR('',#11744,1.);
#3423=VECTOR('',#11745,1.);
#3424=VECTOR('',#11746,1.);
#3425=VECTOR('',#11747,1.);
#3426=VECTOR('',#11750,1.);
#3427=VECTOR('',#11751,1.);
#3428=VECTOR('',#11754,1.);
#3429=VECTOR('',#11755,1.);
#3430=VECTOR('',#11756,1.);
#3431=VECTOR('',#11757,1.);
#3432=VECTOR('',#11758,1.);
#3433=VECTOR('',#11761,1.);
#3434=VECTOR('',#11762,1.);
#3435=VECTOR('',#11763,1.);
#3436=VECTOR('',#11766,1.);
#3437=VECTOR('',#11767,1.);
#3438=VECTOR('',#11768,1.);
#3439=VECTOR('',#11769,1.);
#3440=VECTOR('',#11770,1.);
#3441=VECTOR('',#11771,1.);
#3442=VECTOR('',#11774,1.);
#3443=VECTOR('',#11775,1.);
#3444=VECTOR('',#11778,1.);
#3445=VECTOR('',#11779,1.);
#3446=VECTOR('',#11780,1.);
#3447=VECTOR('',#11781,1.);
#3448=VECTOR('',#11782,1.);
#3449=VECTOR('',#11785,1.);
#3450=VECTOR('',#11786,1.);
#3451=VECTOR('',#11787,1.);
#3452=VECTOR('',#11790,1.);
#3453=VECTOR('',#11791,1.);
#3454=VECTOR('',#11792,1.);
#3455=VECTOR('',#11793,1.);
#3456=VECTOR('',#11794,1.);
#3457=VECTOR('',#11795,1.);
#3458=VECTOR('',#11798,1.);
#3459=VECTOR('',#11799,1.);
#3460=VECTOR('',#11802,1.);
#3461=VECTOR('',#11803,1.);
#3462=VECTOR('',#11804,1.);
#3463=VECTOR('',#11805,1.);
#3464=VECTOR('',#11806,1.);
#3465=VECTOR('',#11809,1.);
#3466=VECTOR('',#11812,1.);
#3467=VECTOR('',#11815,1.);
#3468=VECTOR('',#11818,1.);
#3469=VECTOR('',#11823,1.);
#3470=VECTOR('',#11826,1.);
#3471=VECTOR('',#11829,1.);
#3472=VECTOR('',#11832,1.);
#3473=VECTOR('',#11837,1.);
#3474=VECTOR('',#11840,1.);
#3475=VECTOR('',#11843,1.);
#3476=VECTOR('',#11846,1.);
#3477=VECTOR('',#11851,1.);
#3478=VECTOR('',#11854,1.);
#3479=VECTOR('',#11857,1.);
#3480=VECTOR('',#11860,1.);
#3481=VECTOR('',#11865,1.);
#3482=VECTOR('',#11868,1.);
#3483=VECTOR('',#11871,1.);
#3484=VECTOR('',#11874,1.);
#3485=VECTOR('',#11879,1.);
#3486=VECTOR('',#11882,1.);
#3487=VECTOR('',#11885,1.);
#3488=VECTOR('',#11888,1.);
#3489=VECTOR('',#11893,1.);
#3490=VECTOR('',#11896,1.);
#3491=VECTOR('',#11899,1.);
#3492=VECTOR('',#11902,1.);
#3493=VECTOR('',#11907,1.);
#3494=VECTOR('',#11910,1.);
#3495=VECTOR('',#11913,1.);
#3496=VECTOR('',#11916,1.);
#3497=VECTOR('',#11921,1.);
#3498=VECTOR('',#11924,1.);
#3499=VECTOR('',#11927,1.00000000000064);
#3500=VECTOR('',#11928,1.);
#3501=VECTOR('',#11929,1.);
#3502=VECTOR('',#11930,1.);
#3503=VECTOR('',#11931,1.00000000000064);
#3504=VECTOR('',#11934,1.);
#3505=VECTOR('',#11935,1.00000000000064);
#3506=VECTOR('',#11938,1.);
#3507=VECTOR('',#11939,1.);
#3508=VECTOR('',#11940,1.);
#3509=VECTOR('',#11941,1.00000000000064);
#3510=VECTOR('',#11944,1.);
#3511=VECTOR('',#11947,1.);
#3512=VECTOR('',#11950,1.);
#3513=VECTOR('',#11953,1.00000000000064);
#3514=VECTOR('',#11954,1.);
#3515=VECTOR('',#11955,1.);
#3516=VECTOR('',#11956,1.);
#3517=VECTOR('',#11957,1.00000000000064);
#3518=VECTOR('',#11960,1.);
#3519=VECTOR('',#11961,1.00000000000064);
#3520=VECTOR('',#11964,1.);
#3521=VECTOR('',#11965,1.);
#3522=VECTOR('',#11966,1.);
#3523=VECTOR('',#11967,1.00000000000064);
#3524=VECTOR('',#11970,1.);
#3525=VECTOR('',#11973,1.);
#3526=VECTOR('',#11976,1.);
#3527=VECTOR('',#11979,1.00000000000064);
#3528=VECTOR('',#11980,1.);
#3529=VECTOR('',#11981,1.);
#3530=VECTOR('',#11982,1.);
#3531=VECTOR('',#11983,1.00000000000064);
#3532=VECTOR('',#11986,1.);
#3533=VECTOR('',#11987,1.00000000000064);
#3534=VECTOR('',#11990,1.);
#3535=VECTOR('',#11991,1.);
#3536=VECTOR('',#11992,1.);
#3537=VECTOR('',#11993,1.00000000000064);
#3538=VECTOR('',#11996,1.);
#3539=VECTOR('',#11999,1.);
#3540=VECTOR('',#12002,1.);
#3541=VECTOR('',#12005,1.00000000000064);
#3542=VECTOR('',#12006,1.);
#3543=VECTOR('',#12007,1.);
#3544=VECTOR('',#12008,1.);
#3545=VECTOR('',#12009,1.00000000000064);
#3546=VECTOR('',#12012,1.);
#3547=VECTOR('',#12013,1.00000000000064);
#3548=VECTOR('',#12016,1.);
#3549=VECTOR('',#12017,1.);
#3550=VECTOR('',#12018,1.);
#3551=VECTOR('',#12019,1.00000000000064);
#3552=VECTOR('',#12022,1.);
#3553=VECTOR('',#12025,1.);
#3554=VECTOR('',#12028,1.);
#3555=VECTOR('',#12031,1.00000000000064);
#3556=VECTOR('',#12032,1.);
#3557=VECTOR('',#12033,1.);
#3558=VECTOR('',#12034,1.);
#3559=VECTOR('',#12035,1.00000000000064);
#3560=VECTOR('',#12038,1.);
#3561=VECTOR('',#12039,1.00000000000064);
#3562=VECTOR('',#12042,1.);
#3563=VECTOR('',#12043,1.);
#3564=VECTOR('',#12044,1.);
#3565=VECTOR('',#12045,1.00000000000064);
#3566=VECTOR('',#12048,1.);
#3567=VECTOR('',#12051,1.);
#3568=VECTOR('',#12054,1.);
#3569=VECTOR('',#12057,1.00000000000064);
#3570=VECTOR('',#12058,1.);
#3571=VECTOR('',#12059,1.);
#3572=VECTOR('',#12060,1.);
#3573=VECTOR('',#12061,1.00000000000064);
#3574=VECTOR('',#12064,1.);
#3575=VECTOR('',#12065,1.00000000000064);
#3576=VECTOR('',#12068,1.);
#3577=VECTOR('',#12069,1.);
#3578=VECTOR('',#12070,1.);
#3579=VECTOR('',#12071,1.00000000000064);
#3580=VECTOR('',#12074,1.);
#3581=VECTOR('',#12077,1.);
#3582=VECTOR('',#12080,1.);
#3583=VECTOR('',#12083,1.00000000000064);
#3584=VECTOR('',#12084,1.);
#3585=VECTOR('',#12085,1.);
#3586=VECTOR('',#12086,1.);
#3587=VECTOR('',#12087,1.00000000000064);
#3588=VECTOR('',#12090,1.);
#3589=VECTOR('',#12091,1.00000000000064);
#3590=VECTOR('',#12094,1.);
#3591=VECTOR('',#12095,1.);
#3592=VECTOR('',#12096,1.);
#3593=VECTOR('',#12097,1.00000000000064);
#3594=VECTOR('',#12100,1.);
#3595=VECTOR('',#12103,1.);
#3596=VECTOR('',#12106,1.);
#3597=VECTOR('',#12109,1.00000000000064);
#3598=VECTOR('',#12110,1.);
#3599=VECTOR('',#12111,1.);
#3600=VECTOR('',#12112,1.);
#3601=VECTOR('',#12113,1.00000000000064);
#3602=VECTOR('',#12116,1.);
#3603=VECTOR('',#12117,1.00000000000064);
#3604=VECTOR('',#12120,1.);
#3605=VECTOR('',#12121,1.);
#3606=VECTOR('',#12122,1.);
#3607=VECTOR('',#12123,1.00000000000064);
#3608=VECTOR('',#12126,1.);
#3609=VECTOR('',#12129,1.);
#3610=VECTOR('',#12132,1.);
#3611=VECTOR('',#12137,1.);
#3612=VECTOR('',#12140,1.);
#3613=VECTOR('',#12145,1.);
#3614=VECTOR('',#12148,1.);
#3615=VECTOR('',#12153,1.);
#3616=VECTOR('',#12156,1.);
#3617=VECTOR('',#12161,1.);
#3618=VECTOR('',#12164,1.);
#3619=VECTOR('',#12169,1.);
#3620=VECTOR('',#12172,1.);
#3621=VECTOR('',#12177,1.);
#3622=VECTOR('',#12180,1.);
#3623=VECTOR('',#12185,1.);
#3624=VECTOR('',#12188,1.);
#3625=VECTOR('',#12197,1.);
#3626=VECTOR('',#12198,1.);
#3627=VECTOR('',#12199,1.);
#3628=VECTOR('',#12200,1.);
#3629=VECTOR('',#12203,1.);
#3630=VECTOR('',#12204,1.);
#3631=VECTOR('',#12205,1.);
#3632=VECTOR('',#12208,1.);
#3633=VECTOR('',#12209,1.);
#3634=VECTOR('',#12210,1.);
#3635=VECTOR('',#12213,1.);
#3636=VECTOR('',#12284,1.);
#3637=VECTOR('',#12357,1.6);
#3638=VECTOR('',#12360,0.85);
#3639=VECTOR('',#12363,2.);
#3640=VECTOR('',#12366,0.75);
#3641=VECTOR('',#12369,0.85);
#3642=VECTOR('',#12372,0.75);
#3643=VECTOR('',#12375,0.85);
#3644=VECTOR('',#12378,2.);
#3645=VECTOR('',#12381,0.75);
#3646=VECTOR('',#12384,0.85);
#3647=VECTOR('',#12387,0.75);
#3648=VECTOR('',#12390,1.6);
#3649=VECTOR('',#12393,0.85);
#3650=VECTOR('',#12396,0.75);
#3651=VECTOR('',#12399,2.);
#3652=VECTOR('',#12402,0.85);
#3653=VECTOR('',#12405,0.75);
#3654=VECTOR('',#12408,0.85);
#3655=VECTOR('',#12411,0.75);
#3656=VECTOR('',#12414,2.);
#3657=VECTOR('',#12417,0.85);
#3658=VECTOR('',#12420,0.75);
#3659=VECTOR('',#12423,0.5);
#3660=VECTOR('',#12426,0.5);
#3661=VECTOR('',#12429,0.5);
#3662=VECTOR('',#12432,0.5);
#3663=VECTOR('',#12435,0.5);
#3664=VECTOR('',#12438,0.5);
#3665=VECTOR('',#12441,0.5);
#3666=VECTOR('',#12444,0.5);
#3667=VECTOR('',#12447,1.6);
#3668=VECTOR('',#12450,0.5);
#3669=VECTOR('',#12453,0.5);
#3670=VECTOR('',#12456,1.6);
#3671=VECTOR('',#12463,1000.);
#3672=VECTOR('',#12464,1000.);
#3673=VECTOR('',#12465,1000.);
#3674=VECTOR('',#12466,1000.);
#3675=VECTOR('',#12469,1000.);
#3676=VECTOR('',#12470,1000.);
#3677=VECTOR('',#12471,1000.);
#3678=VECTOR('',#12474,1000.);
#3679=VECTOR('',#12475,1000.);
#3680=VECTOR('',#12478,1000.);
#3681=VECTOR('',#12479,1000.);
#3682=VECTOR('',#12482,1000.);
#3683=VECTOR('',#12485,1000.);
#3684=VECTOR('',#12486,1000.);
#3685=VECTOR('',#12487,1000.);
#3686=VECTOR('',#12488,1000.);
#3687=VECTOR('',#12495,1000.);
#3688=VECTOR('',#12496,1000.);
#3689=VECTOR('',#12497,1000.);
#3690=VECTOR('',#12498,1000.);
#3691=VECTOR('',#12505,1000.);
#3692=VECTOR('',#12506,1000.);
#3693=VECTOR('',#12509,1.25);
#3694=VECTOR('',#12512,1.25);
#3695=VECTOR('',#12515,1000.);
#3696=VECTOR('',#12518,1000.);
#3697=VECTOR('',#12531,0.3);
#3698=VECTOR('',#12540,0.9);
#3699=VECTOR('',#12549,0.66);
#3700=VECTOR('',#12554,0.445);
#3701=VECTOR('',#12559,0.23);
#3702=VECTOR('',#12576,0.3);
#3703=VECTOR('',#12585,0.9);
#3704=VECTOR('',#12594,0.66);
#3705=VECTOR('',#12599,0.445);
#3706=VECTOR('',#12604,0.23);
#3707=VECTOR('',#12621,0.3);
#3708=VECTOR('',#12630,0.9);
#3709=VECTOR('',#12639,0.66);
#3710=VECTOR('',#12644,0.445);
#3711=VECTOR('',#12649,0.23);
#3712=VECTOR('',#12666,0.3);
#3713=VECTOR('',#12675,0.9);
#3714=VECTOR('',#12684,0.66);
#3715=VECTOR('',#12689,0.445);
#3716=VECTOR('',#12694,0.23);
#3717=VECTOR('',#12711,0.3);
#3718=VECTOR('',#12720,0.9);
#3719=VECTOR('',#12729,0.66);
#3720=VECTOR('',#12734,0.445);
#3721=VECTOR('',#12739,0.23);
#3722=VECTOR('',#12752,0.66);
#3723=VECTOR('',#12759,0.66);
#3724=VECTOR('',#12766,0.66);
#3725=VECTOR('',#12773,0.66);
#3726=VECTOR('',#12780,0.66);
#3727=VECTOR('',#12787,0.66);
#3728=VECTOR('',#12794,0.66);
#3729=VECTOR('',#12799,1000.);
#3730=VECTOR('',#12800,1000.);
#3731=VECTOR('',#12801,1000.);
#3732=VECTOR('',#12802,1000.);
#3733=VECTOR('',#12803,1000.);
#3734=VECTOR('',#12804,1000.);
#3735=VECTOR('',#12805,1000.);
#3736=VECTOR('',#12806,1000.);
#3737=VECTOR('',#12807,1000.);
#3738=VECTOR('',#12808,1000.);
#3739=VECTOR('',#12809,1000.);
#3740=VECTOR('',#12810,1000.);
#3741=VECTOR('',#12811,1000.);
#3742=VECTOR('',#12812,1000.);
#3743=VECTOR('',#12813,1000.);
#3744=VECTOR('',#12814,1000.);
#3745=VECTOR('',#12815,1000.);
#3746=VECTOR('',#12816,1000.);
#3747=VECTOR('',#12817,1000.);
#3748=VECTOR('',#12818,1000.);
#3749=VECTOR('',#12819,1000.);
#3750=VECTOR('',#12820,1000.);
#3751=VECTOR('',#12821,1000.);
#3752=VECTOR('',#12822,1000.);
#3753=VECTOR('',#12823,1000.);
#3754=VECTOR('',#12824,1000.);
#3755=VECTOR('',#12825,1000.);
#3756=VECTOR('',#12826,1000.);
#3757=VECTOR('',#12827,1000.);
#3758=VECTOR('',#12828,1000.);
#3759=VECTOR('',#12829,1000.);
#3760=VECTOR('',#12830,1000.);
#3761=VECTOR('',#12831,1000.);
#3762=VECTOR('',#12832,1000.);
#3763=VECTOR('',#12833,1000.);
#3764=VECTOR('',#12834,1000.);
#3765=VECTOR('',#12835,1000.);
#3766=VECTOR('',#12836,1000.);
#3767=VECTOR('',#12837,1000.);
#3768=VECTOR('',#12838,1000.);
#3769=VECTOR('',#12839,1000.);
#3770=VECTOR('',#12840,1000.);
#3771=VECTOR('',#12841,1000.);
#3772=VECTOR('',#12842,1000.);
#3773=VECTOR('',#12843,1000.);
#3774=VECTOR('',#12844,1000.);
#3775=VECTOR('',#12845,1000.);
#3776=VECTOR('',#12846,1000.);
#3777=VECTOR('',#12847,1000.);
#3778=VECTOR('',#12848,1000.);
#3779=VECTOR('',#12849,1000.);
#3780=VECTOR('',#12850,1000.);
#3781=VECTOR('',#12851,1000.);
#3782=VECTOR('',#12852,1000.);
#3783=VECTOR('',#12853,1000.);
#3784=VECTOR('',#12854,1000.);
#3785=VECTOR('',#12855,1000.);
#3786=VECTOR('',#12856,1000.);
#3787=VECTOR('',#12857,1000.);
#3788=VECTOR('',#12858,1000.);
#3789=VECTOR('',#12859,1000.);
#3790=VECTOR('',#12860,1000.);
#3791=VECTOR('',#12861,1000.);
#3792=VECTOR('',#12862,1000.);
#3793=VECTOR('',#12863,1000.);
#3794=VECTOR('',#12864,1000.);
#3795=VECTOR('',#12865,1000.);
#3796=VECTOR('',#12866,1000.);
#3797=VECTOR('',#12889,0.9);
#3798=VECTOR('',#12896,0.9);
#3799=VECTOR('',#12903,0.9);
#3800=VECTOR('',#12910,0.9);
#3801=VECTOR('',#12917,0.9);
#3802=VECTOR('',#12924,0.9);
#3803=VECTOR('',#12931,0.9);
#3804=VECTOR('',#12934,1000.);
#3805=VECTOR('',#12935,1000.);
#3806=VECTOR('',#12936,1000.);
#3807=VECTOR('',#12937,1000.);
#3808=VECTOR('',#12938,1000.);
#3809=VECTOR('',#12939,1000.);
#3810=VECTOR('',#12940,1000.);
#3811=VECTOR('',#12941,1000.);
#3812=VECTOR('',#12942,1000.);
#3813=VECTOR('',#12943,1000.);
#3814=VECTOR('',#12944,1000.);
#3815=VECTOR('',#12945,1000.);
#3816=VECTOR('',#12946,1000.);
#3817=VECTOR('',#12947,1000.);
#3818=VECTOR('',#12948,1000.);
#3819=VECTOR('',#12949,1000.);
#3820=VECTOR('',#12950,1000.);
#3821=VECTOR('',#12951,1000.);
#3822=VECTOR('',#12952,1000.);
#3823=VECTOR('',#12953,1000.);
#3824=VECTOR('',#12954,1000.);
#3825=VECTOR('',#12955,1000.);
#3826=VECTOR('',#12956,1000.);
#3827=VECTOR('',#12957,1000.);
#3828=VECTOR('',#12958,1000.);
#3829=VECTOR('',#12959,1000.);
#3830=VECTOR('',#12960,1000.);
#3831=VECTOR('',#12961,1000.);
#3832=VECTOR('',#12962,1000.);
#3833=VECTOR('',#12963,1000.);
#3834=VECTOR('',#12964,1000.);
#3835=VECTOR('',#12965,1000.);
#3836=VECTOR('',#12966,1000.);
#3837=VECTOR('',#12967,1000.);
#3838=VECTOR('',#12968,1000.);
#3839=VECTOR('',#12969,1000.);
#3840=VECTOR('',#12970,1000.);
#3841=VECTOR('',#12971,1000.);
#3842=VECTOR('',#12972,1000.);
#3843=VECTOR('',#12973,1000.);
#3844=VECTOR('',#12974,1000.);
#3845=VECTOR('',#12975,1000.);
#3846=VECTOR('',#12976,1000.);
#3847=VECTOR('',#12977,1000.);
#3848=VECTOR('',#12978,1000.);
#3849=VECTOR('',#12979,1000.);
#3850=VECTOR('',#12980,1000.);
#3851=VECTOR('',#12981,1000.);
#3852=VECTOR('',#12982,1000.);
#3853=VECTOR('',#12983,1000.);
#3854=VECTOR('',#12984,1000.);
#3855=VECTOR('',#12985,1000.);
#3856=VECTOR('',#12986,1000.);
#3857=VECTOR('',#12987,1000.);
#3858=VECTOR('',#12988,1000.);
#3859=VECTOR('',#12989,1000.);
#3860=VECTOR('',#12990,1000.);
#3861=VECTOR('',#12991,1000.);
#3862=VECTOR('',#12992,1000.);
#3863=VECTOR('',#12993,1000.);
#3864=VECTOR('',#12994,1000.);
#3865=VECTOR('',#12995,1000.);
#3866=VECTOR('',#12996,1000.);
#3867=VECTOR('',#12997,1000.);
#3868=VECTOR('',#12998,1000.);
#3869=VECTOR('',#12999,1000.);
#3870=VECTOR('',#13000,1000.);
#3871=VECTOR('',#13001,1000.);
#3872=VECTOR('',#13006,1000.);
#3873=VECTOR('',#13007,1000.);
#3874=VECTOR('',#13010,1000.);
#3875=VECTOR('',#13013,1000.);
#3876=VECTOR('',#13016,1000.);
#3877=VECTOR('',#13019,1000.);
#3878=VECTOR('',#13022,1000.);
#3879=VECTOR('',#13025,1000.);
#3880=VECTOR('',#13028,1000.);
#3881=VECTOR('',#13031,1000.);
#3882=VECTOR('',#13034,1000.);
#3883=VECTOR('',#13037,1000.);
#3884=VECTOR('',#13040,1000.);
#3885=VECTOR('',#13043,1000.);
#3886=VECTOR('',#13046,1000.);
#3887=VECTOR('',#13049,1000.);
#3888=VECTOR('',#13052,1000.);
#3889=VECTOR('',#13055,1000.);
#3890=VECTOR('',#13058,1000.);
#3891=VECTOR('',#13061,1000.);
#3892=VECTOR('',#13064,1000.);
#3893=VECTOR('',#13067,1000.);
#3894=VECTOR('',#13070,1000.);
#3895=VECTOR('',#13073,1000.);
#3896=VECTOR('',#13076,1000.);
#3897=VECTOR('',#13079,1000.);
#3898=VECTOR('',#13082,1000.);
#3899=VECTOR('',#13085,1000.);
#3900=VECTOR('',#13088,1000.);
#3901=VECTOR('',#13091,1000.);
#3902=VECTOR('',#13094,1000.);
#3903=VECTOR('',#13097,1000.);
#3904=VECTOR('',#13100,1000.);
#3905=VECTOR('',#13103,1000.);
#3906=VECTOR('',#13106,1000.);
#3907=VECTOR('',#13109,1000.);
#3908=VECTOR('',#13112,1000.);
#3909=VECTOR('',#13115,1000.);
#3910=VECTOR('',#13118,1000.);
#3911=VECTOR('',#13121,1000.);
#3912=VECTOR('',#13124,1000.);
#3913=VECTOR('',#13127,1000.);
#3914=VECTOR('',#13130,1000.);
#3915=VECTOR('',#13133,1000.);
#3916=VECTOR('',#13136,1000.);
#3917=VECTOR('',#13139,1000.);
#3918=VECTOR('',#13142,1000.);
#3919=VECTOR('',#13145,1000.);
#3920=VECTOR('',#13148,1000.);
#3921=VECTOR('',#13151,1000.);
#3922=VECTOR('',#13154,1000.);
#3923=VECTOR('',#13157,1000.);
#3924=VECTOR('',#13160,1000.);
#3925=VECTOR('',#13163,1000.);
#3926=VECTOR('',#13166,1000.);
#3927=VECTOR('',#13169,1000.);
#3928=VECTOR('',#13172,1000.);
#3929=VECTOR('',#13175,1000.);
#3930=VECTOR('',#13178,1000.);
#3931=VECTOR('',#13181,1000.);
#3932=VECTOR('',#13184,1000.);
#3933=VECTOR('',#13187,1000.);
#3934=VECTOR('',#13190,1000.);
#3935=VECTOR('',#13193,1000.);
#3936=VECTOR('',#13196,1000.);
#3937=VECTOR('',#13199,1000.);
#3938=VECTOR('',#13202,1000.);
#3939=VECTOR('',#13205,1000.);
#3940=VECTOR('',#13212,0.9);
#3941=VECTOR('',#13215,0.66);
#3942=VECTOR('',#13230,0.3);
#3943=VECTOR('',#13239,0.9);
#3944=VECTOR('',#13248,0.66);
#3945=VECTOR('',#13253,0.445);
#3946=VECTOR('',#13258,0.23);
#3947=VECTOR('',#13275,0.3);
#3948=VECTOR('',#13284,0.9);
#3949=VECTOR('',#13293,0.66);
#3950=VECTOR('',#13298,0.445);
#3951=VECTOR('',#13303,0.23);
#3952=VECTOR('',#13320,0.3);
#3953=VECTOR('',#13329,0.9);
#3954=VECTOR('',#13338,0.66);
#3955=VECTOR('',#13343,0.445);
#3956=VECTOR('',#13348,0.23);
#3957=VECTOR('',#13377,10.);
#3958=VECTOR('',#13378,10.);
#3959=VECTOR('',#13379,10.);
#3960=VECTOR('',#13380,10.);
#3961=VECTOR('',#13383,10.);
#3962=VECTOR('',#13384,10.);
#3963=VECTOR('',#13385,10.);
#3964=VECTOR('',#13388,10.);
#3965=VECTOR('',#13389,10.);
#3966=VECTOR('',#13390,10.);
#3967=VECTOR('',#13393,10.);
#3968=VECTOR('',#13394,10.);
#3969=VECTOR('',#13397,10.);
#3970=VECTOR('',#13398,10.);
#3971=VECTOR('',#13399,10.);
#3972=VECTOR('',#13400,10.);
#3973=VECTOR('',#13403,10.);
#3974=VECTOR('',#13404,10.);
#3975=VECTOR('',#13405,10.);
#3976=VECTOR('',#13408,10.);
#3977=VECTOR('',#13409,10.);
#3978=VECTOR('',#13410,10.);
#3979=VECTOR('',#13413,10.);
#3980=VECTOR('',#13414,10.);
#3981=VECTOR('',#13417,10.);
#3982=VECTOR('',#13418,10.);
#3983=VECTOR('',#13419,10.);
#3984=VECTOR('',#13420,10.);
#3985=VECTOR('',#13423,10.);
#3986=VECTOR('',#13424,10.);
#3987=VECTOR('',#13425,10.);
#3988=VECTOR('',#13428,10.);
#3989=VECTOR('',#13429,10.);
#3990=VECTOR('',#13430,10.);
#3991=VECTOR('',#13433,10.);
#3992=VECTOR('',#13434,10.);
#3993=VECTOR('',#13439,2.3);
#3994=VECTOR('',#13448,2.3);
#3995=VECTOR('',#13457,2.3);
#3996=VECTOR('',#13466,2.3);
#3997=VECTOR('',#13475,2.3);
#3998=VECTOR('',#13480,10.);
#3999=VECTOR('',#13481,10.);
#4000=VECTOR('',#13482,10.);
#4001=VECTOR('',#13483,10.);
#4002=VECTOR('',#13486,10.);
#4003=VECTOR('',#13487,10.);
#4004=VECTOR('',#13488,10.);
#4005=VECTOR('',#13491,10.);
#4006=VECTOR('',#13492,10.);
#4007=VECTOR('',#13493,10.);
#4008=VECTOR('',#13496,10.);
#4009=VECTOR('',#13499,10.);
#4010=VECTOR('',#13504,2.3);
#4011=VECTOR('',#13509,10.);
#4012=VECTOR('',#13510,10.);
#4013=VECTOR('',#13511,10.);
#4014=VECTOR('',#13512,10.);
#4015=VECTOR('',#13515,10.);
#4016=VECTOR('',#13516,10.);
#4017=VECTOR('',#13517,10.);
#4018=VECTOR('',#13520,10.);
#4019=VECTOR('',#13521,10.);
#4020=VECTOR('',#13524,10.);
#4021=VECTOR('',#13525,10.);
#4022=VECTOR('',#13528,10.);
#4023=VECTOR('',#13529,10.);
#4024=VECTOR('',#13530,10.);
#4025=VECTOR('',#13531,10.);
#4026=VECTOR('',#13532,10.);
#4027=VECTOR('',#13533,10.);
#4028=VECTOR('',#13534,10.);
#4029=VECTOR('',#13535,10.);
#4030=VECTOR('',#13536,10.);
#4031=VECTOR('',#13541,2.3);
#4032=VECTOR('',#13546,10.);
#4033=VECTOR('',#13547,10.);
#4034=VECTOR('',#13548,10.);
#4035=VECTOR('',#13549,10.);
#4036=VECTOR('',#13552,10.);
#4037=VECTOR('',#13553,10.);
#4038=VECTOR('',#13554,10.);
#4039=VECTOR('',#13557,10.);
#4040=VECTOR('',#13558,10.);
#4041=VECTOR('',#13559,10.);
#4042=VECTOR('',#13562,10.);
#4043=VECTOR('',#13565,10.);
#4044=VECTOR('',#13570,2.3);
#4045=VECTOR('',#13575,10.);
#4046=VECTOR('',#13576,10.);
#4047=VECTOR('',#13577,10.);
#4048=VECTOR('',#13578,10.);
#4049=VECTOR('',#13581,10.);
#4050=VECTOR('',#13582,10.);
#4051=VECTOR('',#13585,10.);
#4052=VECTOR('',#13588,10.);
#4053=VECTOR('',#13591,10.);
#4054=VECTOR('',#13592,10.);
#4055=VECTOR('',#13593,10.);
#4056=VECTOR('',#13594,10.);
#4057=VECTOR('',#13595,10.);
#4058=VECTOR('',#13598,10.);
#4059=VECTOR('',#13599,10.);
#4060=VECTOR('',#13600,10.);
#4061=VECTOR('',#13601,10.);
#4062=VECTOR('',#13602,10.);
#4063=VECTOR('',#13603,10.);
#4064=VECTOR('',#13604,10.);
#4065=VECTOR('',#13607,10.);
#4066=VECTOR('',#13608,10.);
#4067=VECTOR('',#13609,10.);
#4068=VECTOR('',#13610,10.);
#4069=VECTOR('',#13611,10.);
#4070=VECTOR('',#13612,10.);
#4071=VECTOR('',#13613,10.);
#4072=VECTOR('',#13616,10.);
#4073=VECTOR('',#13617,10.);
#4074=VECTOR('',#13618,10.);
#4075=VECTOR('',#13621,10.);
#4076=VECTOR('',#13622,10.);
#4077=VECTOR('',#13623,10.);
#4078=VECTOR('',#13626,10.);
#4079=VECTOR('',#13629,10.);
#4080=VECTOR('',#13630,10.);
#4081=VECTOR('',#13633,10.);
#4082=VECTOR('',#13638,10.);
#4083=VECTOR('',#13639,10.);
#4084=VECTOR('',#13642,10.);
#4085=VECTOR('',#13647,10.);
#4086=VECTOR('',#13648,10.);
#4087=VECTOR('',#13649,10.);
#4088=VECTOR('',#13650,10.);
#4089=VECTOR('',#13653,10.);
#4090=VECTOR('',#13654,10.);
#4091=VECTOR('',#13655,10.);
#4092=VECTOR('',#13658,10.);
#4093=VECTOR('',#13659,10.);
#4094=VECTOR('',#13662,10.);
#4095=VECTOR('',#13663,10.);
#4096=VECTOR('',#13666,10.);
#4097=VECTOR('',#13673,2.3);
#4098=VECTOR('',#13680,2.3);
#4099=VECTOR('',#13687,2.3);
#4100=VECTOR('',#13694,2.3);
#4101=VECTOR('',#13699,10.);
#4102=VECTOR('',#13700,10.);
#4103=VECTOR('',#13701,10.);
#4104=VECTOR('',#13702,10.);
#4105=VECTOR('',#13705,10.);
#4106=VECTOR('',#13706,10.);
#4107=VECTOR('',#13707,10.);
#4108=VECTOR('',#13710,10.);
#4109=VECTOR('',#13711,10.);
#4110=VECTOR('',#13712,10.);
#4111=VECTOR('',#13715,10.);
#4112=VECTOR('',#13716,10.);
#4113=VECTOR('',#13719,10.);
#4114=VECTOR('',#13720,10.);
#4115=VECTOR('',#13721,10.);
#4116=VECTOR('',#13722,10.);
#4117=VECTOR('',#13725,10.);
#4118=VECTOR('',#13726,10.);
#4119=VECTOR('',#13727,10.);
#4120=VECTOR('',#13730,10.);
#4121=VECTOR('',#13731,10.);
#4122=VECTOR('',#13732,10.);
#4123=VECTOR('',#13735,10.);
#4124=VECTOR('',#13736,10.);
#4125=VECTOR('',#13743,10.);
#4126=VECTOR('',#13744,10.);
#4127=VECTOR('',#13745,10.);
#4128=VECTOR('',#13746,10.);
#4129=VECTOR('',#13749,10.);
#4130=VECTOR('',#13750,10.);
#4131=VECTOR('',#13751,10.);
#4132=VECTOR('',#13754,10.);
#4133=VECTOR('',#13755,10.);
#4134=VECTOR('',#13756,10.);
#4135=VECTOR('',#13759,10.);
#4136=VECTOR('',#13760,10.);
#4137=VECTOR('',#13767,10.);
#4138=VECTOR('',#13768,10.);
#4139=VECTOR('',#13769,10.);
#4140=VECTOR('',#13770,10.);
#4141=VECTOR('',#13773,10.);
#4142=VECTOR('',#13774,10.);
#4143=VECTOR('',#13775,10.);
#4144=VECTOR('',#13778,10.);
#4145=VECTOR('',#13779,10.);
#4146=VECTOR('',#13780,10.);
#4147=VECTOR('',#13783,10.);
#4148=VECTOR('',#13784,10.);
#4149=CIRCLE('',#10323,6.);
#4150=CIRCLE('',#10324,6.);
#4151=CIRCLE('',#10326,5.7);
#4152=CIRCLE('',#10327,0.3);
#4153=CIRCLE('',#10329,4.518518518519);
#4154=CIRCLE('',#10330,1.481481481481);
#4155=CIRCLE('',#10332,0.45);
#4156=CIRCLE('',#10333,0.45);
#4157=CIRCLE('',#10335,1.);
#4158=CIRCLE('',#10337,0.45);
#4159=CIRCLE('',#10339,0.45);
#4160=CIRCLE('',#10341,1.);
#4161=CIRCLE('',#10343,0.27);
#4162=CIRCLE('',#10344,0.18);
#4163=CIRCLE('',#10346,0.27);
#4164=CIRCLE('',#10347,0.18);
#4165=CIRCLE('',#10578,1.6);
#4166=CIRCLE('',#10579,0.85);
#4167=CIRCLE('',#10580,2.);
#4168=CIRCLE('',#10581,0.75);
#4169=CIRCLE('',#10582,0.85);
#4170=CIRCLE('',#10583,0.75);
#4171=CIRCLE('',#10584,0.85);
#4172=CIRCLE('',#10585,2.);
#4173=CIRCLE('',#10586,0.75);
#4174=CIRCLE('',#10587,0.85);
#4175=CIRCLE('',#10588,0.75);
#4176=CIRCLE('',#10589,1.6);
#4177=CIRCLE('',#10590,0.85);
#4178=CIRCLE('',#10591,0.75);
#4179=CIRCLE('',#10592,2.);
#4180=CIRCLE('',#10593,0.85);
#4181=CIRCLE('',#10594,0.75);
#4182=CIRCLE('',#10595,0.85);
#4183=CIRCLE('',#10596,0.75);
#4184=CIRCLE('',#10597,2.);
#4185=CIRCLE('',#10598,0.85);
#4186=CIRCLE('',#10599,0.75);
#4187=CIRCLE('',#10600,0.5);
#4188=CIRCLE('',#10601,0.5);
#4189=CIRCLE('',#10602,0.5);
#4190=CIRCLE('',#10603,0.5);
#4191=CIRCLE('',#10604,0.5);
#4192=CIRCLE('',#10605,0.5);
#4193=CIRCLE('',#10606,0.5);
#4194=CIRCLE('',#10607,0.5);
#4195=CIRCLE('',#10608,1.6);
#4196=CIRCLE('',#10609,0.5);
#4197=CIRCLE('',#10610,0.5);
#4198=CIRCLE('',#10611,1.6);
#4199=CIRCLE('',#10613,1.6);
#4200=CIRCLE('',#10614,0.85);
#4201=CIRCLE('',#10615,2.);
#4202=CIRCLE('',#10616,0.75);
#4203=CIRCLE('',#10617,0.85);
#4204=CIRCLE('',#10618,0.75);
#4205=CIRCLE('',#10619,0.85);
#4206=CIRCLE('',#10620,2.);
#4207=CIRCLE('',#10621,0.75);
#4208=CIRCLE('',#10622,0.85);
#4209=CIRCLE('',#10623,0.75);
#4210=CIRCLE('',#10624,1.6);
#4211=CIRCLE('',#10625,0.85);
#4212=CIRCLE('',#10626,0.75);
#4213=CIRCLE('',#10627,2.);
#4214=CIRCLE('',#10628,0.85);
#4215=CIRCLE('',#10629,0.75);
#4216=CIRCLE('',#10630,0.85);
#4217=CIRCLE('',#10631,0.75);
#4218=CIRCLE('',#10632,2.);
#4219=CIRCLE('',#10633,0.85);
#4220=CIRCLE('',#10634,0.75);
#4221=CIRCLE('',#10635,0.5);
#4222=CIRCLE('',#10636,0.5);
#4223=CIRCLE('',#10637,0.5);
#4224=CIRCLE('',#10638,0.5);
#4225=CIRCLE('',#10639,0.5);
#4226=CIRCLE('',#10640,0.5);
#4227=CIRCLE('',#10641,0.5);
#4228=CIRCLE('',#10642,0.5);
#4229=CIRCLE('',#10643,1.6);
#4230=CIRCLE('',#10644,0.5);
#4231=CIRCLE('',#10645,0.5);
#4232=CIRCLE('',#10646,1.6);
#4233=CIRCLE('',#10690,1.25);
#4234=CIRCLE('',#10691,1.25);
#4235=CIRCLE('',#10693,1.25);
#4236=CIRCLE('',#10694,1.25);
#4237=CIRCLE('',#10703,0.3);
#4238=CIRCLE('',#10704,0.3);
#4239=CIRCLE('',#10706,0.3);
#4240=CIRCLE('',#10708,0.9);
#4241=CIRCLE('',#10710,0.9);
#4242=CIRCLE('',#10712,0.66);
#4243=CIRCLE('',#10714,0.66);
#4244=CIRCLE('',#10716,0.23);
#4245=CIRCLE('',#10718,0.23);
#4246=CIRCLE('',#10720,0.229999999999999);
#4247=CIRCLE('',#10723,0.3);
#4248=CIRCLE('',#10724,0.3);
#4249=CIRCLE('',#10726,0.3);
#4250=CIRCLE('',#10728,0.9);
#4251=CIRCLE('',#10730,0.9);
#4252=CIRCLE('',#10732,0.66);
#4253=CIRCLE('',#10734,0.66);
#4254=CIRCLE('',#10736,0.23);
#4255=CIRCLE('',#10738,0.23);
#4256=CIRCLE('',#10740,0.229999999999999);
#4257=CIRCLE('',#10743,0.3);
#4258=CIRCLE('',#10744,0.3);
#4259=CIRCLE('',#10746,0.3);
#4260=CIRCLE('',#10748,0.9);
#4261=CIRCLE('',#10750,0.9);
#4262=CIRCLE('',#10752,0.66);
#4263=CIRCLE('',#10754,0.66);
#4264=CIRCLE('',#10756,0.23);
#4265=CIRCLE('',#10758,0.23);
#4266=CIRCLE('',#10760,0.23);
#4267=CIRCLE('',#10763,0.3);
#4268=CIRCLE('',#10764,0.3);
#4269=CIRCLE('',#10766,0.3);
#4270=CIRCLE('',#10768,0.9);
#4271=CIRCLE('',#10770,0.9);
#4272=CIRCLE('',#10772,0.66);
#4273=CIRCLE('',#10774,0.66);
#4274=CIRCLE('',#10776,0.23);
#4275=CIRCLE('',#10778,0.23);
#4276=CIRCLE('',#10780,0.229999999999999);
#4277=CIRCLE('',#10783,0.3);
#4278=CIRCLE('',#10784,0.299999999999998);
#4279=CIRCLE('',#10786,0.3);
#4280=CIRCLE('',#10788,0.9);
#4281=CIRCLE('',#10790,0.9);
#4282=CIRCLE('',#10792,0.66);
#4283=CIRCLE('',#10794,0.66);
#4284=CIRCLE('',#10796,0.23);
#4285=CIRCLE('',#10798,0.23);
#4286=CIRCLE('',#10800,0.230000000000001);
#4287=CIRCLE('',#10803,0.66);
#4288=CIRCLE('',#10804,0.66);
#4289=CIRCLE('',#10806,0.66);
#4290=CIRCLE('',#10807,0.66);
#4291=CIRCLE('',#10809,0.66);
#4292=CIRCLE('',#10810,0.66);
#4293=CIRCLE('',#10812,0.66);
#4294=CIRCLE('',#10813,0.66);
#4295=CIRCLE('',#10815,0.66);
#4296=CIRCLE('',#10816,0.66);
#4297=CIRCLE('',#10818,0.66);
#4298=CIRCLE('',#10819,0.66);
#4299=CIRCLE('',#10821,0.66);
#4300=CIRCLE('',#10822,0.66);
#4301=CIRCLE('',#10824,0.9);
#4302=CIRCLE('',#10825,0.9);
#4303=CIRCLE('',#10826,0.9);
#4304=CIRCLE('',#10827,0.9);
#4305=CIRCLE('',#10828,0.9);
#4306=CIRCLE('',#10829,0.9);
#4307=CIRCLE('',#10830,0.9);
#4308=CIRCLE('',#10831,0.9);
#4309=CIRCLE('',#10833,0.9);
#4310=CIRCLE('',#10836,0.9);
#4311=CIRCLE('',#10839,0.9);
#4312=CIRCLE('',#10842,0.9);
#4313=CIRCLE('',#10845,0.9);
#4314=CIRCLE('',#10848,0.9);
#4315=CIRCLE('',#10851,0.9);
#4316=CIRCLE('',#10854,0.66);
#4317=CIRCLE('',#10924,0.9);
#4318=CIRCLE('',#10926,0.66);
#4319=CIRCLE('',#10930,0.3);
#4320=CIRCLE('',#10931,0.3);
#4321=CIRCLE('',#10933,0.3);
#4322=CIRCLE('',#10935,0.9);
#4323=CIRCLE('',#10937,0.9);
#4324=CIRCLE('',#10939,0.66);
#4325=CIRCLE('',#10941,0.66);
#4326=CIRCLE('',#10943,0.23);
#4327=CIRCLE('',#10945,0.23);
#4328=CIRCLE('',#10947,0.229999999999999);
#4329=CIRCLE('',#10950,0.3);
#4330=CIRCLE('',#10951,0.299999999999998);
#4331=CIRCLE('',#10953,0.3);
#4332=CIRCLE('',#10955,0.9);
#4333=CIRCLE('',#10957,0.9);
#4334=CIRCLE('',#10959,0.66);
#4335=CIRCLE('',#10961,0.66);
#4336=CIRCLE('',#10963,0.23);
#4337=CIRCLE('',#10965,0.23);
#4338=CIRCLE('',#10967,0.230000000000001);
#4339=CIRCLE('',#10970,0.3);
#4340=CIRCLE('',#10971,0.299999999999998);
#4341=CIRCLE('',#10973,0.3);
#4342=CIRCLE('',#10975,0.9);
#4343=CIRCLE('',#10977,0.9);
#4344=CIRCLE('',#10979,0.66);
#4345=CIRCLE('',#10981,0.66);
#4346=CIRCLE('',#10983,0.23);
#4347=CIRCLE('',#10985,0.23);
#4348=CIRCLE('',#10987,0.230000000000001);
#4349=CIRCLE('',#11011,2.3);
#4350=CIRCLE('',#11012,2.3);
#4351=CIRCLE('',#11015,2.3);
#4352=CIRCLE('',#11016,2.3);
#4353=CIRCLE('',#11019,2.3);
#4354=CIRCLE('',#11020,2.3);
#4355=CIRCLE('',#11023,2.3);
#4356=CIRCLE('',#11024,2.3);
#4357=CIRCLE('',#11027,2.3);
#4358=CIRCLE('',#11028,2.3);
#4359=CIRCLE('',#11035,2.3);
#4360=CIRCLE('',#11036,2.3);
#4361=CIRCLE('',#11043,2.3);
#4362=CIRCLE('',#11044,2.3);
#4363=CIRCLE('',#11051,2.3);
#4364=CIRCLE('',#11052,2.3);
#4365=CIRCLE('',#11076,1.6);
#4366=CIRCLE('',#11077,1.6);
#4367=CIRCLE('',#11079,1.6);
#4368=CIRCLE('',#11080,1.6);
#4369=CIRCLE('',#11082,1.6);
#4370=CIRCLE('',#11083,1.6);
#4371=CIRCLE('',#11085,1.6);
#4372=CIRCLE('',#11086,1.6);
#4373=VERTEX_POINT('',#13801);
#4374=VERTEX_POINT('',#13803);
#4375=VERTEX_POINT('',#13807);
#4376=VERTEX_POINT('',#13811);
#4377=VERTEX_POINT('',#13815);
#4378=VERTEX_POINT('',#13817);
#4379=VERTEX_POINT('',#13820);
#4380=VERTEX_POINT('',#13823);
#4381=VERTEX_POINT('',#13827);
#4382=VERTEX_POINT('',#13831);
#4383=VERTEX_POINT('',#13835);
#4384=VERTEX_POINT('',#13839);
#4385=VERTEX_POINT('',#13849);
#4386=VERTEX_POINT('',#13850);
#4387=VERTEX_POINT('',#13852);
#4388=VERTEX_POINT('',#13854);
#4389=VERTEX_POINT('',#13858);
#4390=VERTEX_POINT('',#13859);
#4391=VERTEX_POINT('',#13861);
#4392=VERTEX_POINT('',#13863);
#4393=VERTEX_POINT('',#13865);
#4394=VERTEX_POINT('',#13868);
#4395=VERTEX_POINT('',#13872);
#4396=VERTEX_POINT('',#13874);
#4397=VERTEX_POINT('',#13876);
#4398=VERTEX_POINT('',#13878);
#4399=VERTEX_POINT('',#13880);
#4400=VERTEX_POINT('',#13882);
#4401=VERTEX_POINT('',#13889);
#4402=VERTEX_POINT('',#13890);
#4403=VERTEX_POINT('',#13892);
#4404=VERTEX_POINT('',#13894);
#4405=VERTEX_POINT('',#13897);
#4406=VERTEX_POINT('',#13898);
#4407=VERTEX_POINT('',#13900);
#4408=VERTEX_POINT('',#13902);
#4409=VERTEX_POINT('',#13905);
#4410=VERTEX_POINT('',#13906);
#4411=VERTEX_POINT('',#13908);
#4412=VERTEX_POINT('',#13910);
#4413=VERTEX_POINT('',#13913);
#4414=VERTEX_POINT('',#13914);
#4415=VERTEX_POINT('',#13916);
#4416=VERTEX_POINT('',#13918);
#4417=VERTEX_POINT('',#13921);
#4418=VERTEX_POINT('',#13922);
#4419=VERTEX_POINT('',#13924);
#4420=VERTEX_POINT('',#13926);
#4421=VERTEX_POINT('',#13929);
#4422=VERTEX_POINT('',#13930);
#4423=VERTEX_POINT('',#13932);
#4424=VERTEX_POINT('',#13934);
#4425=VERTEX_POINT('',#13937);
#4426=VERTEX_POINT('',#13938);
#4427=VERTEX_POINT('',#13940);
#4428=VERTEX_POINT('',#13942);
#4429=VERTEX_POINT('',#13945);
#4430=VERTEX_POINT('',#13946);
#4431=VERTEX_POINT('',#13948);
#4432=VERTEX_POINT('',#13950);
#4433=VERTEX_POINT('',#13960);
#4434=VERTEX_POINT('',#13961);
#4435=VERTEX_POINT('',#13963);
#4436=VERTEX_POINT('',#13965);
#4437=VERTEX_POINT('',#13967);
#4438=VERTEX_POINT('',#13969);
#4439=VERTEX_POINT('',#13971);
#4440=VERTEX_POINT('',#13973);
#4441=VERTEX_POINT('',#13976);
#4442=VERTEX_POINT('',#13977);
#4443=VERTEX_POINT('',#13979);
#4444=VERTEX_POINT('',#13981);
#4445=VERTEX_POINT('',#13983);
#4446=VERTEX_POINT('',#13985);
#4447=VERTEX_POINT('',#13987);
#4448=VERTEX_POINT('',#13989);
#4449=VERTEX_POINT('',#13992);
#4450=VERTEX_POINT('',#13993);
#4451=VERTEX_POINT('',#13995);
#4452=VERTEX_POINT('',#13997);
#4453=VERTEX_POINT('',#13999);
#4454=VERTEX_POINT('',#14001);
#4455=VERTEX_POINT('',#14003);
#4456=VERTEX_POINT('',#14005);
#4457=VERTEX_POINT('',#14008);
#4458=VERTEX_POINT('',#14009);
#4459=VERTEX_POINT('',#14011);
#4460=VERTEX_POINT('',#14013);
#4461=VERTEX_POINT('',#14015);
#4462=VERTEX_POINT('',#14017);
#4463=VERTEX_POINT('',#14019);
#4464=VERTEX_POINT('',#14021);
#4465=VERTEX_POINT('',#14024);
#4466=VERTEX_POINT('',#14025);
#4467=VERTEX_POINT('',#14027);
#4468=VERTEX_POINT('',#14029);
#4469=VERTEX_POINT('',#14031);
#4470=VERTEX_POINT('',#14033);
#4471=VERTEX_POINT('',#14035);
#4472=VERTEX_POINT('',#14037);
#4473=VERTEX_POINT('',#14040);
#4474=VERTEX_POINT('',#14041);
#4475=VERTEX_POINT('',#14043);
#4476=VERTEX_POINT('',#14045);
#4477=VERTEX_POINT('',#14047);
#4478=VERTEX_POINT('',#14049);
#4479=VERTEX_POINT('',#14051);
#4480=VERTEX_POINT('',#14053);
#4481=VERTEX_POINT('',#14056);
#4482=VERTEX_POINT('',#14057);
#4483=VERTEX_POINT('',#14059);
#4484=VERTEX_POINT('',#14061);
#4485=VERTEX_POINT('',#14063);
#4486=VERTEX_POINT('',#14065);
#4487=VERTEX_POINT('',#14067);
#4488=VERTEX_POINT('',#14069);
#4489=VERTEX_POINT('',#14072);
#4490=VERTEX_POINT('',#14073);
#4491=VERTEX_POINT('',#14075);
#4492=VERTEX_POINT('',#14077);
#4493=VERTEX_POINT('',#14079);
#4494=VERTEX_POINT('',#14081);
#4495=VERTEX_POINT('',#14083);
#4496=VERTEX_POINT('',#14085);
#4497=VERTEX_POINT('',#14091);
#4498=VERTEX_POINT('',#14093);
#4499=VERTEX_POINT('',#14097);
#4500=VERTEX_POINT('',#14101);
#4501=VERTEX_POINT('',#14107);
#4502=VERTEX_POINT('',#14109);
#4503=VERTEX_POINT('',#14113);
#4504=VERTEX_POINT('',#14117);
#4505=VERTEX_POINT('',#14123);
#4506=VERTEX_POINT('',#14125);
#4507=VERTEX_POINT('',#14129);
#4508=VERTEX_POINT('',#14133);
#4509=VERTEX_POINT('',#14139);
#4510=VERTEX_POINT('',#14141);
#4511=VERTEX_POINT('',#14145);
#4512=VERTEX_POINT('',#14149);
#4513=VERTEX_POINT('',#14155);
#4514=VERTEX_POINT('',#14157);
#4515=VERTEX_POINT('',#14161);
#4516=VERTEX_POINT('',#14165);
#4517=VERTEX_POINT('',#14171);
#4518=VERTEX_POINT('',#14173);
#4519=VERTEX_POINT('',#14177);
#4520=VERTEX_POINT('',#14181);
#4521=VERTEX_POINT('',#14187);
#4522=VERTEX_POINT('',#14189);
#4523=VERTEX_POINT('',#14193);
#4524=VERTEX_POINT('',#14197);
#4525=VERTEX_POINT('',#14203);
#4526=VERTEX_POINT('',#14205);
#4527=VERTEX_POINT('',#14209);
#4528=VERTEX_POINT('',#14213);
#4529=VERTEX_POINT('',#14221);
#4530=VERTEX_POINT('',#14223);
#4531=VERTEX_POINT('',#14225);
#4532=VERTEX_POINT('',#14227);
#4533=VERTEX_POINT('',#14233);
#4534=VERTEX_POINT('',#14235);
#4535=VERTEX_POINT('',#14237);
#4536=VERTEX_POINT('',#14239);
#4537=VERTEX_POINT('',#14245);
#4538=VERTEX_POINT('',#14247);
#4539=VERTEX_POINT('',#14249);
#4540=VERTEX_POINT('',#14251);
#4541=VERTEX_POINT('',#14257);
#4542=VERTEX_POINT('',#14259);
#4543=VERTEX_POINT('',#14261);
#4544=VERTEX_POINT('',#14263);
#4545=VERTEX_POINT('',#14269);
#4546=VERTEX_POINT('',#14271);
#4547=VERTEX_POINT('',#14273);
#4548=VERTEX_POINT('',#14275);
#4549=VERTEX_POINT('',#14281);
#4550=VERTEX_POINT('',#14283);
#4551=VERTEX_POINT('',#14285);
#4552=VERTEX_POINT('',#14287);
#4553=VERTEX_POINT('',#14293);
#4554=VERTEX_POINT('',#14295);
#4555=VERTEX_POINT('',#14297);
#4556=VERTEX_POINT('',#14299);
#4557=VERTEX_POINT('',#14305);
#4558=VERTEX_POINT('',#14307);
#4559=VERTEX_POINT('',#14309);
#4560=VERTEX_POINT('',#14311);
#4561=VERTEX_POINT('',#14317);
#4562=VERTEX_POINT('',#14319);
#4563=VERTEX_POINT('',#14321);
#4564=VERTEX_POINT('',#14323);
#4565=VERTEX_POINT('',#14329);
#4566=VERTEX_POINT('',#14331);
#4567=VERTEX_POINT('',#14333);
#4568=VERTEX_POINT('',#14335);
#4569=VERTEX_POINT('',#14341);
#4570=VERTEX_POINT('',#14343);
#4571=VERTEX_POINT('',#14345);
#4572=VERTEX_POINT('',#14347);
#4573=VERTEX_POINT('',#14353);
#4574=VERTEX_POINT('',#14355);
#4575=VERTEX_POINT('',#14357);
#4576=VERTEX_POINT('',#14359);
#4577=VERTEX_POINT('',#14365);
#4578=VERTEX_POINT('',#14367);
#4579=VERTEX_POINT('',#14369);
#4580=VERTEX_POINT('',#14371);
#4581=VERTEX_POINT('',#14377);
#4582=VERTEX_POINT('',#14379);
#4583=VERTEX_POINT('',#14381);
#4584=VERTEX_POINT('',#14383);
#4585=VERTEX_POINT('',#14389);
#4586=VERTEX_POINT('',#14391);
#4587=VERTEX_POINT('',#14393);
#4588=VERTEX_POINT('',#14395);
#4589=VERTEX_POINT('',#14401);
#4590=VERTEX_POINT('',#14403);
#4591=VERTEX_POINT('',#14405);
#4592=VERTEX_POINT('',#14407);
#4593=VERTEX_POINT('',#14411);
#4594=VERTEX_POINT('',#14413);
#4595=VERTEX_POINT('',#14417);
#4596=VERTEX_POINT('',#14419);
#4597=VERTEX_POINT('',#14421);
#4598=VERTEX_POINT('',#14423);
#4599=VERTEX_POINT('',#14425);
#4600=VERTEX_POINT('',#14429);
#4601=VERTEX_POINT('',#14433);
#4602=VERTEX_POINT('',#14435);
#4603=VERTEX_POINT('',#14437);
#4604=VERTEX_POINT('',#14439);
#4605=VERTEX_POINT('',#14443);
#4606=VERTEX_POINT('',#14445);
#4607=VERTEX_POINT('',#14449);
#4608=VERTEX_POINT('',#14451);
#4609=VERTEX_POINT('',#14453);
#4610=VERTEX_POINT('',#14455);
#4611=VERTEX_POINT('',#14457);
#4612=VERTEX_POINT('',#14461);
#4613=VERTEX_POINT('',#14465);
#4614=VERTEX_POINT('',#14467);
#4615=VERTEX_POINT('',#14469);
#4616=VERTEX_POINT('',#14471);
#4617=VERTEX_POINT('',#14475);
#4618=VERTEX_POINT('',#14477);
#4619=VERTEX_POINT('',#14481);
#4620=VERTEX_POINT('',#14483);
#4621=VERTEX_POINT('',#14485);
#4622=VERTEX_POINT('',#14487);
#4623=VERTEX_POINT('',#14489);
#4624=VERTEX_POINT('',#14493);
#4625=VERTEX_POINT('',#14497);
#4626=VERTEX_POINT('',#14499);
#4627=VERTEX_POINT('',#14501);
#4628=VERTEX_POINT('',#14503);
#4629=VERTEX_POINT('',#14507);
#4630=VERTEX_POINT('',#14509);
#4631=VERTEX_POINT('',#14513);
#4632=VERTEX_POINT('',#14515);
#4633=VERTEX_POINT('',#14517);
#4634=VERTEX_POINT('',#14519);
#4635=VERTEX_POINT('',#14521);
#4636=VERTEX_POINT('',#14525);
#4637=VERTEX_POINT('',#14529);
#4638=VERTEX_POINT('',#14531);
#4639=VERTEX_POINT('',#14533);
#4640=VERTEX_POINT('',#14535);
#4641=VERTEX_POINT('',#14539);
#4642=VERTEX_POINT('',#14541);
#4643=VERTEX_POINT('',#14545);
#4644=VERTEX_POINT('',#14547);
#4645=VERTEX_POINT('',#14549);
#4646=VERTEX_POINT('',#14551);
#4647=VERTEX_POINT('',#14553);
#4648=VERTEX_POINT('',#14557);
#4649=VERTEX_POINT('',#14561);
#4650=VERTEX_POINT('',#14563);
#4651=VERTEX_POINT('',#14565);
#4652=VERTEX_POINT('',#14567);
#4653=VERTEX_POINT('',#14571);
#4654=VERTEX_POINT('',#14573);
#4655=VERTEX_POINT('',#14577);
#4656=VERTEX_POINT('',#14579);
#4657=VERTEX_POINT('',#14581);
#4658=VERTEX_POINT('',#14583);
#4659=VERTEX_POINT('',#14585);
#4660=VERTEX_POINT('',#14589);
#4661=VERTEX_POINT('',#14593);
#4662=VERTEX_POINT('',#14595);
#4663=VERTEX_POINT('',#14597);
#4664=VERTEX_POINT('',#14599);
#4665=VERTEX_POINT('',#14603);
#4666=VERTEX_POINT('',#14605);
#4667=VERTEX_POINT('',#14609);
#4668=VERTEX_POINT('',#14611);
#4669=VERTEX_POINT('',#14613);
#4670=VERTEX_POINT('',#14615);
#4671=VERTEX_POINT('',#14617);
#4672=VERTEX_POINT('',#14621);
#4673=VERTEX_POINT('',#14625);
#4674=VERTEX_POINT('',#14627);
#4675=VERTEX_POINT('',#14629);
#4676=VERTEX_POINT('',#14631);
#4677=VERTEX_POINT('',#14635);
#4678=VERTEX_POINT('',#14637);
#4679=VERTEX_POINT('',#14641);
#4680=VERTEX_POINT('',#14643);
#4681=VERTEX_POINT('',#14645);
#4682=VERTEX_POINT('',#14647);
#4683=VERTEX_POINT('',#14649);
#4684=VERTEX_POINT('',#14653);
#4685=VERTEX_POINT('',#14657);
#4686=VERTEX_POINT('',#14659);
#4687=VERTEX_POINT('',#14661);
#4688=VERTEX_POINT('',#14663);
#4689=VERTEX_POINT('',#14743);
#4690=VERTEX_POINT('',#14745);
#4691=VERTEX_POINT('',#14747);
#4692=VERTEX_POINT('',#14749);
#4693=VERTEX_POINT('',#14753);
#4694=VERTEX_POINT('',#14757);
#4695=VERTEX_POINT('',#14759);
#4696=VERTEX_POINT('',#14761);
#4697=VERTEX_POINT('',#14771);
#4698=VERTEX_POINT('',#14773);
#4699=VERTEX_POINT('',#14775);
#4700=VERTEX_POINT('',#14777);
#4701=VERTEX_POINT('',#14781);
#4702=VERTEX_POINT('',#14785);
#4703=VERTEX_POINT('',#14787);
#4704=VERTEX_POINT('',#14789);
#4705=VERTEX_POINT('',#14799);
#4706=VERTEX_POINT('',#14801);
#4707=VERTEX_POINT('',#14803);
#4708=VERTEX_POINT('',#14805);
#4709=VERTEX_POINT('',#14809);
#4710=VERTEX_POINT('',#14813);
#4711=VERTEX_POINT('',#14815);
#4712=VERTEX_POINT('',#14817);
#4713=VERTEX_POINT('',#14827);
#4714=VERTEX_POINT('',#14829);
#4715=VERTEX_POINT('',#14831);
#4716=VERTEX_POINT('',#14833);
#4717=VERTEX_POINT('',#14837);
#4718=VERTEX_POINT('',#14841);
#4719=VERTEX_POINT('',#14843);
#4720=VERTEX_POINT('',#14845);
#4721=VERTEX_POINT('',#14855);
#4722=VERTEX_POINT('',#14857);
#4723=VERTEX_POINT('',#14859);
#4724=VERTEX_POINT('',#14861);
#4725=VERTEX_POINT('',#14865);
#4726=VERTEX_POINT('',#14869);
#4727=VERTEX_POINT('',#14871);
#4728=VERTEX_POINT('',#14873);
#4729=VERTEX_POINT('',#14883);
#4730=VERTEX_POINT('',#14885);
#4731=VERTEX_POINT('',#14887);
#4732=VERTEX_POINT('',#14889);
#4733=VERTEX_POINT('',#14893);
#4734=VERTEX_POINT('',#14897);
#4735=VERTEX_POINT('',#14899);
#4736=VERTEX_POINT('',#14901);
#4737=VERTEX_POINT('',#14911);
#4738=VERTEX_POINT('',#14913);
#4739=VERTEX_POINT('',#14915);
#4740=VERTEX_POINT('',#14917);
#4741=VERTEX_POINT('',#14921);
#4742=VERTEX_POINT('',#14925);
#4743=VERTEX_POINT('',#14927);
#4744=VERTEX_POINT('',#14929);
#4745=VERTEX_POINT('',#14939);
#4746=VERTEX_POINT('',#14941);
#4747=VERTEX_POINT('',#14943);
#4748=VERTEX_POINT('',#14945);
#4749=VERTEX_POINT('',#14949);
#4750=VERTEX_POINT('',#14953);
#4751=VERTEX_POINT('',#14955);
#4752=VERTEX_POINT('',#14957);
#4753=VERTEX_POINT('',#15005);
#4754=VERTEX_POINT('',#15006);
#4755=VERTEX_POINT('',#15008);
#4756=VERTEX_POINT('',#15010);
#4757=VERTEX_POINT('',#15014);
#4758=VERTEX_POINT('',#15015);
#4759=VERTEX_POINT('',#15020);
#4760=VERTEX_POINT('',#15022);
#4761=VERTEX_POINT('',#15027);
#4762=VERTEX_POINT('',#15029);
#4763=VERTEX_POINT('',#15031);
#4764=VERTEX_POINT('',#15033);
#4765=VERTEX_POINT('',#15035);
#4766=VERTEX_POINT('',#15037);
#4767=VERTEX_POINT('',#15039);
#4768=VERTEX_POINT('',#15041);
#4769=VERTEX_POINT('',#15043);
#4770=VERTEX_POINT('',#15045);
#4771=VERTEX_POINT('',#15047);
#4772=VERTEX_POINT('',#15049);
#4773=VERTEX_POINT('',#15051);
#4774=VERTEX_POINT('',#15053);
#4775=VERTEX_POINT('',#15055);
#4776=VERTEX_POINT('',#15057);
#4777=VERTEX_POINT('',#15059);
#4778=VERTEX_POINT('',#15061);
#4779=VERTEX_POINT('',#15063);
#4780=VERTEX_POINT('',#15065);
#4781=VERTEX_POINT('',#15067);
#4782=VERTEX_POINT('',#15069);
#4783=VERTEX_POINT('',#15071);
#4784=VERTEX_POINT('',#15073);
#4785=VERTEX_POINT('',#15075);
#4786=VERTEX_POINT('',#15077);
#4787=VERTEX_POINT('',#15079);
#4788=VERTEX_POINT('',#15081);
#4789=VERTEX_POINT('',#15083);
#4790=VERTEX_POINT('',#15085);
#4791=VERTEX_POINT('',#15087);
#4792=VERTEX_POINT('',#15089);
#4793=VERTEX_POINT('',#15091);
#4794=VERTEX_POINT('',#15093);
#4795=VERTEX_POINT('',#15097);
#4796=VERTEX_POINT('',#15099);
#4797=VERTEX_POINT('',#15101);
#4798=VERTEX_POINT('',#15103);
#4799=VERTEX_POINT('',#15105);
#4800=VERTEX_POINT('',#15107);
#4801=VERTEX_POINT('',#15109);
#4802=VERTEX_POINT('',#15111);
#4803=VERTEX_POINT('',#15113);
#4804=VERTEX_POINT('',#15115);
#4805=VERTEX_POINT('',#15117);
#4806=VERTEX_POINT('',#15119);
#4807=VERTEX_POINT('',#15121);
#4808=VERTEX_POINT('',#15123);
#4809=VERTEX_POINT('',#15125);
#4810=VERTEX_POINT('',#15127);
#4811=VERTEX_POINT('',#15129);
#4812=VERTEX_POINT('',#15131);
#4813=VERTEX_POINT('',#15133);
#4814=VERTEX_POINT('',#15135);
#4815=VERTEX_POINT('',#15137);
#4816=VERTEX_POINT('',#15139);
#4817=VERTEX_POINT('',#15141);
#4818=VERTEX_POINT('',#15143);
#4819=VERTEX_POINT('',#15145);
#4820=VERTEX_POINT('',#15147);
#4821=VERTEX_POINT('',#15149);
#4822=VERTEX_POINT('',#15151);
#4823=VERTEX_POINT('',#15153);
#4824=VERTEX_POINT('',#15155);
#4825=VERTEX_POINT('',#15157);
#4826=VERTEX_POINT('',#15159);
#4827=VERTEX_POINT('',#15161);
#4828=VERTEX_POINT('',#15163);
#4829=VERTEX_POINT('',#15237);
#4830=VERTEX_POINT('',#15238);
#4831=VERTEX_POINT('',#15240);
#4832=VERTEX_POINT('',#15242);
#4833=VERTEX_POINT('',#15246);
#4834=VERTEX_POINT('',#15248);
#4835=VERTEX_POINT('',#15252);
#4836=VERTEX_POINT('',#15256);
#4837=VERTEX_POINT('',#15262);
#4838=VERTEX_POINT('',#15263);
#4839=VERTEX_POINT('',#15265);
#4840=VERTEX_POINT('',#15267);
#4841=VERTEX_POINT('',#15270);
#4842=VERTEX_POINT('',#15272);
#4843=VERTEX_POINT('',#15275);
#4844=VERTEX_POINT('',#15276);
#4845=VERTEX_POINT('',#15278);
#4846=VERTEX_POINT('',#15280);
#4847=VERTEX_POINT('',#15283);
#4848=VERTEX_POINT('',#15285);
#4849=VERTEX_POINT('',#15301);
#4850=VERTEX_POINT('',#15303);
#4851=VERTEX_POINT('',#15306);
#4852=VERTEX_POINT('',#15310);
#4853=VERTEX_POINT('',#15313);
#4854=VERTEX_POINT('',#15317);
#4855=VERTEX_POINT('',#15320);
#4856=VERTEX_POINT('',#15324);
#4857=VERTEX_POINT('',#15328);
#4858=VERTEX_POINT('',#15332);
#4859=VERTEX_POINT('',#15336);
#4860=VERTEX_POINT('',#15338);
#4861=VERTEX_POINT('',#15341);
#4862=VERTEX_POINT('',#15345);
#4863=VERTEX_POINT('',#15348);
#4864=VERTEX_POINT('',#15352);
#4865=VERTEX_POINT('',#15355);
#4866=VERTEX_POINT('',#15359);
#4867=VERTEX_POINT('',#15363);
#4868=VERTEX_POINT('',#15367);
#4869=VERTEX_POINT('',#15371);
#4870=VERTEX_POINT('',#15373);
#4871=VERTEX_POINT('',#15376);
#4872=VERTEX_POINT('',#15380);
#4873=VERTEX_POINT('',#15383);
#4874=VERTEX_POINT('',#15387);
#4875=VERTEX_POINT('',#15390);
#4876=VERTEX_POINT('',#15394);
#4877=VERTEX_POINT('',#15398);
#4878=VERTEX_POINT('',#15402);
#4879=VERTEX_POINT('',#15406);
#4880=VERTEX_POINT('',#15408);
#4881=VERTEX_POINT('',#15411);
#4882=VERTEX_POINT('',#15415);
#4883=VERTEX_POINT('',#15418);
#4884=VERTEX_POINT('',#15422);
#4885=VERTEX_POINT('',#15425);
#4886=VERTEX_POINT('',#15429);
#4887=VERTEX_POINT('',#15433);
#4888=VERTEX_POINT('',#15437);
#4889=VERTEX_POINT('',#15441);
#4890=VERTEX_POINT('',#15443);
#4891=VERTEX_POINT('',#15446);
#4892=VERTEX_POINT('',#15450);
#4893=VERTEX_POINT('',#15453);
#4894=VERTEX_POINT('',#15457);
#4895=VERTEX_POINT('',#15460);
#4896=VERTEX_POINT('',#15464);
#4897=VERTEX_POINT('',#15468);
#4898=VERTEX_POINT('',#15472);
#4899=VERTEX_POINT('',#15476);
#4900=VERTEX_POINT('',#15478);
#4901=VERTEX_POINT('',#15482);
#4902=VERTEX_POINT('',#15484);
#4903=VERTEX_POINT('',#15488);
#4904=VERTEX_POINT('',#15490);
#4905=VERTEX_POINT('',#15494);
#4906=VERTEX_POINT('',#15496);
#4907=VERTEX_POINT('',#15500);
#4908=VERTEX_POINT('',#15502);
#4909=VERTEX_POINT('',#15506);
#4910=VERTEX_POINT('',#15508);
#4911=VERTEX_POINT('',#15512);
#4912=VERTEX_POINT('',#15514);
#4913=VERTEX_POINT('',#15518);
#4914=VERTEX_POINT('',#15519);
#4915=VERTEX_POINT('',#15521);
#4916=VERTEX_POINT('',#15523);
#4917=VERTEX_POINT('',#15525);
#4918=VERTEX_POINT('',#15527);
#4919=VERTEX_POINT('',#15529);
#4920=VERTEX_POINT('',#15531);
#4921=VERTEX_POINT('',#15533);
#4922=VERTEX_POINT('',#15535);
#4923=VERTEX_POINT('',#15537);
#4924=VERTEX_POINT('',#15539);
#4925=VERTEX_POINT('',#15541);
#4926=VERTEX_POINT('',#15543);
#4927=VERTEX_POINT('',#15545);
#4928=VERTEX_POINT('',#15547);
#4929=VERTEX_POINT('',#15549);
#4930=VERTEX_POINT('',#15551);
#4931=VERTEX_POINT('',#15553);
#4932=VERTEX_POINT('',#15555);
#4933=VERTEX_POINT('',#15557);
#4934=VERTEX_POINT('',#15559);
#4935=VERTEX_POINT('',#15561);
#4936=VERTEX_POINT('',#15563);
#4937=VERTEX_POINT('',#15565);
#4938=VERTEX_POINT('',#15567);
#4939=VERTEX_POINT('',#15569);
#4940=VERTEX_POINT('',#15571);
#4941=VERTEX_POINT('',#15573);
#4942=VERTEX_POINT('',#15575);
#4943=VERTEX_POINT('',#15577);
#4944=VERTEX_POINT('',#15579);
#4945=VERTEX_POINT('',#15581);
#4946=VERTEX_POINT('',#15583);
#4947=VERTEX_POINT('',#15585);
#4948=VERTEX_POINT('',#15587);
#4949=VERTEX_POINT('',#15589);
#4950=VERTEX_POINT('',#15591);
#4951=VERTEX_POINT('',#15593);
#4952=VERTEX_POINT('',#15595);
#4953=VERTEX_POINT('',#15597);
#4954=VERTEX_POINT('',#15599);
#4955=VERTEX_POINT('',#15601);
#4956=VERTEX_POINT('',#15603);
#4957=VERTEX_POINT('',#15605);
#4958=VERTEX_POINT('',#15607);
#4959=VERTEX_POINT('',#15609);
#4960=VERTEX_POINT('',#15611);
#4961=VERTEX_POINT('',#15613);
#4962=VERTEX_POINT('',#15615);
#4963=VERTEX_POINT('',#15617);
#4964=VERTEX_POINT('',#15619);
#4965=VERTEX_POINT('',#15621);
#4966=VERTEX_POINT('',#15623);
#4967=VERTEX_POINT('',#15625);
#4968=VERTEX_POINT('',#15627);
#4969=VERTEX_POINT('',#15629);
#4970=VERTEX_POINT('',#15631);
#4971=VERTEX_POINT('',#15633);
#4972=VERTEX_POINT('',#15635);
#4973=VERTEX_POINT('',#15637);
#4974=VERTEX_POINT('',#15639);
#4975=VERTEX_POINT('',#15641);
#4976=VERTEX_POINT('',#15643);
#4977=VERTEX_POINT('',#15645);
#4978=VERTEX_POINT('',#15647);
#4979=VERTEX_POINT('',#15649);
#4980=VERTEX_POINT('',#15651);
#4981=VERTEX_POINT('',#15654);
#4982=VERTEX_POINT('',#15656);
#4983=VERTEX_POINT('',#15658);
#4984=VERTEX_POINT('',#15660);
#4985=VERTEX_POINT('',#15662);
#4986=VERTEX_POINT('',#15664);
#4987=VERTEX_POINT('',#15666);
#4988=VERTEX_POINT('',#15668);
#4989=VERTEX_POINT('',#15671);
#4990=VERTEX_POINT('',#15676);
#4991=VERTEX_POINT('',#15681);
#4992=VERTEX_POINT('',#15686);
#4993=VERTEX_POINT('',#15691);
#4994=VERTEX_POINT('',#15696);
#4995=VERTEX_POINT('',#15701);
#4996=VERTEX_POINT('',#15706);
#4997=VERTEX_POINT('',#15707);
#4998=VERTEX_POINT('',#15709);
#4999=VERTEX_POINT('',#15711);
#5000=VERTEX_POINT('',#15713);
#5001=VERTEX_POINT('',#15715);
#5002=VERTEX_POINT('',#15717);
#5003=VERTEX_POINT('',#15719);
#5004=VERTEX_POINT('',#15721);
#5005=VERTEX_POINT('',#15723);
#5006=VERTEX_POINT('',#15725);
#5007=VERTEX_POINT('',#15727);
#5008=VERTEX_POINT('',#15729);
#5009=VERTEX_POINT('',#15731);
#5010=VERTEX_POINT('',#15733);
#5011=VERTEX_POINT('',#15735);
#5012=VERTEX_POINT('',#15737);
#5013=VERTEX_POINT('',#15739);
#5014=VERTEX_POINT('',#15741);
#5015=VERTEX_POINT('',#15743);
#5016=VERTEX_POINT('',#15745);
#5017=VERTEX_POINT('',#15747);
#5018=VERTEX_POINT('',#15749);
#5019=VERTEX_POINT('',#15751);
#5020=VERTEX_POINT('',#15753);
#5021=VERTEX_POINT('',#15755);
#5022=VERTEX_POINT('',#15757);
#5023=VERTEX_POINT('',#15759);
#5024=VERTEX_POINT('',#15761);
#5025=VERTEX_POINT('',#15763);
#5026=VERTEX_POINT('',#15765);
#5027=VERTEX_POINT('',#15767);
#5028=VERTEX_POINT('',#15769);
#5029=VERTEX_POINT('',#15771);
#5030=VERTEX_POINT('',#15773);
#5031=VERTEX_POINT('',#15775);
#5032=VERTEX_POINT('',#15777);
#5033=VERTEX_POINT('',#15779);
#5034=VERTEX_POINT('',#15781);
#5035=VERTEX_POINT('',#15783);
#5036=VERTEX_POINT('',#15785);
#5037=VERTEX_POINT('',#15787);
#5038=VERTEX_POINT('',#15789);
#5039=VERTEX_POINT('',#15791);
#5040=VERTEX_POINT('',#15793);
#5041=VERTEX_POINT('',#15795);
#5042=VERTEX_POINT('',#15797);
#5043=VERTEX_POINT('',#15799);
#5044=VERTEX_POINT('',#15801);
#5045=VERTEX_POINT('',#15803);
#5046=VERTEX_POINT('',#15805);
#5047=VERTEX_POINT('',#15807);
#5048=VERTEX_POINT('',#15809);
#5049=VERTEX_POINT('',#15811);
#5050=VERTEX_POINT('',#15813);
#5051=VERTEX_POINT('',#15815);
#5052=VERTEX_POINT('',#15817);
#5053=VERTEX_POINT('',#15819);
#5054=VERTEX_POINT('',#15821);
#5055=VERTEX_POINT('',#15823);
#5056=VERTEX_POINT('',#15825);
#5057=VERTEX_POINT('',#15827);
#5058=VERTEX_POINT('',#15829);
#5059=VERTEX_POINT('',#15831);
#5060=VERTEX_POINT('',#15833);
#5061=VERTEX_POINT('',#15835);
#5062=VERTEX_POINT('',#15837);
#5063=VERTEX_POINT('',#15839);
#5064=VERTEX_POINT('',#15842);
#5065=VERTEX_POINT('',#15981);
#5066=VERTEX_POINT('',#15985);
#5067=VERTEX_POINT('',#15991);
#5068=VERTEX_POINT('',#15993);
#5069=VERTEX_POINT('',#15996);
#5070=VERTEX_POINT('',#16000);
#5071=VERTEX_POINT('',#16003);
#5072=VERTEX_POINT('',#16007);
#5073=VERTEX_POINT('',#16010);
#5074=VERTEX_POINT('',#16014);
#5075=VERTEX_POINT('',#16018);
#5076=VERTEX_POINT('',#16022);
#5077=VERTEX_POINT('',#16026);
#5078=VERTEX_POINT('',#16028);
#5079=VERTEX_POINT('',#16031);
#5080=VERTEX_POINT('',#16035);
#5081=VERTEX_POINT('',#16038);
#5082=VERTEX_POINT('',#16042);
#5083=VERTEX_POINT('',#16045);
#5084=VERTEX_POINT('',#16049);
#5085=VERTEX_POINT('',#16053);
#5086=VERTEX_POINT('',#16057);
#5087=VERTEX_POINT('',#16061);
#5088=VERTEX_POINT('',#16063);
#5089=VERTEX_POINT('',#16066);
#5090=VERTEX_POINT('',#16070);
#5091=VERTEX_POINT('',#16073);
#5092=VERTEX_POINT('',#16077);
#5093=VERTEX_POINT('',#16080);
#5094=VERTEX_POINT('',#16084);
#5095=VERTEX_POINT('',#16088);
#5096=VERTEX_POINT('',#16092);
#5097=VERTEX_POINT('',#16105);
#5098=VERTEX_POINT('',#16106);
#5099=VERTEX_POINT('',#16108);
#5100=VERTEX_POINT('',#16110);
#5101=VERTEX_POINT('',#16114);
#5102=VERTEX_POINT('',#16116);
#5103=VERTEX_POINT('',#16120);
#5104=VERTEX_POINT('',#16122);
#5105=VERTEX_POINT('',#16129);
#5106=VERTEX_POINT('',#16130);
#5107=VERTEX_POINT('',#16132);
#5108=VERTEX_POINT('',#16134);
#5109=VERTEX_POINT('',#16138);
#5110=VERTEX_POINT('',#16140);
#5111=VERTEX_POINT('',#16144);
#5112=VERTEX_POINT('',#16146);
#5113=VERTEX_POINT('',#16153);
#5114=VERTEX_POINT('',#16154);
#5115=VERTEX_POINT('',#16156);
#5116=VERTEX_POINT('',#16158);
#5117=VERTEX_POINT('',#16162);
#5118=VERTEX_POINT('',#16164);
#5119=VERTEX_POINT('',#16168);
#5120=VERTEX_POINT('',#16170);
#5121=VERTEX_POINT('',#16177);
#5122=VERTEX_POINT('',#16179);
#5123=VERTEX_POINT('',#16184);
#5124=VERTEX_POINT('',#16186);
#5125=VERTEX_POINT('',#16191);
#5126=VERTEX_POINT('',#16193);
#5127=VERTEX_POINT('',#16198);
#5128=VERTEX_POINT('',#16200);
#5129=VERTEX_POINT('',#16205);
#5130=VERTEX_POINT('',#16207);
#5131=VERTEX_POINT('',#16211);
#5132=VERTEX_POINT('',#16212);
#5133=VERTEX_POINT('',#16214);
#5134=VERTEX_POINT('',#16216);
#5135=VERTEX_POINT('',#16220);
#5136=VERTEX_POINT('',#16222);
#5137=VERTEX_POINT('',#16226);
#5138=VERTEX_POINT('',#16228);
#5139=VERTEX_POINT('',#16236);
#5140=VERTEX_POINT('',#16238);
#5141=VERTEX_POINT('',#16242);
#5142=VERTEX_POINT('',#16243);
#5143=VERTEX_POINT('',#16245);
#5144=VERTEX_POINT('',#16247);
#5145=VERTEX_POINT('',#16251);
#5146=VERTEX_POINT('',#16253);
#5147=VERTEX_POINT('',#16257);
#5148=VERTEX_POINT('',#16261);
#5149=VERTEX_POINT('',#16265);
#5150=VERTEX_POINT('',#16267);
#5151=VERTEX_POINT('',#16269);
#5152=VERTEX_POINT('',#16271);
#5153=VERTEX_POINT('',#16273);
#5154=VERTEX_POINT('',#16275);
#5155=VERTEX_POINT('',#16277);
#5156=VERTEX_POINT('',#16279);
#5157=VERTEX_POINT('',#16283);
#5158=VERTEX_POINT('',#16285);
#5159=VERTEX_POINT('',#16289);
#5160=VERTEX_POINT('',#16290);
#5161=VERTEX_POINT('',#16292);
#5162=VERTEX_POINT('',#16294);
#5163=VERTEX_POINT('',#16298);
#5164=VERTEX_POINT('',#16300);
#5165=VERTEX_POINT('',#16304);
#5166=VERTEX_POINT('',#16306);
#5167=VERTEX_POINT('',#16314);
#5168=VERTEX_POINT('',#16316);
#5169=VERTEX_POINT('',#16320);
#5170=VERTEX_POINT('',#16321);
#5171=VERTEX_POINT('',#16323);
#5172=VERTEX_POINT('',#16325);
#5173=VERTEX_POINT('',#16336);
#5174=VERTEX_POINT('',#16338);
#5175=VERTEX_POINT('',#16340);
#5176=VERTEX_POINT('',#16342);
#5177=VERTEX_POINT('',#16346);
#5178=VERTEX_POINT('',#16348);
#5179=VERTEX_POINT('',#16350);
#5180=VERTEX_POINT('',#16352);
#5181=VERTEX_POINT('',#16354);
#5182=VERTEX_POINT('',#16356);
#5183=VERTEX_POINT('',#16360);
#5184=VERTEX_POINT('',#16363);
#5185=VERTEX_POINT('',#16365);
#5186=VERTEX_POINT('',#16367);
#5187=VERTEX_POINT('',#16369);
#5188=VERTEX_POINT('',#16374);
#5189=VERTEX_POINT('',#16378);
#5190=VERTEX_POINT('',#16380);
#5191=VERTEX_POINT('',#16386);
#5192=VERTEX_POINT('',#16393);
#5193=VERTEX_POINT('',#16400);
#5194=VERTEX_POINT('',#16401);
#5195=VERTEX_POINT('',#16403);
#5196=VERTEX_POINT('',#16405);
#5197=VERTEX_POINT('',#16409);
#5198=VERTEX_POINT('',#16411);
#5199=VERTEX_POINT('',#16415);
#5200=VERTEX_POINT('',#16419);
#5201=VERTEX_POINT('',#16426);
#5202=VERTEX_POINT('',#16428);
#5203=VERTEX_POINT('',#16432);
#5204=VERTEX_POINT('',#16434);
#5205=VERTEX_POINT('',#16438);
#5206=VERTEX_POINT('',#16440);
#5207=VERTEX_POINT('',#16444);
#5208=VERTEX_POINT('',#16446);
#5209=VERTEX_POINT('',#16450);
#5210=VERTEX_POINT('',#16451);
#5211=VERTEX_POINT('',#16453);
#5212=VERTEX_POINT('',#16455);
#5213=VERTEX_POINT('',#16459);
#5214=VERTEX_POINT('',#16461);
#5215=VERTEX_POINT('',#16465);
#5216=VERTEX_POINT('',#16467);
#5217=VERTEX_POINT('',#16474);
#5218=VERTEX_POINT('',#16475);
#5219=VERTEX_POINT('',#16477);
#5220=VERTEX_POINT('',#16479);
#5221=VERTEX_POINT('',#16483);
#5222=VERTEX_POINT('',#16485);
#5223=VERTEX_POINT('',#16489);
#5224=VERTEX_POINT('',#16491);
#5225=VERTEX_POINT('',#16500);
#5226=VERTEX_POINT('',#16501);
#5227=VERTEX_POINT('',#16503);
#5228=VERTEX_POINT('',#16505);
#5229=VERTEX_POINT('',#16509);
#5230=VERTEX_POINT('',#16511);
#5231=VERTEX_POINT('',#16515);
#5232=VERTEX_POINT('',#16517);
#5233=VERTEX_POINT('',#16526);
#5234=VERTEX_POINT('',#16527);
#5235=VERTEX_POINT('',#16529);
#5236=VERTEX_POINT('',#16531);
#5237=VERTEX_POINT('',#16535);
#5238=VERTEX_POINT('',#16537);
#5239=VERTEX_POINT('',#16541);
#5240=VERTEX_POINT('',#16543);
#5241=EDGE_CURVE('',#4373,#4373,#4149,.T.);
#5242=EDGE_CURVE('',#4373,#4374,#1957,.T.);
#5243=EDGE_CURVE('',#4374,#4374,#4150,.T.);
#5244=EDGE_CURVE('',#4375,#4375,#4151,.T.);
#5245=EDGE_CURVE('',#4375,#4373,#4152,.T.);
#5246=EDGE_CURVE('',#4376,#4376,#4153,.T.);
#5247=EDGE_CURVE('',#4376,#4374,#4154,.T.);
#5248=EDGE_CURVE('',#4377,#4377,#4155,.T.);
#5249=EDGE_CURVE('',#4378,#4378,#4156,.T.);
#5250=EDGE_CURVE('',#4379,#4379,#4157,.T.);
#5251=EDGE_CURVE('',#4377,#4380,#1958,.T.);
#5252=EDGE_CURVE('',#4380,#4380,#4158,.T.);
#5253=EDGE_CURVE('',#4378,#4381,#1959,.T.);
#5254=EDGE_CURVE('',#4381,#4381,#4159,.T.);
#5255=EDGE_CURVE('',#4379,#4382,#1960,.T.);
#5256=EDGE_CURVE('',#4382,#4382,#4160,.T.);
#5257=EDGE_CURVE('',#4383,#4383,#4161,.T.);
#5258=EDGE_CURVE('',#4383,#4380,#4162,.T.);
#5259=EDGE_CURVE('',#4384,#4384,#4163,.T.);
#5260=EDGE_CURVE('',#4384,#4381,#4164,.T.);
#5261=EDGE_CURVE('',#4385,#4386,#1961,.T.);
#5262=EDGE_CURVE('',#4385,#4387,#1962,.T.);
#5263=EDGE_CURVE('',#4387,#4388,#1963,.T.);
#5264=EDGE_CURVE('',#4386,#4388,#1964,.T.);
#5265=EDGE_CURVE('',#4389,#4390,#1965,.T.);
#5266=EDGE_CURVE('',#4390,#4391,#1966,.T.);
#5267=EDGE_CURVE('',#4391,#4392,#1967,.T.);
#5268=EDGE_CURVE('',#4393,#4392,#1968,.T.);
#5269=EDGE_CURVE('',#4393,#4385,#1969,.T.);
#5270=EDGE_CURVE('',#4394,#4386,#1970,.T.);
#5271=EDGE_CURVE('',#4389,#4394,#1971,.T.);
#5272=EDGE_CURVE('',#4387,#4395,#1972,.T.);
#5273=EDGE_CURVE('',#4395,#4396,#1973,.T.);
#5274=EDGE_CURVE('',#4396,#4397,#1974,.T.);
#5275=EDGE_CURVE('',#4398,#4397,#1975,.T.);
#5276=EDGE_CURVE('',#4398,#4399,#1976,.T.);
#5277=EDGE_CURVE('',#4399,#4400,#1977,.T.);
#5278=EDGE_CURVE('',#4388,#4400,#1978,.T.);
#5279=EDGE_CURVE('',#4393,#4395,#1979,.T.);
#5280=EDGE_CURVE('',#4400,#4394,#1980,.T.);
#5281=EDGE_CURVE('',#4401,#4402,#1981,.T.);
#5282=EDGE_CURVE('',#4403,#4401,#1982,.T.);
#5283=EDGE_CURVE('',#4404,#4403,#1983,.T.);
#5284=EDGE_CURVE('',#4402,#4404,#1984,.T.);
#5285=EDGE_CURVE('',#4405,#4406,#1985,.T.);
#5286=EDGE_CURVE('',#4407,#4405,#1986,.T.);
#5287=EDGE_CURVE('',#4408,#4407,#1987,.T.);
#5288=EDGE_CURVE('',#4406,#4408,#1988,.T.);
#5289=EDGE_CURVE('',#4409,#4410,#1989,.T.);
#5290=EDGE_CURVE('',#4411,#4409,#1990,.T.);
#5291=EDGE_CURVE('',#4412,#4411,#1991,.T.);
#5292=EDGE_CURVE('',#4410,#4412,#1992,.T.);
#5293=EDGE_CURVE('',#4413,#4414,#1993,.T.);
#5294=EDGE_CURVE('',#4415,#4413,#1994,.T.);
#5295=EDGE_CURVE('',#4416,#4415,#1995,.T.);
#5296=EDGE_CURVE('',#4414,#4416,#1996,.T.);
#5297=EDGE_CURVE('',#4417,#4418,#1997,.T.);
#5298=EDGE_CURVE('',#4419,#4417,#1998,.T.);
#5299=EDGE_CURVE('',#4420,#4419,#1999,.T.);
#5300=EDGE_CURVE('',#4418,#4420,#2000,.T.);
#5301=EDGE_CURVE('',#4421,#4422,#2001,.T.);
#5302=EDGE_CURVE('',#4423,#4421,#2002,.T.);
#5303=EDGE_CURVE('',#4424,#4423,#2003,.T.);
#5304=EDGE_CURVE('',#4422,#4424,#2004,.T.);
#5305=EDGE_CURVE('',#4425,#4426,#2005,.T.);
#5306=EDGE_CURVE('',#4427,#4425,#2006,.T.);
#5307=EDGE_CURVE('',#4428,#4427,#2007,.T.);
#5308=EDGE_CURVE('',#4426,#4428,#2008,.T.);
#5309=EDGE_CURVE('',#4429,#4430,#2009,.T.);
#5310=EDGE_CURVE('',#4431,#4429,#2010,.T.);
#5311=EDGE_CURVE('',#4432,#4431,#2011,.T.);
#5312=EDGE_CURVE('',#4430,#4432,#2012,.T.);
#5313=EDGE_CURVE('',#4399,#4389,#2013,.T.);
#5314=EDGE_CURVE('',#4398,#4390,#2014,.T.);
#5315=EDGE_CURVE('',#4397,#4391,#2015,.T.);
#5316=EDGE_CURVE('',#4392,#4396,#2016,.T.);
#5317=EDGE_CURVE('',#4433,#4434,#2017,.T.);
#5318=EDGE_CURVE('',#4435,#4434,#2018,.T.);
#5319=EDGE_CURVE('',#4436,#4435,#2019,.T.);
#5320=EDGE_CURVE('',#4437,#4436,#2020,.T.);
#5321=EDGE_CURVE('',#4438,#4437,#2021,.T.);
#5322=EDGE_CURVE('',#4439,#4438,#2022,.T.);
#5323=EDGE_CURVE('',#4439,#4440,#2023,.T.);
#5324=EDGE_CURVE('',#4433,#4440,#2024,.T.);
#5325=EDGE_CURVE('',#4441,#4442,#2025,.T.);
#5326=EDGE_CURVE('',#4443,#4442,#2026,.T.);
#5327=EDGE_CURVE('',#4444,#4443,#2027,.T.);
#5328=EDGE_CURVE('',#4445,#4444,#2028,.T.);
#5329=EDGE_CURVE('',#4446,#4445,#2029,.T.);
#5330=EDGE_CURVE('',#4447,#4446,#2030,.T.);
#5331=EDGE_CURVE('',#4447,#4448,#2031,.T.);
#5332=EDGE_CURVE('',#4441,#4448,#2032,.T.);
#5333=EDGE_CURVE('',#4449,#4450,#2033,.T.);
#5334=EDGE_CURVE('',#4451,#4450,#2034,.T.);
#5335=EDGE_CURVE('',#4452,#4451,#2035,.T.);
#5336=EDGE_CURVE('',#4453,#4452,#2036,.T.);
#5337=EDGE_CURVE('',#4454,#4453,#2037,.T.);
#5338=EDGE_CURVE('',#4455,#4454,#2038,.T.);
#5339=EDGE_CURVE('',#4455,#4456,#2039,.T.);
#5340=EDGE_CURVE('',#4449,#4456,#2040,.T.);
#5341=EDGE_CURVE('',#4457,#4458,#2041,.T.);
#5342=EDGE_CURVE('',#4459,#4458,#2042,.T.);
#5343=EDGE_CURVE('',#4460,#4459,#2043,.T.);
#5344=EDGE_CURVE('',#4461,#4460,#2044,.T.);
#5345=EDGE_CURVE('',#4462,#4461,#2045,.T.);
#5346=EDGE_CURVE('',#4463,#4462,#2046,.T.);
#5347=EDGE_CURVE('',#4463,#4464,#2047,.T.);
#5348=EDGE_CURVE('',#4457,#4464,#2048,.T.);
#5349=EDGE_CURVE('',#4465,#4466,#2049,.T.);
#5350=EDGE_CURVE('',#4467,#4466,#2050,.T.);
#5351=EDGE_CURVE('',#4468,#4467,#2051,.T.);
#5352=EDGE_CURVE('',#4469,#4468,#2052,.T.);
#5353=EDGE_CURVE('',#4470,#4469,#2053,.T.);
#5354=EDGE_CURVE('',#4471,#4470,#2054,.T.);
#5355=EDGE_CURVE('',#4471,#4472,#2055,.T.);
#5356=EDGE_CURVE('',#4465,#4472,#2056,.T.);
#5357=EDGE_CURVE('',#4473,#4474,#2057,.T.);
#5358=EDGE_CURVE('',#4475,#4474,#2058,.T.);
#5359=EDGE_CURVE('',#4476,#4475,#2059,.T.);
#5360=EDGE_CURVE('',#4477,#4476,#2060,.T.);
#5361=EDGE_CURVE('',#4478,#4477,#2061,.T.);
#5362=EDGE_CURVE('',#4479,#4478,#2062,.T.);
#5363=EDGE_CURVE('',#4479,#4480,#2063,.T.);
#5364=EDGE_CURVE('',#4473,#4480,#2064,.T.);
#5365=EDGE_CURVE('',#4481,#4482,#2065,.T.);
#5366=EDGE_CURVE('',#4483,#4482,#2066,.T.);
#5367=EDGE_CURVE('',#4484,#4483,#2067,.T.);
#5368=EDGE_CURVE('',#4485,#4484,#2068,.T.);
#5369=EDGE_CURVE('',#4486,#4485,#2069,.T.);
#5370=EDGE_CURVE('',#4487,#4486,#2070,.T.);
#5371=EDGE_CURVE('',#4487,#4488,#2071,.T.);
#5372=EDGE_CURVE('',#4481,#4488,#2072,.T.);
#5373=EDGE_CURVE('',#4489,#4490,#2073,.T.);
#5374=EDGE_CURVE('',#4491,#4490,#2074,.T.);
#5375=EDGE_CURVE('',#4492,#4491,#2075,.T.);
#5376=EDGE_CURVE('',#4493,#4492,#2076,.T.);
#5377=EDGE_CURVE('',#4494,#4493,#2077,.T.);
#5378=EDGE_CURVE('',#4495,#4494,#2078,.T.);
#5379=EDGE_CURVE('',#4495,#4496,#2079,.T.);
#5380=EDGE_CURVE('',#4489,#4496,#2080,.T.);
#5381=EDGE_CURVE('',#4401,#4497,#2081,.T.);
#5382=EDGE_CURVE('',#4402,#4498,#2082,.T.);
#5383=EDGE_CURVE('',#4497,#4498,#2083,.T.);
#5384=EDGE_CURVE('',#4404,#4499,#2084,.T.);
#5385=EDGE_CURVE('',#4498,#4499,#2085,.T.);
#5386=EDGE_CURVE('',#4403,#4500,#2086,.T.);
#5387=EDGE_CURVE('',#4499,#4500,#2087,.T.);
#5388=EDGE_CURVE('',#4500,#4497,#2088,.T.);
#5389=EDGE_CURVE('',#4405,#4501,#2089,.T.);
#5390=EDGE_CURVE('',#4406,#4502,#2090,.T.);
#5391=EDGE_CURVE('',#4501,#4502,#2091,.T.);
#5392=EDGE_CURVE('',#4408,#4503,#2092,.T.);
#5393=EDGE_CURVE('',#4502,#4503,#2093,.T.);
#5394=EDGE_CURVE('',#4407,#4504,#2094,.T.);
#5395=EDGE_CURVE('',#4503,#4504,#2095,.T.);
#5396=EDGE_CURVE('',#4504,#4501,#2096,.T.);
#5397=EDGE_CURVE('',#4409,#4505,#2097,.T.);
#5398=EDGE_CURVE('',#4410,#4506,#2098,.T.);
#5399=EDGE_CURVE('',#4505,#4506,#2099,.T.);
#5400=EDGE_CURVE('',#4412,#4507,#2100,.T.);
#5401=EDGE_CURVE('',#4506,#4507,#2101,.T.);
#5402=EDGE_CURVE('',#4411,#4508,#2102,.T.);
#5403=EDGE_CURVE('',#4507,#4508,#2103,.T.);
#5404=EDGE_CURVE('',#4508,#4505,#2104,.T.);
#5405=EDGE_CURVE('',#4413,#4509,#2105,.T.);
#5406=EDGE_CURVE('',#4414,#4510,#2106,.T.);
#5407=EDGE_CURVE('',#4509,#4510,#2107,.T.);
#5408=EDGE_CURVE('',#4416,#4511,#2108,.T.);
#5409=EDGE_CURVE('',#4510,#4511,#2109,.T.);
#5410=EDGE_CURVE('',#4415,#4512,#2110,.T.);
#5411=EDGE_CURVE('',#4511,#4512,#2111,.T.);
#5412=EDGE_CURVE('',#4512,#4509,#2112,.T.);
#5413=EDGE_CURVE('',#4417,#4513,#2113,.T.);
#5414=EDGE_CURVE('',#4418,#4514,#2114,.T.);
#5415=EDGE_CURVE('',#4513,#4514,#2115,.T.);
#5416=EDGE_CURVE('',#4420,#4515,#2116,.T.);
#5417=EDGE_CURVE('',#4514,#4515,#2117,.T.);
#5418=EDGE_CURVE('',#4419,#4516,#2118,.T.);
#5419=EDGE_CURVE('',#4515,#4516,#2119,.T.);
#5420=EDGE_CURVE('',#4516,#4513,#2120,.T.);
#5421=EDGE_CURVE('',#4421,#4517,#2121,.T.);
#5422=EDGE_CURVE('',#4422,#4518,#2122,.T.);
#5423=EDGE_CURVE('',#4517,#4518,#2123,.T.);
#5424=EDGE_CURVE('',#4424,#4519,#2124,.T.);
#5425=EDGE_CURVE('',#4518,#4519,#2125,.T.);
#5426=EDGE_CURVE('',#4423,#4520,#2126,.T.);
#5427=EDGE_CURVE('',#4519,#4520,#2127,.T.);
#5428=EDGE_CURVE('',#4520,#4517,#2128,.T.);
#5429=EDGE_CURVE('',#4425,#4521,#2129,.T.);
#5430=EDGE_CURVE('',#4426,#4522,#2130,.T.);
#5431=EDGE_CURVE('',#4521,#4522,#2131,.T.);
#5432=EDGE_CURVE('',#4428,#4523,#2132,.T.);
#5433=EDGE_CURVE('',#4522,#4523,#2133,.T.);
#5434=EDGE_CURVE('',#4427,#4524,#2134,.T.);
#5435=EDGE_CURVE('',#4523,#4524,#2135,.T.);
#5436=EDGE_CURVE('',#4524,#4521,#2136,.T.);
#5437=EDGE_CURVE('',#4429,#4525,#2137,.T.);
#5438=EDGE_CURVE('',#4430,#4526,#2138,.T.);
#5439=EDGE_CURVE('',#4525,#4526,#2139,.T.);
#5440=EDGE_CURVE('',#4432,#4527,#2140,.T.);
#5441=EDGE_CURVE('',#4526,#4527,#2141,.T.);
#5442=EDGE_CURVE('',#4431,#4528,#2142,.T.);
#5443=EDGE_CURVE('',#4527,#4528,#2143,.T.);
#5444=EDGE_CURVE('',#4528,#4525,#2144,.T.);
#5445=EDGE_CURVE('',#4440,#4435,#2145,.T.);
#5446=EDGE_CURVE('',#4529,#4435,#2146,.T.);
#5447=EDGE_CURVE('',#4530,#4529,#2147,.T.);
#5448=EDGE_CURVE('',#4531,#4530,#2148,.T.);
#5449=EDGE_CURVE('',#4532,#4531,#2149,.T.);
#5450=EDGE_CURVE('',#4436,#4532,#2150,.T.);
#5451=EDGE_CURVE('',#4439,#4436,#2151,.T.);
#5452=EDGE_CURVE('',#4533,#4440,#2152,.T.);
#5453=EDGE_CURVE('',#4439,#4534,#2153,.T.);
#5454=EDGE_CURVE('',#4534,#4535,#2154,.T.);
#5455=EDGE_CURVE('',#4536,#4535,#2155,.T.);
#5456=EDGE_CURVE('',#4536,#4533,#2156,.T.);
#5457=EDGE_CURVE('',#4448,#4443,#2157,.T.);
#5458=EDGE_CURVE('',#4537,#4443,#2158,.T.);
#5459=EDGE_CURVE('',#4538,#4537,#2159,.T.);
#5460=EDGE_CURVE('',#4539,#4538,#2160,.T.);
#5461=EDGE_CURVE('',#4540,#4539,#2161,.T.);
#5462=EDGE_CURVE('',#4444,#4540,#2162,.T.);
#5463=EDGE_CURVE('',#4447,#4444,#2163,.T.);
#5464=EDGE_CURVE('',#4541,#4448,#2164,.T.);
#5465=EDGE_CURVE('',#4447,#4542,#2165,.T.);
#5466=EDGE_CURVE('',#4542,#4543,#2166,.T.);
#5467=EDGE_CURVE('',#4544,#4543,#2167,.T.);
#5468=EDGE_CURVE('',#4544,#4541,#2168,.T.);
#5469=EDGE_CURVE('',#4456,#4451,#2169,.T.);
#5470=EDGE_CURVE('',#4545,#4451,#2170,.T.);
#5471=EDGE_CURVE('',#4546,#4545,#2171,.T.);
#5472=EDGE_CURVE('',#4547,#4546,#2172,.T.);
#5473=EDGE_CURVE('',#4548,#4547,#2173,.T.);
#5474=EDGE_CURVE('',#4452,#4548,#2174,.T.);
#5475=EDGE_CURVE('',#4455,#4452,#2175,.T.);
#5476=EDGE_CURVE('',#4549,#4456,#2176,.T.);
#5477=EDGE_CURVE('',#4455,#4550,#2177,.T.);
#5478=EDGE_CURVE('',#4550,#4551,#2178,.T.);
#5479=EDGE_CURVE('',#4552,#4551,#2179,.T.);
#5480=EDGE_CURVE('',#4552,#4549,#2180,.T.);
#5481=EDGE_CURVE('',#4464,#4459,#2181,.T.);
#5482=EDGE_CURVE('',#4553,#4459,#2182,.T.);
#5483=EDGE_CURVE('',#4554,#4553,#2183,.T.);
#5484=EDGE_CURVE('',#4555,#4554,#2184,.T.);
#5485=EDGE_CURVE('',#4556,#4555,#2185,.T.);
#5486=EDGE_CURVE('',#4460,#4556,#2186,.T.);
#5487=EDGE_CURVE('',#4463,#4460,#2187,.T.);
#5488=EDGE_CURVE('',#4557,#4464,#2188,.T.);
#5489=EDGE_CURVE('',#4463,#4558,#2189,.T.);
#5490=EDGE_CURVE('',#4558,#4559,#2190,.T.);
#5491=EDGE_CURVE('',#4560,#4559,#2191,.T.);
#5492=EDGE_CURVE('',#4560,#4557,#2192,.T.);
#5493=EDGE_CURVE('',#4472,#4467,#2193,.T.);
#5494=EDGE_CURVE('',#4561,#4467,#2194,.T.);
#5495=EDGE_CURVE('',#4562,#4561,#2195,.T.);
#5496=EDGE_CURVE('',#4563,#4562,#2196,.T.);
#5497=EDGE_CURVE('',#4564,#4563,#2197,.T.);
#5498=EDGE_CURVE('',#4468,#4564,#2198,.T.);
#5499=EDGE_CURVE('',#4471,#4468,#2199,.T.);
#5500=EDGE_CURVE('',#4565,#4472,#2200,.T.);
#5501=EDGE_CURVE('',#4471,#4566,#2201,.T.);
#5502=EDGE_CURVE('',#4566,#4567,#2202,.T.);
#5503=EDGE_CURVE('',#4568,#4567,#2203,.T.);
#5504=EDGE_CURVE('',#4568,#4565,#2204,.T.);
#5505=EDGE_CURVE('',#4480,#4475,#2205,.T.);
#5506=EDGE_CURVE('',#4569,#4475,#2206,.T.);
#5507=EDGE_CURVE('',#4570,#4569,#2207,.T.);
#5508=EDGE_CURVE('',#4571,#4570,#2208,.T.);
#5509=EDGE_CURVE('',#4572,#4571,#2209,.T.);
#5510=EDGE_CURVE('',#4476,#4572,#2210,.T.);
#5511=EDGE_CURVE('',#4479,#4476,#2211,.T.);
#5512=EDGE_CURVE('',#4573,#4480,#2212,.T.);
#5513=EDGE_CURVE('',#4479,#4574,#2213,.T.);
#5514=EDGE_CURVE('',#4574,#4575,#2214,.T.);
#5515=EDGE_CURVE('',#4576,#4575,#2215,.T.);
#5516=EDGE_CURVE('',#4576,#4573,#2216,.T.);
#5517=EDGE_CURVE('',#4488,#4483,#2217,.T.);
#5518=EDGE_CURVE('',#4577,#4483,#2218,.T.);
#5519=EDGE_CURVE('',#4578,#4577,#2219,.T.);
#5520=EDGE_CURVE('',#4579,#4578,#2220,.T.);
#5521=EDGE_CURVE('',#4580,#4579,#2221,.T.);
#5522=EDGE_CURVE('',#4484,#4580,#2222,.T.);
#5523=EDGE_CURVE('',#4487,#4484,#2223,.T.);
#5524=EDGE_CURVE('',#4581,#4488,#2224,.T.);
#5525=EDGE_CURVE('',#4487,#4582,#2225,.T.);
#5526=EDGE_CURVE('',#4582,#4583,#2226,.T.);
#5527=EDGE_CURVE('',#4584,#4583,#2227,.T.);
#5528=EDGE_CURVE('',#4584,#4581,#2228,.T.);
#5529=EDGE_CURVE('',#4496,#4491,#2229,.T.);
#5530=EDGE_CURVE('',#4585,#4491,#2230,.T.);
#5531=EDGE_CURVE('',#4586,#4585,#2231,.T.);
#5532=EDGE_CURVE('',#4587,#4586,#2232,.T.);
#5533=EDGE_CURVE('',#4588,#4587,#2233,.T.);
#5534=EDGE_CURVE('',#4492,#4588,#2234,.T.);
#5535=EDGE_CURVE('',#4495,#4492,#2235,.T.);
#5536=EDGE_CURVE('',#4589,#4496,#2236,.T.);
#5537=EDGE_CURVE('',#4495,#4590,#2237,.T.);
#5538=EDGE_CURVE('',#4590,#4591,#2238,.T.);
#5539=EDGE_CURVE('',#4592,#4591,#2239,.T.);
#5540=EDGE_CURVE('',#4592,#4589,#2240,.T.);
#5541=EDGE_CURVE('',#4497,#4593,#2241,.T.);
#5542=EDGE_CURVE('',#4498,#4594,#2242,.T.);
#5543=EDGE_CURVE('',#4593,#4594,#2243,.T.);
#5544=EDGE_CURVE('',#4499,#4595,#2244,.T.);
#5545=EDGE_CURVE('',#4596,#4595,#2245,.T.);
#5546=EDGE_CURVE('',#4596,#4597,#2246,.T.);
#5547=EDGE_CURVE('',#4597,#4598,#2247,.T.);
#5548=EDGE_CURVE('',#4599,#4598,#2248,.T.);
#5549=EDGE_CURVE('',#4594,#4599,#2249,.T.);
#5550=EDGE_CURVE('',#4500,#4600,#2250,.T.);
#5551=EDGE_CURVE('',#4595,#4600,#2251,.T.);
#5552=EDGE_CURVE('',#4601,#4593,#2252,.T.);
#5553=EDGE_CURVE('',#4602,#4601,#2253,.T.);
#5554=EDGE_CURVE('',#4603,#4602,#2254,.T.);
#5555=EDGE_CURVE('',#4603,#4604,#2255,.T.);
#5556=EDGE_CURVE('',#4600,#4604,#2256,.T.);
#5557=EDGE_CURVE('',#4501,#4605,#2257,.T.);
#5558=EDGE_CURVE('',#4502,#4606,#2258,.T.);
#5559=EDGE_CURVE('',#4605,#4606,#2259,.T.);
#5560=EDGE_CURVE('',#4503,#4607,#2260,.T.);
#5561=EDGE_CURVE('',#4608,#4607,#2261,.T.);
#5562=EDGE_CURVE('',#4608,#4609,#2262,.T.);
#5563=EDGE_CURVE('',#4609,#4610,#2263,.T.);
#5564=EDGE_CURVE('',#4611,#4610,#2264,.T.);
#5565=EDGE_CURVE('',#4606,#4611,#2265,.T.);
#5566=EDGE_CURVE('',#4504,#4612,#2266,.T.);
#5567=EDGE_CURVE('',#4607,#4612,#2267,.T.);
#5568=EDGE_CURVE('',#4613,#4605,#2268,.T.);
#5569=EDGE_CURVE('',#4614,#4613,#2269,.T.);
#5570=EDGE_CURVE('',#4615,#4614,#2270,.T.);
#5571=EDGE_CURVE('',#4615,#4616,#2271,.T.);
#5572=EDGE_CURVE('',#4612,#4616,#2272,.T.);
#5573=EDGE_CURVE('',#4505,#4617,#2273,.T.);
#5574=EDGE_CURVE('',#4506,#4618,#2274,.T.);
#5575=EDGE_CURVE('',#4617,#4618,#2275,.T.);
#5576=EDGE_CURVE('',#4507,#4619,#2276,.T.);
#5577=EDGE_CURVE('',#4620,#4619,#2277,.T.);
#5578=EDGE_CURVE('',#4620,#4621,#2278,.T.);
#5579=EDGE_CURVE('',#4621,#4622,#2279,.T.);
#5580=EDGE_CURVE('',#4623,#4622,#2280,.T.);
#5581=EDGE_CURVE('',#4618,#4623,#2281,.T.);
#5582=EDGE_CURVE('',#4508,#4624,#2282,.T.);
#5583=EDGE_CURVE('',#4619,#4624,#2283,.T.);
#5584=EDGE_CURVE('',#4625,#4617,#2284,.T.);
#5585=EDGE_CURVE('',#4626,#4625,#2285,.T.);
#5586=EDGE_CURVE('',#4627,#4626,#2286,.T.);
#5587=EDGE_CURVE('',#4627,#4628,#2287,.T.);
#5588=EDGE_CURVE('',#4624,#4628,#2288,.T.);
#5589=EDGE_CURVE('',#4509,#4629,#2289,.T.);
#5590=EDGE_CURVE('',#4510,#4630,#2290,.T.);
#5591=EDGE_CURVE('',#4629,#4630,#2291,.T.);
#5592=EDGE_CURVE('',#4511,#4631,#2292,.T.);
#5593=EDGE_CURVE('',#4632,#4631,#2293,.T.);
#5594=EDGE_CURVE('',#4632,#4633,#2294,.T.);
#5595=EDGE_CURVE('',#4633,#4634,#2295,.T.);
#5596=EDGE_CURVE('',#4635,#4634,#2296,.T.);
#5597=EDGE_CURVE('',#4630,#4635,#2297,.T.);
#5598=EDGE_CURVE('',#4512,#4636,#2298,.T.);
#5599=EDGE_CURVE('',#4631,#4636,#2299,.T.);
#5600=EDGE_CURVE('',#4637,#4629,#2300,.T.);
#5601=EDGE_CURVE('',#4638,#4637,#2301,.T.);
#5602=EDGE_CURVE('',#4639,#4638,#2302,.T.);
#5603=EDGE_CURVE('',#4639,#4640,#2303,.T.);
#5604=EDGE_CURVE('',#4636,#4640,#2304,.T.);
#5605=EDGE_CURVE('',#4513,#4641,#2305,.T.);
#5606=EDGE_CURVE('',#4514,#4642,#2306,.T.);
#5607=EDGE_CURVE('',#4641,#4642,#2307,.T.);
#5608=EDGE_CURVE('',#4515,#4643,#2308,.T.);
#5609=EDGE_CURVE('',#4644,#4643,#2309,.T.);
#5610=EDGE_CURVE('',#4644,#4645,#2310,.T.);
#5611=EDGE_CURVE('',#4645,#4646,#2311,.T.);
#5612=EDGE_CURVE('',#4647,#4646,#2312,.T.);
#5613=EDGE_CURVE('',#4642,#4647,#2313,.T.);
#5614=EDGE_CURVE('',#4516,#4648,#2314,.T.);
#5615=EDGE_CURVE('',#4643,#4648,#2315,.T.);
#5616=EDGE_CURVE('',#4649,#4641,#2316,.T.);
#5617=EDGE_CURVE('',#4650,#4649,#2317,.T.);
#5618=EDGE_CURVE('',#4651,#4650,#2318,.T.);
#5619=EDGE_CURVE('',#4651,#4652,#2319,.T.);
#5620=EDGE_CURVE('',#4648,#4652,#2320,.T.);
#5621=EDGE_CURVE('',#4517,#4653,#2321,.T.);
#5622=EDGE_CURVE('',#4518,#4654,#2322,.T.);
#5623=EDGE_CURVE('',#4653,#4654,#2323,.T.);
#5624=EDGE_CURVE('',#4519,#4655,#2324,.T.);
#5625=EDGE_CURVE('',#4656,#4655,#2325,.T.);
#5626=EDGE_CURVE('',#4656,#4657,#2326,.T.);
#5627=EDGE_CURVE('',#4657,#4658,#2327,.T.);
#5628=EDGE_CURVE('',#4659,#4658,#2328,.T.);
#5629=EDGE_CURVE('',#4654,#4659,#2329,.T.);
#5630=EDGE_CURVE('',#4520,#4660,#2330,.T.);
#5631=EDGE_CURVE('',#4655,#4660,#2331,.T.);
#5632=EDGE_CURVE('',#4661,#4653,#2332,.T.);
#5633=EDGE_CURVE('',#4662,#4661,#2333,.T.);
#5634=EDGE_CURVE('',#4663,#4662,#2334,.T.);
#5635=EDGE_CURVE('',#4663,#4664,#2335,.T.);
#5636=EDGE_CURVE('',#4660,#4664,#2336,.T.);
#5637=EDGE_CURVE('',#4521,#4665,#2337,.T.);
#5638=EDGE_CURVE('',#4522,#4666,#2338,.T.);
#5639=EDGE_CURVE('',#4665,#4666,#2339,.T.);
#5640=EDGE_CURVE('',#4523,#4667,#2340,.T.);
#5641=EDGE_CURVE('',#4668,#4667,#2341,.T.);
#5642=EDGE_CURVE('',#4668,#4669,#2342,.T.);
#5643=EDGE_CURVE('',#4669,#4670,#2343,.T.);
#5644=EDGE_CURVE('',#4671,#4670,#2344,.T.);
#5645=EDGE_CURVE('',#4666,#4671,#2345,.T.);
#5646=EDGE_CURVE('',#4524,#4672,#2346,.T.);
#5647=EDGE_CURVE('',#4667,#4672,#2347,.T.);
#5648=EDGE_CURVE('',#4673,#4665,#2348,.T.);
#5649=EDGE_CURVE('',#4674,#4673,#2349,.T.);
#5650=EDGE_CURVE('',#4675,#4674,#2350,.T.);
#5651=EDGE_CURVE('',#4675,#4676,#2351,.T.);
#5652=EDGE_CURVE('',#4672,#4676,#2352,.T.);
#5653=EDGE_CURVE('',#4525,#4677,#2353,.T.);
#5654=EDGE_CURVE('',#4526,#4678,#2354,.T.);
#5655=EDGE_CURVE('',#4677,#4678,#2355,.T.);
#5656=EDGE_CURVE('',#4527,#4679,#2356,.T.);
#5657=EDGE_CURVE('',#4680,#4679,#2357,.T.);
#5658=EDGE_CURVE('',#4680,#4681,#2358,.T.);
#5659=EDGE_CURVE('',#4681,#4682,#2359,.T.);
#5660=EDGE_CURVE('',#4683,#4682,#2360,.T.);
#5661=EDGE_CURVE('',#4678,#4683,#2361,.T.);
#5662=EDGE_CURVE('',#4528,#4684,#2362,.T.);
#5663=EDGE_CURVE('',#4679,#4684,#2363,.T.);
#5664=EDGE_CURVE('',#4685,#4677,#2364,.T.);
#5665=EDGE_CURVE('',#4686,#4685,#2365,.T.);
#5666=EDGE_CURVE('',#4687,#4686,#2366,.T.);
#5667=EDGE_CURVE('',#4687,#4688,#2367,.T.);
#5668=EDGE_CURVE('',#4684,#4688,#2368,.T.);
#5669=EDGE_CURVE('',#4533,#4529,#2369,.T.);
#5670=EDGE_CURVE('',#4536,#4530,#2370,.T.);
#5671=EDGE_CURVE('',#4535,#4531,#2371,.T.);
#5672=EDGE_CURVE('',#4534,#4532,#2372,.T.);
#5673=EDGE_CURVE('',#4541,#4537,#2373,.T.);
#5674=EDGE_CURVE('',#4544,#4538,#2374,.T.);
#5675=EDGE_CURVE('',#4543,#4539,#2375,.T.);
#5676=EDGE_CURVE('',#4542,#4540,#2376,.T.);
#5677=EDGE_CURVE('',#4549,#4545,#2377,.T.);
#5678=EDGE_CURVE('',#4552,#4546,#2378,.T.);
#5679=EDGE_CURVE('',#4551,#4547,#2379,.T.);
#5680=EDGE_CURVE('',#4550,#4548,#2380,.T.);
#5681=EDGE_CURVE('',#4557,#4553,#2381,.T.);
#5682=EDGE_CURVE('',#4560,#4554,#2382,.T.);
#5683=EDGE_CURVE('',#4559,#4555,#2383,.T.);
#5684=EDGE_CURVE('',#4558,#4556,#2384,.T.);
#5685=EDGE_CURVE('',#4565,#4561,#2385,.T.);
#5686=EDGE_CURVE('',#4568,#4562,#2386,.T.);
#5687=EDGE_CURVE('',#4567,#4563,#2387,.T.);
#5688=EDGE_CURVE('',#4566,#4564,#2388,.T.);
#5689=EDGE_CURVE('',#4573,#4569,#2389,.T.);
#5690=EDGE_CURVE('',#4576,#4570,#2390,.T.);
#5691=EDGE_CURVE('',#4575,#4571,#2391,.T.);
#5692=EDGE_CURVE('',#4574,#4572,#2392,.T.);
#5693=EDGE_CURVE('',#4581,#4577,#2393,.T.);
#5694=EDGE_CURVE('',#4584,#4578,#2394,.T.);
#5695=EDGE_CURVE('',#4583,#4579,#2395,.T.);
#5696=EDGE_CURVE('',#4582,#4580,#2396,.T.);
#5697=EDGE_CURVE('',#4589,#4585,#2397,.T.);
#5698=EDGE_CURVE('',#4592,#4586,#2398,.T.);
#5699=EDGE_CURVE('',#4591,#4587,#2399,.T.);
#5700=EDGE_CURVE('',#4590,#4588,#2400,.T.);
#5701=EDGE_CURVE('',#4599,#4601,#2401,.T.);
#5702=EDGE_CURVE('',#4596,#4604,#2402,.T.);
#5703=EDGE_CURVE('',#4603,#4689,#2403,.T.);
#5704=EDGE_CURVE('',#4689,#4690,#2404,.T.);
#5705=EDGE_CURVE('',#4690,#4691,#2405,.T.);
#5706=EDGE_CURVE('',#4691,#4692,#2406,.T.);
#5707=EDGE_CURVE('',#4692,#4597,#2407,.T.);
#5708=EDGE_CURVE('',#4692,#4693,#2408,.T.);
#5709=EDGE_CURVE('',#4693,#4598,#2409,.T.);
#5710=EDGE_CURVE('',#4694,#4693,#2410,.T.);
#5711=EDGE_CURVE('',#4695,#4694,#2411,.T.);
#5712=EDGE_CURVE('',#4696,#4695,#2412,.T.);
#5713=EDGE_CURVE('',#4602,#4696,#2413,.T.);
#5714=EDGE_CURVE('',#4689,#4696,#2414,.T.);
#5715=EDGE_CURVE('',#4611,#4613,#2415,.T.);
#5716=EDGE_CURVE('',#4608,#4616,#2416,.T.);
#5717=EDGE_CURVE('',#4615,#4697,#2417,.T.);
#5718=EDGE_CURVE('',#4697,#4698,#2418,.T.);
#5719=EDGE_CURVE('',#4698,#4699,#2419,.T.);
#5720=EDGE_CURVE('',#4699,#4700,#2420,.T.);
#5721=EDGE_CURVE('',#4700,#4609,#2421,.T.);
#5722=EDGE_CURVE('',#4700,#4701,#2422,.T.);
#5723=EDGE_CURVE('',#4701,#4610,#2423,.T.);
#5724=EDGE_CURVE('',#4702,#4701,#2424,.T.);
#5725=EDGE_CURVE('',#4703,#4702,#2425,.T.);
#5726=EDGE_CURVE('',#4704,#4703,#2426,.T.);
#5727=EDGE_CURVE('',#4614,#4704,#2427,.T.);
#5728=EDGE_CURVE('',#4697,#4704,#2428,.T.);
#5729=EDGE_CURVE('',#4623,#4625,#2429,.T.);
#5730=EDGE_CURVE('',#4620,#4628,#2430,.T.);
#5731=EDGE_CURVE('',#4627,#4705,#2431,.T.);
#5732=EDGE_CURVE('',#4705,#4706,#2432,.T.);
#5733=EDGE_CURVE('',#4706,#4707,#2433,.T.);
#5734=EDGE_CURVE('',#4707,#4708,#2434,.T.);
#5735=EDGE_CURVE('',#4708,#4621,#2435,.T.);
#5736=EDGE_CURVE('',#4708,#4709,#2436,.T.);
#5737=EDGE_CURVE('',#4709,#4622,#2437,.T.);
#5738=EDGE_CURVE('',#4710,#4709,#2438,.T.);
#5739=EDGE_CURVE('',#4711,#4710,#2439,.T.);
#5740=EDGE_CURVE('',#4712,#4711,#2440,.T.);
#5741=EDGE_CURVE('',#4626,#4712,#2441,.T.);
#5742=EDGE_CURVE('',#4705,#4712,#2442,.T.);
#5743=EDGE_CURVE('',#4635,#4637,#2443,.T.);
#5744=EDGE_CURVE('',#4632,#4640,#2444,.T.);
#5745=EDGE_CURVE('',#4639,#4713,#2445,.T.);
#5746=EDGE_CURVE('',#4713,#4714,#2446,.T.);
#5747=EDGE_CURVE('',#4714,#4715,#2447,.T.);
#5748=EDGE_CURVE('',#4715,#4716,#2448,.T.);
#5749=EDGE_CURVE('',#4716,#4633,#2449,.T.);
#5750=EDGE_CURVE('',#4716,#4717,#2450,.T.);
#5751=EDGE_CURVE('',#4717,#4634,#2451,.T.);
#5752=EDGE_CURVE('',#4718,#4717,#2452,.T.);
#5753=EDGE_CURVE('',#4719,#4718,#2453,.T.);
#5754=EDGE_CURVE('',#4720,#4719,#2454,.T.);
#5755=EDGE_CURVE('',#4638,#4720,#2455,.T.);
#5756=EDGE_CURVE('',#4713,#4720,#2456,.T.);
#5757=EDGE_CURVE('',#4647,#4649,#2457,.T.);
#5758=EDGE_CURVE('',#4644,#4652,#2458,.T.);
#5759=EDGE_CURVE('',#4651,#4721,#2459,.T.);
#5760=EDGE_CURVE('',#4721,#4722,#2460,.T.);
#5761=EDGE_CURVE('',#4722,#4723,#2461,.T.);
#5762=EDGE_CURVE('',#4723,#4724,#2462,.T.);
#5763=EDGE_CURVE('',#4724,#4645,#2463,.T.);
#5764=EDGE_CURVE('',#4724,#4725,#2464,.T.);
#5765=EDGE_CURVE('',#4725,#4646,#2465,.T.);
#5766=EDGE_CURVE('',#4726,#4725,#2466,.T.);
#5767=EDGE_CURVE('',#4727,#4726,#2467,.T.);
#5768=EDGE_CURVE('',#4728,#4727,#2468,.T.);
#5769=EDGE_CURVE('',#4650,#4728,#2469,.T.);
#5770=EDGE_CURVE('',#4721,#4728,#2470,.T.);
#5771=EDGE_CURVE('',#4659,#4661,#2471,.T.);
#5772=EDGE_CURVE('',#4656,#4664,#2472,.T.);
#5773=EDGE_CURVE('',#4663,#4729,#2473,.T.);
#5774=EDGE_CURVE('',#4729,#4730,#2474,.T.);
#5775=EDGE_CURVE('',#4730,#4731,#2475,.T.);
#5776=EDGE_CURVE('',#4731,#4732,#2476,.T.);
#5777=EDGE_CURVE('',#4732,#4657,#2477,.T.);
#5778=EDGE_CURVE('',#4732,#4733,#2478,.T.);
#5779=EDGE_CURVE('',#4733,#4658,#2479,.T.);
#5780=EDGE_CURVE('',#4734,#4733,#2480,.T.);
#5781=EDGE_CURVE('',#4735,#4734,#2481,.T.);
#5782=EDGE_CURVE('',#4736,#4735,#2482,.T.);
#5783=EDGE_CURVE('',#4662,#4736,#2483,.T.);
#5784=EDGE_CURVE('',#4729,#4736,#2484,.T.);
#5785=EDGE_CURVE('',#4671,#4673,#2485,.T.);
#5786=EDGE_CURVE('',#4668,#4676,#2486,.T.);
#5787=EDGE_CURVE('',#4675,#4737,#2487,.T.);
#5788=EDGE_CURVE('',#4737,#4738,#2488,.T.);
#5789=EDGE_CURVE('',#4738,#4739,#2489,.T.);
#5790=EDGE_CURVE('',#4739,#4740,#2490,.T.);
#5791=EDGE_CURVE('',#4740,#4669,#2491,.T.);
#5792=EDGE_CURVE('',#4740,#4741,#2492,.T.);
#5793=EDGE_CURVE('',#4741,#4670,#2493,.T.);
#5794=EDGE_CURVE('',#4742,#4741,#2494,.T.);
#5795=EDGE_CURVE('',#4743,#4742,#2495,.T.);
#5796=EDGE_CURVE('',#4744,#4743,#2496,.T.);
#5797=EDGE_CURVE('',#4674,#4744,#2497,.T.);
#5798=EDGE_CURVE('',#4737,#4744,#2498,.T.);
#5799=EDGE_CURVE('',#4683,#4685,#2499,.T.);
#5800=EDGE_CURVE('',#4680,#4688,#2500,.T.);
#5801=EDGE_CURVE('',#4687,#4745,#2501,.T.);
#5802=EDGE_CURVE('',#4745,#4746,#2502,.T.);
#5803=EDGE_CURVE('',#4746,#4747,#2503,.T.);
#5804=EDGE_CURVE('',#4747,#4748,#2504,.T.);
#5805=EDGE_CURVE('',#4748,#4681,#2505,.T.);
#5806=EDGE_CURVE('',#4748,#4749,#2506,.T.);
#5807=EDGE_CURVE('',#4749,#4682,#2507,.T.);
#5808=EDGE_CURVE('',#4750,#4749,#2508,.T.);
#5809=EDGE_CURVE('',#4751,#4750,#2509,.T.);
#5810=EDGE_CURVE('',#4752,#4751,#2510,.T.);
#5811=EDGE_CURVE('',#4686,#4752,#2511,.T.);
#5812=EDGE_CURVE('',#4745,#4752,#2512,.T.);
#5813=EDGE_CURVE('',#4691,#4694,#2513,.T.);
#5814=EDGE_CURVE('',#4690,#4695,#2514,.T.);
#5815=EDGE_CURVE('',#4699,#4702,#2515,.T.);
#5816=EDGE_CURVE('',#4698,#4703,#2516,.T.);
#5817=EDGE_CURVE('',#4707,#4710,#2517,.T.);
#5818=EDGE_CURVE('',#4706,#4711,#2518,.T.);
#5819=EDGE_CURVE('',#4715,#4718,#2519,.T.);
#5820=EDGE_CURVE('',#4714,#4719,#2520,.T.);
#5821=EDGE_CURVE('',#4723,#4726,#2521,.T.);
#5822=EDGE_CURVE('',#4722,#4727,#2522,.T.);
#5823=EDGE_CURVE('',#4731,#4734,#2523,.T.);
#5824=EDGE_CURVE('',#4730,#4735,#2524,.T.);
#5825=EDGE_CURVE('',#4739,#4742,#2525,.T.);
#5826=EDGE_CURVE('',#4738,#4743,#2526,.T.);
#5827=EDGE_CURVE('',#4747,#4750,#2527,.T.);
#5828=EDGE_CURVE('',#4746,#4751,#2528,.T.);
#5829=EDGE_CURVE('',#4753,#4754,#2529,.T.);
#5830=EDGE_CURVE('',#4754,#4755,#2530,.T.);
#5831=EDGE_CURVE('',#4756,#4755,#2531,.T.);
#5832=EDGE_CURVE('',#4753,#4756,#2532,.T.);
#5833=EDGE_CURVE('',#4757,#4758,#2533,.T.);
#5834=EDGE_CURVE('',#4758,#4754,#2534,.T.);
#5835=EDGE_CURVE('',#4757,#4753,#2535,.T.);
#5836=EDGE_CURVE('',#4755,#4759,#2536,.T.);
#5837=EDGE_CURVE('',#4760,#4759,#2537,.T.);
#5838=EDGE_CURVE('',#4756,#4760,#2538,.T.);
#5839=EDGE_CURVE('',#4760,#4757,#2539,.T.);
#5840=EDGE_CURVE('',#4761,#4761,#4165,.T.);
#5841=EDGE_CURVE('',#4762,#4762,#4166,.T.);
#5842=EDGE_CURVE('',#4763,#4763,#4167,.T.);
#5843=EDGE_CURVE('',#4764,#4764,#4168,.T.);
#5844=EDGE_CURVE('',#4765,#4765,#4169,.T.);
#5845=EDGE_CURVE('',#4766,#4766,#4170,.T.);
#5846=EDGE_CURVE('',#4767,#4767,#4171,.T.);
#5847=EDGE_CURVE('',#4768,#4768,#4172,.T.);
#5848=EDGE_CURVE('',#4769,#4769,#4173,.T.);
#5849=EDGE_CURVE('',#4770,#4770,#4174,.T.);
#5850=EDGE_CURVE('',#4771,#4771,#4175,.T.);
#5851=EDGE_CURVE('',#4772,#4772,#4176,.T.);
#5852=EDGE_CURVE('',#4773,#4773,#4177,.T.);
#5853=EDGE_CURVE('',#4774,#4774,#4178,.T.);
#5854=EDGE_CURVE('',#4775,#4775,#4179,.T.);
#5855=EDGE_CURVE('',#4776,#4776,#4180,.T.);
#5856=EDGE_CURVE('',#4777,#4777,#4181,.T.);
#5857=EDGE_CURVE('',#4778,#4778,#4182,.T.);
#5858=EDGE_CURVE('',#4779,#4779,#4183,.T.);
#5859=EDGE_CURVE('',#4780,#4780,#4184,.T.);
#5860=EDGE_CURVE('',#4781,#4781,#4185,.T.);
#5861=EDGE_CURVE('',#4782,#4782,#4186,.T.);
#5862=EDGE_CURVE('',#4783,#4783,#4187,.T.);
#5863=EDGE_CURVE('',#4784,#4784,#4188,.T.);
#5864=EDGE_CURVE('',#4785,#4785,#4189,.T.);
#5865=EDGE_CURVE('',#4786,#4786,#4190,.T.);
#5866=EDGE_CURVE('',#4787,#4787,#4191,.T.);
#5867=EDGE_CURVE('',#4788,#4788,#4192,.T.);
#5868=EDGE_CURVE('',#4789,#4789,#4193,.T.);
#5869=EDGE_CURVE('',#4790,#4790,#4194,.T.);
#5870=EDGE_CURVE('',#4791,#4791,#4195,.T.);
#5871=EDGE_CURVE('',#4792,#4792,#4196,.T.);
#5872=EDGE_CURVE('',#4793,#4793,#4197,.T.);
#5873=EDGE_CURVE('',#4794,#4794,#4198,.T.);
#5874=EDGE_CURVE('',#4759,#4758,#2540,.T.);
#5875=EDGE_CURVE('',#4795,#4795,#4199,.T.);
#5876=EDGE_CURVE('',#4796,#4796,#4200,.T.);
#5877=EDGE_CURVE('',#4797,#4797,#4201,.T.);
#5878=EDGE_CURVE('',#4798,#4798,#4202,.T.);
#5879=EDGE_CURVE('',#4799,#4799,#4203,.T.);
#5880=EDGE_CURVE('',#4800,#4800,#4204,.T.);
#5881=EDGE_CURVE('',#4801,#4801,#4205,.T.);
#5882=EDGE_CURVE('',#4802,#4802,#4206,.T.);
#5883=EDGE_CURVE('',#4803,#4803,#4207,.T.);
#5884=EDGE_CURVE('',#4804,#4804,#4208,.T.);
#5885=EDGE_CURVE('',#4805,#4805,#4209,.T.);
#5886=EDGE_CURVE('',#4806,#4806,#4210,.T.);
#5887=EDGE_CURVE('',#4807,#4807,#4211,.T.);
#5888=EDGE_CURVE('',#4808,#4808,#4212,.T.);
#5889=EDGE_CURVE('',#4809,#4809,#4213,.T.);
#5890=EDGE_CURVE('',#4810,#4810,#4214,.T.);
#5891=EDGE_CURVE('',#4811,#4811,#4215,.T.);
#5892=EDGE_CURVE('',#4812,#4812,#4216,.T.);
#5893=EDGE_CURVE('',#4813,#4813,#4217,.T.);
#5894=EDGE_CURVE('',#4814,#4814,#4218,.T.);
#5895=EDGE_CURVE('',#4815,#4815,#4219,.T.);
#5896=EDGE_CURVE('',#4816,#4816,#4220,.T.);
#5897=EDGE_CURVE('',#4817,#4817,#4221,.T.);
#5898=EDGE_CURVE('',#4818,#4818,#4222,.T.);
#5899=EDGE_CURVE('',#4819,#4819,#4223,.T.);
#5900=EDGE_CURVE('',#4820,#4820,#4224,.T.);
#5901=EDGE_CURVE('',#4821,#4821,#4225,.T.);
#5902=EDGE_CURVE('',#4822,#4822,#4226,.T.);
#5903=EDGE_CURVE('',#4823,#4823,#4227,.T.);
#5904=EDGE_CURVE('',#4824,#4824,#4228,.T.);
#5905=EDGE_CURVE('',#4825,#4825,#4229,.T.);
#5906=EDGE_CURVE('',#4826,#4826,#4230,.T.);
#5907=EDGE_CURVE('',#4827,#4827,#4231,.T.);
#5908=EDGE_CURVE('',#4828,#4828,#4232,.T.);
#5909=EDGE_CURVE('',#4795,#4761,#2541,.T.);
#5910=EDGE_CURVE('',#4796,#4762,#2542,.T.);
#5911=EDGE_CURVE('',#4797,#4763,#2543,.T.);
#5912=EDGE_CURVE('',#4798,#4764,#2544,.T.);
#5913=EDGE_CURVE('',#4799,#4765,#2545,.T.);
#5914=EDGE_CURVE('',#4800,#4766,#2546,.T.);
#5915=EDGE_CURVE('',#4801,#4767,#2547,.T.);
#5916=EDGE_CURVE('',#4802,#4768,#2548,.T.);
#5917=EDGE_CURVE('',#4803,#4769,#2549,.T.);
#5918=EDGE_CURVE('',#4804,#4770,#2550,.T.);
#5919=EDGE_CURVE('',#4805,#4771,#2551,.T.);
#5920=EDGE_CURVE('',#4806,#4772,#2552,.T.);
#5921=EDGE_CURVE('',#4807,#4773,#2553,.T.);
#5922=EDGE_CURVE('',#4808,#4774,#2554,.T.);
#5923=EDGE_CURVE('',#4809,#4775,#2555,.T.);
#5924=EDGE_CURVE('',#4810,#4776,#2556,.T.);
#5925=EDGE_CURVE('',#4811,#4777,#2557,.T.);
#5926=EDGE_CURVE('',#4812,#4778,#2558,.T.);
#5927=EDGE_CURVE('',#4813,#4779,#2559,.T.);
#5928=EDGE_CURVE('',#4814,#4780,#2560,.T.);
#5929=EDGE_CURVE('',#4815,#4781,#2561,.T.);
#5930=EDGE_CURVE('',#4816,#4782,#2562,.T.);
#5931=EDGE_CURVE('',#4817,#4783,#2563,.T.);
#5932=EDGE_CURVE('',#4818,#4784,#2564,.T.);
#5933=EDGE_CURVE('',#4819,#4785,#2565,.T.);
#5934=EDGE_CURVE('',#4820,#4786,#2566,.T.);
#5935=EDGE_CURVE('',#4821,#4787,#2567,.T.);
#5936=EDGE_CURVE('',#4822,#4788,#2568,.T.);
#5937=EDGE_CURVE('',#4823,#4789,#2569,.T.);
#5938=EDGE_CURVE('',#4824,#4790,#2570,.T.);
#5939=EDGE_CURVE('',#4825,#4791,#2571,.T.);
#5940=EDGE_CURVE('',#4826,#4792,#2572,.T.);
#5941=EDGE_CURVE('',#4827,#4793,#2573,.T.);
#5942=EDGE_CURVE('',#4828,#4794,#2574,.T.);
#5943=EDGE_CURVE('',#4829,#4830,#2575,.T.);
#5944=EDGE_CURVE('',#4829,#4831,#2576,.T.);
#5945=EDGE_CURVE('',#4831,#4832,#2577,.T.);
#5946=EDGE_CURVE('',#4830,#4832,#2578,.T.);
#5947=EDGE_CURVE('',#4832,#4833,#2579,.T.);
#5948=EDGE_CURVE('',#4833,#4834,#2580,.T.);
#5949=EDGE_CURVE('',#4830,#4834,#2581,.T.);
#5950=EDGE_CURVE('',#4833,#4835,#2582,.T.);
#5951=EDGE_CURVE('',#4831,#4835,#2583,.T.);
#5952=EDGE_CURVE('',#4835,#4836,#2584,.T.);
#5953=EDGE_CURVE('',#4829,#4836,#2585,.T.);
#5954=EDGE_CURVE('',#4834,#4836,#2586,.T.);
#5955=EDGE_CURVE('',#4837,#4838,#2587,.T.);
#5956=EDGE_CURVE('',#4838,#4839,#2588,.T.);
#5957=EDGE_CURVE('',#4840,#4839,#2589,.T.);
#5958=EDGE_CURVE('',#4837,#4840,#2590,.T.);
#5959=EDGE_CURVE('',#4841,#4841,#4233,.T.);
#5960=EDGE_CURVE('',#4842,#4842,#4234,.T.);
#5961=EDGE_CURVE('',#4843,#4844,#2591,.T.);
#5962=EDGE_CURVE('',#4843,#4845,#2592,.T.);
#5963=EDGE_CURVE('',#4845,#4846,#2593,.T.);
#5964=EDGE_CURVE('',#4844,#4846,#2594,.T.);
#5965=EDGE_CURVE('',#4847,#4847,#4235,.T.);
#5966=EDGE_CURVE('',#4848,#4848,#4236,.T.);
#5967=EDGE_CURVE('',#4844,#4838,#2595,.T.);
#5968=EDGE_CURVE('',#4846,#4839,#2596,.T.);
#5969=EDGE_CURVE('',#4848,#4842,#2597,.T.);
#5970=EDGE_CURVE('',#4847,#4841,#2598,.T.);
#5971=EDGE_CURVE('',#4845,#4840,#2599,.T.);
#5972=EDGE_CURVE('',#4843,#4837,#2600,.T.);
#5973=EDGE_CURVE('',#4849,#4849,#4237,.T.);
#5974=EDGE_CURVE('',#4850,#4849,#4238,.T.);
#5975=EDGE_CURVE('',#4849,#4851,#2601,.T.);
#5976=EDGE_CURVE('',#4851,#4851,#4239,.T.);
#5977=EDGE_CURVE('',#4852,#4852,#4240,.T.);
#5978=EDGE_CURVE('',#4852,#4853,#2602,.T.);
#5979=EDGE_CURVE('',#4853,#4853,#4241,.T.);
#5980=EDGE_CURVE('',#4854,#4854,#4242,.T.);
#5981=EDGE_CURVE('',#4854,#4855,#2603,.T.);
#5982=EDGE_CURVE('',#4855,#4855,#4243,.T.);
#5983=EDGE_CURVE('',#4855,#4856,#2604,.T.);
#5984=EDGE_CURVE('',#4856,#4856,#4244,.T.);
#5985=EDGE_CURVE('',#4856,#4857,#2605,.T.);
#5986=EDGE_CURVE('',#4857,#4857,#4245,.T.);
#5987=EDGE_CURVE('',#4857,#4858,#4246,.T.);
#5988=EDGE_CURVE('',#4859,#4859,#4247,.T.);
#5989=EDGE_CURVE('',#4860,#4859,#4248,.T.);
#5990=EDGE_CURVE('',#4859,#4861,#2606,.T.);
#5991=EDGE_CURVE('',#4861,#4861,#4249,.T.);
#5992=EDGE_CURVE('',#4862,#4862,#4250,.T.);
#5993=EDGE_CURVE('',#4862,#4863,#2607,.T.);
#5994=EDGE_CURVE('',#4863,#4863,#4251,.T.);
#5995=EDGE_CURVE('',#4864,#4864,#4252,.T.);
#5996=EDGE_CURVE('',#4864,#4865,#2608,.T.);
#5997=EDGE_CURVE('',#4865,#4865,#4253,.T.);
#5998=EDGE_CURVE('',#4865,#4866,#2609,.T.);
#5999=EDGE_CURVE('',#4866,#4866,#4254,.T.);
#6000=EDGE_CURVE('',#4866,#4867,#2610,.T.);
#6001=EDGE_CURVE('',#4867,#4867,#4255,.T.);
#6002=EDGE_CURVE('',#4867,#4868,#4256,.T.);
#6003=EDGE_CURVE('',#4869,#4869,#4257,.T.);
#6004=EDGE_CURVE('',#4870,#4869,#4258,.T.);
#6005=EDGE_CURVE('',#4869,#4871,#2611,.T.);
#6006=EDGE_CURVE('',#4871,#4871,#4259,.T.);
#6007=EDGE_CURVE('',#4872,#4872,#4260,.T.);
#6008=EDGE_CURVE('',#4872,#4873,#2612,.T.);
#6009=EDGE_CURVE('',#4873,#4873,#4261,.T.);
#6010=EDGE_CURVE('',#4874,#4874,#4262,.T.);
#6011=EDGE_CURVE('',#4874,#4875,#2613,.T.);
#6012=EDGE_CURVE('',#4875,#4875,#4263,.T.);
#6013=EDGE_CURVE('',#4875,#4876,#2614,.T.);
#6014=EDGE_CURVE('',#4876,#4876,#4264,.T.);
#6015=EDGE_CURVE('',#4876,#4877,#2615,.T.);
#6016=EDGE_CURVE('',#4877,#4877,#4265,.T.);
#6017=EDGE_CURVE('',#4877,#4878,#4266,.T.);
#6018=EDGE_CURVE('',#4879,#4879,#4267,.T.);
#6019=EDGE_CURVE('',#4880,#4879,#4268,.T.);
#6020=EDGE_CURVE('',#4879,#4881,#2616,.T.);
#6021=EDGE_CURVE('',#4881,#4881,#4269,.T.);
#6022=EDGE_CURVE('',#4882,#4882,#4270,.T.);
#6023=EDGE_CURVE('',#4882,#4883,#2617,.T.);
#6024=EDGE_CURVE('',#4883,#4883,#4271,.T.);
#6025=EDGE_CURVE('',#4884,#4884,#4272,.T.);
#6026=EDGE_CURVE('',#4884,#4885,#2618,.T.);
#6027=EDGE_CURVE('',#4885,#4885,#4273,.T.);
#6028=EDGE_CURVE('',#4885,#4886,#2619,.T.);
#6029=EDGE_CURVE('',#4886,#4886,#4274,.T.);
#6030=EDGE_CURVE('',#4886,#4887,#2620,.T.);
#6031=EDGE_CURVE('',#4887,#4887,#4275,.T.);
#6032=EDGE_CURVE('',#4887,#4888,#4276,.T.);
#6033=EDGE_CURVE('',#4889,#4889,#4277,.T.);
#6034=EDGE_CURVE('',#4890,#4889,#4278,.T.);
#6035=EDGE_CURVE('',#4889,#4891,#2621,.T.);
#6036=EDGE_CURVE('',#4891,#4891,#4279,.T.);
#6037=EDGE_CURVE('',#4892,#4892,#4280,.T.);
#6038=EDGE_CURVE('',#4892,#4893,#2622,.T.);
#6039=EDGE_CURVE('',#4893,#4893,#4281,.T.);
#6040=EDGE_CURVE('',#4894,#4894,#4282,.T.);
#6041=EDGE_CURVE('',#4894,#4895,#2623,.T.);
#6042=EDGE_CURVE('',#4895,#4895,#4283,.T.);
#6043=EDGE_CURVE('',#4895,#4896,#2624,.T.);
#6044=EDGE_CURVE('',#4896,#4896,#4284,.T.);
#6045=EDGE_CURVE('',#4896,#4897,#2625,.T.);
#6046=EDGE_CURVE('',#4897,#4897,#4285,.T.);
#6047=EDGE_CURVE('',#4897,#4898,#4286,.T.);
#6048=EDGE_CURVE('',#4899,#4899,#4287,.T.);
#6049=EDGE_CURVE('',#4899,#4900,#2626,.T.);
#6050=EDGE_CURVE('',#4900,#4900,#4288,.T.);
#6051=EDGE_CURVE('',#4901,#4901,#4289,.T.);
#6052=EDGE_CURVE('',#4901,#4902,#2627,.T.);
#6053=EDGE_CURVE('',#4902,#4902,#4290,.T.);
#6054=EDGE_CURVE('',#4903,#4903,#4291,.T.);
#6055=EDGE_CURVE('',#4903,#4904,#2628,.T.);
#6056=EDGE_CURVE('',#4904,#4904,#4292,.T.);
#6057=EDGE_CURVE('',#4905,#4905,#4293,.T.);
#6058=EDGE_CURVE('',#4905,#4906,#2629,.T.);
#6059=EDGE_CURVE('',#4906,#4906,#4294,.T.);
#6060=EDGE_CURVE('',#4907,#4907,#4295,.T.);
#6061=EDGE_CURVE('',#4907,#4908,#2630,.T.);
#6062=EDGE_CURVE('',#4908,#4908,#4296,.T.);
#6063=EDGE_CURVE('',#4909,#4909,#4297,.T.);
#6064=EDGE_CURVE('',#4909,#4910,#2631,.T.);
#6065=EDGE_CURVE('',#4910,#4910,#4298,.T.);
#6066=EDGE_CURVE('',#4911,#4911,#4299,.T.);
#6067=EDGE_CURVE('',#4911,#4912,#2632,.T.);
#6068=EDGE_CURVE('',#4912,#4912,#4300,.T.);
#6069=EDGE_CURVE('',#4913,#4914,#2633,.T.);
#6070=EDGE_CURVE('',#4914,#4915,#2634,.T.);
#6071=EDGE_CURVE('',#4915,#4916,#2635,.T.);
#6072=EDGE_CURVE('',#4916,#4917,#2636,.T.);
#6073=EDGE_CURVE('',#4917,#4918,#2637,.T.);
#6074=EDGE_CURVE('',#4918,#4919,#2638,.T.);
#6075=EDGE_CURVE('',#4919,#4920,#2639,.T.);
#6076=EDGE_CURVE('',#4920,#4921,#2640,.T.);
#6077=EDGE_CURVE('',#4921,#4922,#2641,.T.);
#6078=EDGE_CURVE('',#4922,#4923,#2642,.T.);
#6079=EDGE_CURVE('',#4923,#4924,#2643,.T.);
#6080=EDGE_CURVE('',#4924,#4925,#2644,.T.);
#6081=EDGE_CURVE('',#4925,#4926,#2645,.T.);
#6082=EDGE_CURVE('',#4926,#4927,#2646,.T.);
#6083=EDGE_CURVE('',#4927,#4928,#2647,.T.);
#6084=EDGE_CURVE('',#4928,#4929,#2648,.T.);
#6085=EDGE_CURVE('',#4929,#4930,#2649,.T.);
#6086=EDGE_CURVE('',#4930,#4931,#2650,.T.);
#6087=EDGE_CURVE('',#4931,#4932,#2651,.T.);
#6088=EDGE_CURVE('',#4932,#4933,#2652,.T.);
#6089=EDGE_CURVE('',#4933,#4934,#2653,.T.);
#6090=EDGE_CURVE('',#4934,#4935,#2654,.T.);
#6091=EDGE_CURVE('',#4935,#4936,#2655,.T.);
#6092=EDGE_CURVE('',#4936,#4937,#2656,.T.);
#6093=EDGE_CURVE('',#4937,#4938,#2657,.T.);
#6094=EDGE_CURVE('',#4938,#4939,#2658,.T.);
#6095=EDGE_CURVE('',#4939,#4940,#2659,.T.);
#6096=EDGE_CURVE('',#4940,#4941,#2660,.T.);
#6097=EDGE_CURVE('',#4941,#4942,#2661,.T.);
#6098=EDGE_CURVE('',#4942,#4943,#2662,.T.);
#6099=EDGE_CURVE('',#4943,#4944,#2663,.T.);
#6100=EDGE_CURVE('',#4944,#4945,#2664,.T.);
#6101=EDGE_CURVE('',#4945,#4946,#2665,.T.);
#6102=EDGE_CURVE('',#4946,#4947,#2666,.T.);
#6103=EDGE_CURVE('',#4947,#4948,#2667,.T.);
#6104=EDGE_CURVE('',#4948,#4949,#2668,.T.);
#6105=EDGE_CURVE('',#4949,#4950,#2669,.T.);
#6106=EDGE_CURVE('',#4950,#4951,#2670,.T.);
#6107=EDGE_CURVE('',#4951,#4952,#2671,.T.);
#6108=EDGE_CURVE('',#4952,#4953,#2672,.T.);
#6109=EDGE_CURVE('',#4953,#4954,#2673,.T.);
#6110=EDGE_CURVE('',#4954,#4955,#2674,.T.);
#6111=EDGE_CURVE('',#4955,#4956,#2675,.T.);
#6112=EDGE_CURVE('',#4956,#4957,#2676,.T.);
#6113=EDGE_CURVE('',#4957,#4958,#2677,.T.);
#6114=EDGE_CURVE('',#4958,#4959,#2678,.T.);
#6115=EDGE_CURVE('',#4959,#4960,#2679,.T.);
#6116=EDGE_CURVE('',#4960,#4961,#2680,.T.);
#6117=EDGE_CURVE('',#4961,#4962,#2681,.T.);
#6118=EDGE_CURVE('',#4962,#4963,#2682,.T.);
#6119=EDGE_CURVE('',#4963,#4964,#2683,.T.);
#6120=EDGE_CURVE('',#4964,#4965,#2684,.T.);
#6121=EDGE_CURVE('',#4965,#4966,#2685,.T.);
#6122=EDGE_CURVE('',#4966,#4967,#2686,.T.);
#6123=EDGE_CURVE('',#4967,#4968,#2687,.T.);
#6124=EDGE_CURVE('',#4968,#4969,#2688,.T.);
#6125=EDGE_CURVE('',#4969,#4970,#2689,.T.);
#6126=EDGE_CURVE('',#4970,#4971,#2690,.T.);
#6127=EDGE_CURVE('',#4971,#4972,#2691,.T.);
#6128=EDGE_CURVE('',#4972,#4973,#2692,.T.);
#6129=EDGE_CURVE('',#4973,#4974,#2693,.T.);
#6130=EDGE_CURVE('',#4974,#4975,#2694,.T.);
#6131=EDGE_CURVE('',#4975,#4976,#2695,.T.);
#6132=EDGE_CURVE('',#4976,#4977,#2696,.T.);
#6133=EDGE_CURVE('',#4977,#4978,#2697,.T.);
#6134=EDGE_CURVE('',#4978,#4979,#2698,.T.);
#6135=EDGE_CURVE('',#4979,#4980,#2699,.T.);
#6136=EDGE_CURVE('',#4980,#4913,#2700,.T.);
#6137=EDGE_CURVE('',#4981,#4981,#4301,.T.);
#6138=EDGE_CURVE('',#4982,#4982,#4302,.T.);
#6139=EDGE_CURVE('',#4983,#4983,#4303,.T.);
#6140=EDGE_CURVE('',#4984,#4984,#4304,.T.);
#6141=EDGE_CURVE('',#4985,#4985,#4305,.T.);
#6142=EDGE_CURVE('',#4986,#4986,#4306,.T.);
#6143=EDGE_CURVE('',#4987,#4987,#4307,.T.);
#6144=EDGE_CURVE('',#4988,#4988,#4308,.T.);
#6145=EDGE_CURVE('',#4989,#4989,#4309,.T.);
#6146=EDGE_CURVE('',#4989,#4987,#2701,.T.);
#6147=EDGE_CURVE('',#4990,#4990,#4310,.T.);
#6148=EDGE_CURVE('',#4990,#4986,#2702,.T.);
#6149=EDGE_CURVE('',#4991,#4991,#4311,.T.);
#6150=EDGE_CURVE('',#4991,#4985,#2703,.T.);
#6151=EDGE_CURVE('',#4992,#4992,#4312,.T.);
#6152=EDGE_CURVE('',#4992,#4984,#2704,.T.);
#6153=EDGE_CURVE('',#4993,#4993,#4313,.T.);
#6154=EDGE_CURVE('',#4993,#4983,#2705,.T.);
#6155=EDGE_CURVE('',#4994,#4994,#4314,.T.);
#6156=EDGE_CURVE('',#4994,#4982,#2706,.T.);
#6157=EDGE_CURVE('',#4995,#4995,#4315,.T.);
#6158=EDGE_CURVE('',#4995,#4981,#2707,.T.);
#6159=EDGE_CURVE('',#4996,#4997,#2708,.T.);
#6160=EDGE_CURVE('',#4998,#4996,#2709,.T.);
#6161=EDGE_CURVE('',#4999,#4998,#2710,.T.);
#6162=EDGE_CURVE('',#5000,#4999,#2711,.T.);
#6163=EDGE_CURVE('',#5001,#5000,#2712,.T.);
#6164=EDGE_CURVE('',#5002,#5001,#2713,.T.);
#6165=EDGE_CURVE('',#5003,#5002,#2714,.T.);
#6166=EDGE_CURVE('',#5004,#5003,#2715,.T.);
#6167=EDGE_CURVE('',#5005,#5004,#2716,.T.);
#6168=EDGE_CURVE('',#5006,#5005,#2717,.T.);
#6169=EDGE_CURVE('',#5007,#5006,#2718,.T.);
#6170=EDGE_CURVE('',#5008,#5007,#2719,.T.);
#6171=EDGE_CURVE('',#5009,#5008,#2720,.T.);
#6172=EDGE_CURVE('',#5010,#5009,#2721,.T.);
#6173=EDGE_CURVE('',#5011,#5010,#2722,.T.);
#6174=EDGE_CURVE('',#5012,#5011,#2723,.T.);
#6175=EDGE_CURVE('',#5013,#5012,#2724,.T.);
#6176=EDGE_CURVE('',#5014,#5013,#2725,.T.);
#6177=EDGE_CURVE('',#5015,#5014,#2726,.T.);
#6178=EDGE_CURVE('',#5016,#5015,#2727,.T.);
#6179=EDGE_CURVE('',#5017,#5016,#2728,.T.);
#6180=EDGE_CURVE('',#5018,#5017,#2729,.T.);
#6181=EDGE_CURVE('',#5019,#5018,#2730,.T.);
#6182=EDGE_CURVE('',#5020,#5019,#2731,.T.);
#6183=EDGE_CURVE('',#5021,#5020,#2732,.T.);
#6184=EDGE_CURVE('',#5022,#5021,#2733,.T.);
#6185=EDGE_CURVE('',#5023,#5022,#2734,.T.);
#6186=EDGE_CURVE('',#5024,#5023,#2735,.T.);
#6187=EDGE_CURVE('',#5025,#5024,#2736,.T.);
#6188=EDGE_CURVE('',#5026,#5025,#2737,.T.);
#6189=EDGE_CURVE('',#5027,#5026,#2738,.T.);
#6190=EDGE_CURVE('',#5028,#5027,#2739,.T.);
#6191=EDGE_CURVE('',#5029,#5028,#2740,.T.);
#6192=EDGE_CURVE('',#5030,#5029,#2741,.T.);
#6193=EDGE_CURVE('',#5031,#5030,#2742,.T.);
#6194=EDGE_CURVE('',#5032,#5031,#2743,.T.);
#6195=EDGE_CURVE('',#5033,#5032,#2744,.T.);
#6196=EDGE_CURVE('',#5034,#5033,#2745,.T.);
#6197=EDGE_CURVE('',#5035,#5034,#2746,.T.);
#6198=EDGE_CURVE('',#5036,#5035,#2747,.T.);
#6199=EDGE_CURVE('',#5037,#5036,#2748,.T.);
#6200=EDGE_CURVE('',#5038,#5037,#2749,.T.);
#6201=EDGE_CURVE('',#5039,#5038,#2750,.T.);
#6202=EDGE_CURVE('',#5040,#5039,#2751,.T.);
#6203=EDGE_CURVE('',#5041,#5040,#2752,.T.);
#6204=EDGE_CURVE('',#5042,#5041,#2753,.T.);
#6205=EDGE_CURVE('',#5043,#5042,#2754,.T.);
#6206=EDGE_CURVE('',#5044,#5043,#2755,.T.);
#6207=EDGE_CURVE('',#5045,#5044,#2756,.T.);
#6208=EDGE_CURVE('',#5046,#5045,#2757,.T.);
#6209=EDGE_CURVE('',#5047,#5046,#2758,.T.);
#6210=EDGE_CURVE('',#5048,#5047,#2759,.T.);
#6211=EDGE_CURVE('',#5049,#5048,#2760,.T.);
#6212=EDGE_CURVE('',#5050,#5049,#2761,.T.);
#6213=EDGE_CURVE('',#5051,#5050,#2762,.T.);
#6214=EDGE_CURVE('',#5052,#5051,#2763,.T.);
#6215=EDGE_CURVE('',#5053,#5052,#2764,.T.);
#6216=EDGE_CURVE('',#5054,#5053,#2765,.T.);
#6217=EDGE_CURVE('',#5055,#5054,#2766,.T.);
#6218=EDGE_CURVE('',#5056,#5055,#2767,.T.);
#6219=EDGE_CURVE('',#5057,#5056,#2768,.T.);
#6220=EDGE_CURVE('',#5058,#5057,#2769,.T.);
#6221=EDGE_CURVE('',#5059,#5058,#2770,.T.);
#6222=EDGE_CURVE('',#5060,#5059,#2771,.T.);
#6223=EDGE_CURVE('',#5061,#5060,#2772,.T.);
#6224=EDGE_CURVE('',#5062,#5061,#2773,.T.);
#6225=EDGE_CURVE('',#5063,#5062,#2774,.T.);
#6226=EDGE_CURVE('',#4997,#5063,#2775,.T.);
#6227=EDGE_CURVE('',#5064,#5064,#4316,.T.);
#6228=EDGE_CURVE('',#5063,#4914,#2776,.T.);
#6229=EDGE_CURVE('',#4997,#4913,#2777,.T.);
#6230=EDGE_CURVE('',#5062,#4915,#2778,.T.);
#6231=EDGE_CURVE('',#5061,#4916,#2779,.T.);
#6232=EDGE_CURVE('',#5060,#4917,#2780,.T.);
#6233=EDGE_CURVE('',#5059,#4918,#2781,.T.);
#6234=EDGE_CURVE('',#5058,#4919,#2782,.T.);
#6235=EDGE_CURVE('',#5057,#4920,#2783,.T.);
#6236=EDGE_CURVE('',#5056,#4921,#2784,.T.);
#6237=EDGE_CURVE('',#5055,#4922,#2785,.T.);
#6238=EDGE_CURVE('',#5054,#4923,#2786,.T.);
#6239=EDGE_CURVE('',#5053,#4924,#2787,.T.);
#6240=EDGE_CURVE('',#5052,#4925,#2788,.T.);
#6241=EDGE_CURVE('',#5051,#4926,#2789,.T.);
#6242=EDGE_CURVE('',#5050,#4927,#2790,.T.);
#6243=EDGE_CURVE('',#5049,#4928,#2791,.T.);
#6244=EDGE_CURVE('',#5048,#4929,#2792,.T.);
#6245=EDGE_CURVE('',#5047,#4930,#2793,.T.);
#6246=EDGE_CURVE('',#5046,#4931,#2794,.T.);
#6247=EDGE_CURVE('',#5045,#4932,#2795,.T.);
#6248=EDGE_CURVE('',#5044,#4933,#2796,.T.);
#6249=EDGE_CURVE('',#5043,#4934,#2797,.T.);
#6250=EDGE_CURVE('',#5042,#4935,#2798,.T.);
#6251=EDGE_CURVE('',#5041,#4936,#2799,.T.);
#6252=EDGE_CURVE('',#5040,#4937,#2800,.T.);
#6253=EDGE_CURVE('',#5039,#4938,#2801,.T.);
#6254=EDGE_CURVE('',#5038,#4939,#2802,.T.);
#6255=EDGE_CURVE('',#5037,#4940,#2803,.T.);
#6256=EDGE_CURVE('',#5036,#4941,#2804,.T.);
#6257=EDGE_CURVE('',#5035,#4942,#2805,.T.);
#6258=EDGE_CURVE('',#5034,#4943,#2806,.T.);
#6259=EDGE_CURVE('',#5033,#4944,#2807,.T.);
#6260=EDGE_CURVE('',#5032,#4945,#2808,.T.);
#6261=EDGE_CURVE('',#5031,#4946,#2809,.T.);
#6262=EDGE_CURVE('',#5030,#4947,#2810,.T.);
#6263=EDGE_CURVE('',#5029,#4948,#2811,.T.);
#6264=EDGE_CURVE('',#5028,#4949,#2812,.T.);
#6265=EDGE_CURVE('',#5027,#4950,#2813,.T.);
#6266=EDGE_CURVE('',#5026,#4951,#2814,.T.);
#6267=EDGE_CURVE('',#5025,#4952,#2815,.T.);
#6268=EDGE_CURVE('',#5024,#4953,#2816,.T.);
#6269=EDGE_CURVE('',#5023,#4954,#2817,.T.);
#6270=EDGE_CURVE('',#5022,#4955,#2818,.T.);
#6271=EDGE_CURVE('',#5021,#4956,#2819,.T.);
#6272=EDGE_CURVE('',#5020,#4957,#2820,.T.);
#6273=EDGE_CURVE('',#5019,#4958,#2821,.T.);
#6274=EDGE_CURVE('',#5018,#4959,#2822,.T.);
#6275=EDGE_CURVE('',#5017,#4960,#2823,.T.);
#6276=EDGE_CURVE('',#5016,#4961,#2824,.T.);
#6277=EDGE_CURVE('',#5015,#4962,#2825,.T.);
#6278=EDGE_CURVE('',#5014,#4963,#2826,.T.);
#6279=EDGE_CURVE('',#5013,#4964,#2827,.T.);
#6280=EDGE_CURVE('',#5012,#4965,#2828,.T.);
#6281=EDGE_CURVE('',#5011,#4966,#2829,.T.);
#6282=EDGE_CURVE('',#5010,#4967,#2830,.T.);
#6283=EDGE_CURVE('',#5009,#4968,#2831,.T.);
#6284=EDGE_CURVE('',#5008,#4969,#2832,.T.);
#6285=EDGE_CURVE('',#5007,#4970,#2833,.T.);
#6286=EDGE_CURVE('',#5006,#4971,#2834,.T.);
#6287=EDGE_CURVE('',#5005,#4972,#2835,.T.);
#6288=EDGE_CURVE('',#5004,#4973,#2836,.T.);
#6289=EDGE_CURVE('',#5003,#4974,#2837,.T.);
#6290=EDGE_CURVE('',#5002,#4975,#2838,.T.);
#6291=EDGE_CURVE('',#5001,#4976,#2839,.T.);
#6292=EDGE_CURVE('',#5000,#4977,#2840,.T.);
#6293=EDGE_CURVE('',#4999,#4978,#2841,.T.);
#6294=EDGE_CURVE('',#4998,#4979,#2842,.T.);
#6295=EDGE_CURVE('',#4996,#4980,#2843,.T.);
#6296=EDGE_CURVE('',#5065,#5065,#4317,.T.);
#6297=EDGE_CURVE('',#5065,#4988,#2844,.T.);
#6298=EDGE_CURVE('',#5064,#5066,#2845,.T.);
#6299=EDGE_CURVE('',#5066,#5066,#4318,.T.);
#6300=EDGE_CURVE('',#5067,#5067,#4319,.T.);
#6301=EDGE_CURVE('',#5068,#5067,#4320,.T.);
#6302=EDGE_CURVE('',#5067,#5069,#2846,.T.);
#6303=EDGE_CURVE('',#5069,#5069,#4321,.T.);
#6304=EDGE_CURVE('',#5070,#5070,#4322,.T.);
#6305=EDGE_CURVE('',#5070,#5071,#2847,.T.);
#6306=EDGE_CURVE('',#5071,#5071,#4323,.T.);
#6307=EDGE_CURVE('',#5072,#5072,#4324,.T.);
#6308=EDGE_CURVE('',#5072,#5073,#2848,.T.);
#6309=EDGE_CURVE('',#5073,#5073,#4325,.T.);
#6310=EDGE_CURVE('',#5073,#5074,#2849,.T.);
#6311=EDGE_CURVE('',#5074,#5074,#4326,.T.);
#6312=EDGE_CURVE('',#5074,#5075,#2850,.T.);
#6313=EDGE_CURVE('',#5075,#5075,#4327,.T.);
#6314=EDGE_CURVE('',#5075,#5076,#4328,.T.);
#6315=EDGE_CURVE('',#5077,#5077,#4329,.T.);
#6316=EDGE_CURVE('',#5078,#5077,#4330,.T.);
#6317=EDGE_CURVE('',#5077,#5079,#2851,.T.);
#6318=EDGE_CURVE('',#5079,#5079,#4331,.T.);
#6319=EDGE_CURVE('',#5080,#5080,#4332,.T.);
#6320=EDGE_CURVE('',#5080,#5081,#2852,.T.);
#6321=EDGE_CURVE('',#5081,#5081,#4333,.T.);
#6322=EDGE_CURVE('',#5082,#5082,#4334,.T.);
#6323=EDGE_CURVE('',#5082,#5083,#2853,.T.);
#6324=EDGE_CURVE('',#5083,#5083,#4335,.T.);
#6325=EDGE_CURVE('',#5083,#5084,#2854,.T.);
#6326=EDGE_CURVE('',#5084,#5084,#4336,.T.);
#6327=EDGE_CURVE('',#5084,#5085,#2855,.T.);
#6328=EDGE_CURVE('',#5085,#5085,#4337,.T.);
#6329=EDGE_CURVE('',#5085,#5086,#4338,.T.);
#6330=EDGE_CURVE('',#5087,#5087,#4339,.T.);
#6331=EDGE_CURVE('',#5088,#5087,#4340,.T.);
#6332=EDGE_CURVE('',#5087,#5089,#2856,.T.);
#6333=EDGE_CURVE('',#5089,#5089,#4341,.T.);
#6334=EDGE_CURVE('',#5090,#5090,#4342,.T.);
#6335=EDGE_CURVE('',#5090,#5091,#2857,.T.);
#6336=EDGE_CURVE('',#5091,#5091,#4343,.T.);
#6337=EDGE_CURVE('',#5092,#5092,#4344,.T.);
#6338=EDGE_CURVE('',#5092,#5093,#2858,.T.);
#6339=EDGE_CURVE('',#5093,#5093,#4345,.T.);
#6340=EDGE_CURVE('',#5093,#5094,#2859,.T.);
#6341=EDGE_CURVE('',#5094,#5094,#4346,.T.);
#6342=EDGE_CURVE('',#5094,#5095,#2860,.T.);
#6343=EDGE_CURVE('',#5095,#5095,#4347,.T.);
#6344=EDGE_CURVE('',#5095,#5096,#4348,.T.);
#6345=EDGE_CURVE('',#5097,#5098,#2861,.T.);
#6346=EDGE_CURVE('',#5099,#5097,#2862,.T.);
#6347=EDGE_CURVE('',#5100,#5099,#2863,.T.);
#6348=EDGE_CURVE('',#5100,#5098,#2864,.T.);
#6349=EDGE_CURVE('',#5098,#5101,#2865,.T.);
#6350=EDGE_CURVE('',#5102,#5100,#2866,.T.);
#6351=EDGE_CURVE('',#5102,#5101,#2867,.T.);
#6352=EDGE_CURVE('',#5101,#5103,#2868,.T.);
#6353=EDGE_CURVE('',#5104,#5102,#2869,.T.);
#6354=EDGE_CURVE('',#5104,#5103,#2870,.T.);
#6355=EDGE_CURVE('',#5103,#5097,#2871,.T.);
#6356=EDGE_CURVE('',#5099,#5104,#2872,.T.);
#6357=EDGE_CURVE('',#5105,#5106,#2873,.T.);
#6358=EDGE_CURVE('',#5105,#5107,#2874,.T.);
#6359=EDGE_CURVE('',#5108,#5107,#2875,.T.);
#6360=EDGE_CURVE('',#5106,#5108,#2876,.T.);
#6361=EDGE_CURVE('',#5109,#5105,#2877,.T.);
#6362=EDGE_CURVE('',#5109,#5110,#2878,.T.);
#6363=EDGE_CURVE('',#5107,#5110,#2879,.T.);
#6364=EDGE_CURVE('',#5111,#5109,#2880,.T.);
#6365=EDGE_CURVE('',#5111,#5112,#2881,.T.);
#6366=EDGE_CURVE('',#5110,#5112,#2882,.T.);
#6367=EDGE_CURVE('',#5106,#5111,#2883,.T.);
#6368=EDGE_CURVE('',#5112,#5108,#2884,.T.);
#6369=EDGE_CURVE('',#5113,#5114,#2885,.T.);
#6370=EDGE_CURVE('',#5113,#5115,#2886,.T.);
#6371=EDGE_CURVE('',#5116,#5115,#2887,.T.);
#6372=EDGE_CURVE('',#5114,#5116,#2888,.T.);
#6373=EDGE_CURVE('',#5117,#5113,#2889,.T.);
#6374=EDGE_CURVE('',#5117,#5118,#2890,.T.);
#6375=EDGE_CURVE('',#5115,#5118,#2891,.T.);
#6376=EDGE_CURVE('',#5119,#5117,#2892,.T.);
#6377=EDGE_CURVE('',#5119,#5120,#2893,.T.);
#6378=EDGE_CURVE('',#5118,#5120,#2894,.T.);
#6379=EDGE_CURVE('',#5114,#5119,#2895,.T.);
#6380=EDGE_CURVE('',#5120,#5116,#2896,.T.);
#6381=EDGE_CURVE('',#5121,#5121,#4349,.T.);
#6382=EDGE_CURVE('',#5121,#5122,#2897,.T.);
#6383=EDGE_CURVE('',#5122,#5122,#4350,.T.);
#6384=EDGE_CURVE('',#5123,#5123,#4351,.T.);
#6385=EDGE_CURVE('',#5123,#5124,#2898,.T.);
#6386=EDGE_CURVE('',#5124,#5124,#4352,.T.);
#6387=EDGE_CURVE('',#5125,#5125,#4353,.T.);
#6388=EDGE_CURVE('',#5125,#5126,#2899,.T.);
#6389=EDGE_CURVE('',#5126,#5126,#4354,.T.);
#6390=EDGE_CURVE('',#5127,#5127,#4355,.T.);
#6391=EDGE_CURVE('',#5127,#5128,#2900,.T.);
#6392=EDGE_CURVE('',#5128,#5128,#4356,.T.);
#6393=EDGE_CURVE('',#5129,#5129,#4357,.T.);
#6394=EDGE_CURVE('',#5129,#5130,#2901,.T.);
#6395=EDGE_CURVE('',#5130,#5130,#4358,.T.);
#6396=EDGE_CURVE('',#5131,#5132,#2902,.T.);
#6397=EDGE_CURVE('',#5133,#5132,#2903,.T.);
#6398=EDGE_CURVE('',#5134,#5133,#2904,.T.);
#6399=EDGE_CURVE('',#5131,#5134,#2905,.T.);
#6400=EDGE_CURVE('',#5135,#5131,#2906,.T.);
#6401=EDGE_CURVE('',#5136,#5134,#2907,.T.);
#6402=EDGE_CURVE('',#5135,#5136,#2908,.T.);
#6403=EDGE_CURVE('',#5137,#5135,#2909,.T.);
#6404=EDGE_CURVE('',#5138,#5136,#2910,.T.);
#6405=EDGE_CURVE('',#5137,#5138,#2911,.T.);
#6406=EDGE_CURVE('',#5138,#5133,#2912,.T.);
#6407=EDGE_CURVE('',#5132,#5137,#2913,.T.);
#6408=EDGE_CURVE('',#5139,#5139,#4359,.T.);
#6409=EDGE_CURVE('',#5139,#5140,#2914,.T.);
#6410=EDGE_CURVE('',#5140,#5140,#4360,.T.);
#6411=EDGE_CURVE('',#5141,#5142,#2915,.T.);
#6412=EDGE_CURVE('',#5143,#5141,#2916,.T.);
#6413=EDGE_CURVE('',#5144,#5143,#2917,.T.);
#6414=EDGE_CURVE('',#5142,#5144,#2918,.T.);
#6415=EDGE_CURVE('',#5142,#5145,#2919,.T.);
#6416=EDGE_CURVE('',#5146,#5144,#2920,.T.);
#6417=EDGE_CURVE('',#5145,#5146,#2921,.T.);
#6418=EDGE_CURVE('',#5147,#5143,#2922,.T.);
#6419=EDGE_CURVE('',#5146,#5147,#2923,.T.);
#6420=EDGE_CURVE('',#5148,#5145,#2924,.T.);
#6421=EDGE_CURVE('',#5141,#5148,#2925,.T.);
#6422=EDGE_CURVE('',#5149,#5148,#2926,.T.);
#6423=EDGE_CURVE('',#5150,#5149,#2927,.T.);
#6424=EDGE_CURVE('',#5150,#5151,#2928,.T.);
#6425=EDGE_CURVE('',#5151,#5152,#2929,.T.);
#6426=EDGE_CURVE('',#5152,#5153,#2930,.T.);
#6427=EDGE_CURVE('',#5153,#5154,#2931,.T.);
#6428=EDGE_CURVE('',#5154,#5155,#2932,.T.);
#6429=EDGE_CURVE('',#5156,#5155,#2933,.T.);
#6430=EDGE_CURVE('',#5147,#5156,#2934,.T.);
#6431=EDGE_CURVE('',#5157,#5157,#4361,.T.);
#6432=EDGE_CURVE('',#5157,#5158,#2935,.T.);
#6433=EDGE_CURVE('',#5158,#5158,#4362,.T.);
#6434=EDGE_CURVE('',#5159,#5160,#2936,.T.);
#6435=EDGE_CURVE('',#5161,#5159,#2937,.T.);
#6436=EDGE_CURVE('',#5162,#5161,#2938,.T.);
#6437=EDGE_CURVE('',#5160,#5162,#2939,.T.);
#6438=EDGE_CURVE('',#5160,#5163,#2940,.T.);
#6439=EDGE_CURVE('',#5164,#5162,#2941,.T.);
#6440=EDGE_CURVE('',#5163,#5164,#2942,.T.);
#6441=EDGE_CURVE('',#5163,#5165,#2943,.T.);
#6442=EDGE_CURVE('',#5166,#5164,#2944,.T.);
#6443=EDGE_CURVE('',#5165,#5166,#2945,.T.);
#6444=EDGE_CURVE('',#5166,#5161,#2946,.T.);
#6445=EDGE_CURVE('',#5159,#5165,#2947,.T.);
#6446=EDGE_CURVE('',#5167,#5167,#4363,.T.);
#6447=EDGE_CURVE('',#5167,#5168,#2948,.T.);
#6448=EDGE_CURVE('',#5168,#5168,#4364,.T.);
#6449=EDGE_CURVE('',#5169,#5170,#2949,.T.);
#6450=EDGE_CURVE('',#5171,#5170,#2950,.T.);
#6451=EDGE_CURVE('',#5172,#5171,#2951,.T.);
#6452=EDGE_CURVE('',#5169,#5172,#2952,.T.);
#6453=EDGE_CURVE('',#5152,#5169,#2953,.T.);
#6454=EDGE_CURVE('',#5153,#5172,#2954,.T.);
#6455=EDGE_CURVE('',#5154,#5171,#2955,.T.);
#6456=EDGE_CURVE('',#5170,#5151,#2956,.T.);
#6457=EDGE_CURVE('',#5173,#5150,#2957,.T.);
#6458=EDGE_CURVE('',#5173,#5174,#2958,.T.);
#6459=EDGE_CURVE('',#5174,#5175,#2959,.T.);
#6460=EDGE_CURVE('',#5175,#5176,#2960,.T.);
#6461=EDGE_CURVE('',#5155,#5176,#2961,.T.);
#6462=EDGE_CURVE('',#5175,#5177,#2962,.T.);
#6463=EDGE_CURVE('',#5177,#5178,#2963,.T.);
#6464=EDGE_CURVE('',#5179,#5178,#2964,.T.);
#6465=EDGE_CURVE('',#5179,#5180,#2965,.T.);
#6466=EDGE_CURVE('',#5180,#5181,#2966,.T.);
#6467=EDGE_CURVE('',#5182,#5181,#2967,.T.);
#6468=EDGE_CURVE('',#5176,#5182,#2968,.T.);
#6469=EDGE_CURVE('',#5178,#5183,#2969,.T.);
#6470=EDGE_CURVE('',#5183,#5173,#2970,.T.);
#6471=EDGE_CURVE('',#5149,#5184,#2971,.T.);
#6472=EDGE_CURVE('',#5184,#5185,#2972,.T.);
#6473=EDGE_CURVE('',#5185,#5186,#2973,.T.);
#6474=EDGE_CURVE('',#5186,#5187,#2974,.T.);
#6475=EDGE_CURVE('',#5187,#5179,#2975,.T.);
#6476=EDGE_CURVE('',#5182,#5156,#2976,.T.);
#6477=EDGE_CURVE('',#5181,#5188,#2977,.T.);
#6478=EDGE_CURVE('',#5188,#5184,#2978,.T.);
#6479=EDGE_CURVE('',#5189,#5185,#2979,.T.);
#6480=EDGE_CURVE('',#5189,#5190,#2980,.T.);
#6481=EDGE_CURVE('',#5190,#5186,#2981,.T.);
#6482=EDGE_CURVE('',#5189,#5188,#2982,.T.);
#6483=EDGE_CURVE('',#5191,#5187,#2983,.T.);
#6484=EDGE_CURVE('',#5180,#5191,#2984,.T.);
#6485=EDGE_CURVE('',#5190,#5191,#2985,.T.);
#6486=EDGE_CURVE('',#5192,#5183,#2986,.T.);
#6487=EDGE_CURVE('',#5192,#5174,#2987,.T.);
#6488=EDGE_CURVE('',#5177,#5192,#2988,.T.);
#6489=EDGE_CURVE('',#5193,#5194,#2989,.T.);
#6490=EDGE_CURVE('',#5194,#5195,#2990,.T.);
#6491=EDGE_CURVE('',#5195,#5196,#2991,.T.);
#6492=EDGE_CURVE('',#5196,#5193,#2992,.T.);
#6493=EDGE_CURVE('',#5194,#5197,#2993,.T.);
#6494=EDGE_CURVE('',#5198,#5197,#2994,.T.);
#6495=EDGE_CURVE('',#5195,#5198,#2995,.T.);
#6496=EDGE_CURVE('',#5193,#5199,#2996,.T.);
#6497=EDGE_CURVE('',#5197,#5199,#2997,.T.);
#6498=EDGE_CURVE('',#5200,#5198,#2998,.T.);
#6499=EDGE_CURVE('',#5196,#5200,#2999,.T.);
#6500=EDGE_CURVE('',#5199,#5200,#3000,.T.);
#6501=EDGE_CURVE('',#5201,#5201,#4365,.F.);
#6502=EDGE_CURVE('',#5201,#5202,#3001,.T.);
#6503=EDGE_CURVE('',#5202,#5202,#4366,.F.);
#6504=EDGE_CURVE('',#5203,#5203,#4367,.F.);
#6505=EDGE_CURVE('',#5203,#5204,#3002,.T.);
#6506=EDGE_CURVE('',#5204,#5204,#4368,.F.);
#6507=EDGE_CURVE('',#5205,#5205,#4369,.F.);
#6508=EDGE_CURVE('',#5205,#5206,#3003,.T.);
#6509=EDGE_CURVE('',#5206,#5206,#4370,.F.);
#6510=EDGE_CURVE('',#5207,#5207,#4371,.F.);
#6511=EDGE_CURVE('',#5207,#5208,#3004,.T.);
#6512=EDGE_CURVE('',#5208,#5208,#4372,.F.);
#6513=EDGE_CURVE('',#5209,#5210,#3005,.T.);
#6514=EDGE_CURVE('',#5210,#5211,#3006,.T.);
#6515=EDGE_CURVE('',#5212,#5211,#3007,.T.);
#6516=EDGE_CURVE('',#5209,#5212,#3008,.T.);
#6517=EDGE_CURVE('',#5213,#5209,#3009,.T.);
#6518=EDGE_CURVE('',#5214,#5212,#3010,.T.);
#6519=EDGE_CURVE('',#5213,#5214,#3011,.T.);
#6520=EDGE_CURVE('',#5215,#5213,#3012,.T.);
#6521=EDGE_CURVE('',#5216,#5214,#3013,.T.);
#6522=EDGE_CURVE('',#5215,#5216,#3014,.T.);
#6523=EDGE_CURVE('',#5210,#5215,#3015,.T.);
#6524=EDGE_CURVE('',#5211,#5216,#3016,.T.);
#6525=EDGE_CURVE('',#5217,#5218,#3017,.T.);
#6526=EDGE_CURVE('',#5218,#5219,#3018,.T.);
#6527=EDGE_CURVE('',#5220,#5219,#3019,.T.);
#6528=EDGE_CURVE('',#5217,#5220,#3020,.T.);
#6529=EDGE_CURVE('',#5221,#5217,#3021,.T.);
#6530=EDGE_CURVE('',#5222,#5220,#3022,.T.);
#6531=EDGE_CURVE('',#5221,#5222,#3023,.T.);
#6532=EDGE_CURVE('',#5223,#5221,#3024,.T.);
#6533=EDGE_CURVE('',#5224,#5222,#3025,.T.);
#6534=EDGE_CURVE('',#5223,#5224,#3026,.T.);
#6535=EDGE_CURVE('',#5218,#5223,#3027,.T.);
#6536=EDGE_CURVE('',#5219,#5224,#3028,.T.);
#6537=EDGE_CURVE('',#5225,#5226,#3029,.T.);
#6538=EDGE_CURVE('',#5225,#5227,#3030,.T.);
#6539=EDGE_CURVE('',#5228,#5227,#3031,.T.);
#6540=EDGE_CURVE('',#5226,#5228,#3032,.T.);
#6541=EDGE_CURVE('',#5226,#5229,#3033,.T.);
#6542=EDGE_CURVE('',#5230,#5228,#3034,.T.);
#6543=EDGE_CURVE('',#5229,#5230,#3035,.T.);
#6544=EDGE_CURVE('',#5231,#5229,#3036,.T.);
#6545=EDGE_CURVE('',#5232,#5230,#3037,.T.);
#6546=EDGE_CURVE('',#5231,#5232,#3038,.T.);
#6547=EDGE_CURVE('',#5225,#5231,#3039,.T.);
#6548=EDGE_CURVE('',#5227,#5232,#3040,.T.);
#6549=EDGE_CURVE('',#5233,#5234,#3041,.T.);
#6550=EDGE_CURVE('',#5233,#5235,#3042,.T.);
#6551=EDGE_CURVE('',#5236,#5235,#3043,.T.);
#6552=EDGE_CURVE('',#5234,#5236,#3044,.T.);
#6553=EDGE_CURVE('',#5234,#5237,#3045,.T.);
#6554=EDGE_CURVE('',#5238,#5236,#3046,.T.);
#6555=EDGE_CURVE('',#5237,#5238,#3047,.T.);
#6556=EDGE_CURVE('',#5239,#5237,#3048,.T.);
#6557=EDGE_CURVE('',#5240,#5238,#3049,.T.);
#6558=EDGE_CURVE('',#5239,#5240,#3050,.T.);
#6559=EDGE_CURVE('',#5233,#5239,#3051,.T.);
#6560=EDGE_CURVE('',#5235,#5240,#3052,.T.);
#6561=ORIENTED_EDGE('',*,*,#5241,.T.);
#6562=ORIENTED_EDGE('',*,*,#5242,.T.);
#6563=ORIENTED_EDGE('',*,*,#5243,.F.);
#6564=ORIENTED_EDGE('',*,*,#5242,.F.);
#6565=ORIENTED_EDGE('',*,*,#5244,.T.);
#6566=ORIENTED_EDGE('',*,*,#5245,.T.);
#6567=ORIENTED_EDGE('',*,*,#5241,.F.);
#6568=ORIENTED_EDGE('',*,*,#5245,.F.);
#6569=ORIENTED_EDGE('',*,*,#5246,.F.);
#6570=ORIENTED_EDGE('',*,*,#5247,.T.);
#6571=ORIENTED_EDGE('',*,*,#5243,.T.);
#6572=ORIENTED_EDGE('',*,*,#5247,.F.);
#6573=ORIENTED_EDGE('',*,*,#5244,.F.);
#6574=ORIENTED_EDGE('',*,*,#5248,.T.);
#6575=ORIENTED_EDGE('',*,*,#5249,.T.);
#6576=ORIENTED_EDGE('',*,*,#5246,.T.);
#6577=ORIENTED_EDGE('',*,*,#5250,.T.);
#6578=ORIENTED_EDGE('',*,*,#5248,.F.);
#6579=ORIENTED_EDGE('',*,*,#5251,.T.);
#6580=ORIENTED_EDGE('',*,*,#5252,.T.);
#6581=ORIENTED_EDGE('',*,*,#5251,.F.);
#6582=ORIENTED_EDGE('',*,*,#5249,.F.);
#6583=ORIENTED_EDGE('',*,*,#5253,.T.);
#6584=ORIENTED_EDGE('',*,*,#5254,.T.);
#6585=ORIENTED_EDGE('',*,*,#5253,.F.);
#6586=ORIENTED_EDGE('',*,*,#5250,.F.);
#6587=ORIENTED_EDGE('',*,*,#5255,.T.);
#6588=ORIENTED_EDGE('',*,*,#5256,.F.);
#6589=ORIENTED_EDGE('',*,*,#5255,.F.);
#6590=ORIENTED_EDGE('',*,*,#5257,.T.);
#6591=ORIENTED_EDGE('',*,*,#5258,.T.);
#6592=ORIENTED_EDGE('',*,*,#5252,.F.);
#6593=ORIENTED_EDGE('',*,*,#5258,.F.);
#6594=ORIENTED_EDGE('',*,*,#5259,.T.);
#6595=ORIENTED_EDGE('',*,*,#5260,.T.);
#6596=ORIENTED_EDGE('',*,*,#5254,.F.);
#6597=ORIENTED_EDGE('',*,*,#5260,.F.);
#6598=ORIENTED_EDGE('',*,*,#5256,.T.);
#6599=ORIENTED_EDGE('',*,*,#5257,.F.);
#6600=ORIENTED_EDGE('',*,*,#5259,.F.);
#6601=ORIENTED_EDGE('',*,*,#5261,.F.);
#6602=ORIENTED_EDGE('',*,*,#5262,.T.);
#6603=ORIENTED_EDGE('',*,*,#5263,.T.);
#6604=ORIENTED_EDGE('',*,*,#5264,.F.);
#6605=ORIENTED_EDGE('',*,*,#5265,.T.);
#6606=ORIENTED_EDGE('',*,*,#5266,.T.);
#6607=ORIENTED_EDGE('',*,*,#5267,.T.);
#6608=ORIENTED_EDGE('',*,*,#5268,.F.);
#6609=ORIENTED_EDGE('',*,*,#5269,.T.);
#6610=ORIENTED_EDGE('',*,*,#5261,.T.);
#6611=ORIENTED_EDGE('',*,*,#5270,.F.);
#6612=ORIENTED_EDGE('',*,*,#5271,.F.);
#6613=ORIENTED_EDGE('',*,*,#5272,.T.);
#6614=ORIENTED_EDGE('',*,*,#5273,.T.);
#6615=ORIENTED_EDGE('',*,*,#5274,.T.);
#6616=ORIENTED_EDGE('',*,*,#5275,.F.);
#6617=ORIENTED_EDGE('',*,*,#5276,.T.);
#6618=ORIENTED_EDGE('',*,*,#5277,.T.);
#6619=ORIENTED_EDGE('',*,*,#5278,.F.);
#6620=ORIENTED_EDGE('',*,*,#5263,.F.);
#6621=ORIENTED_EDGE('',*,*,#5269,.F.);
#6622=ORIENTED_EDGE('',*,*,#5279,.T.);
#6623=ORIENTED_EDGE('',*,*,#5272,.F.);
#6624=ORIENTED_EDGE('',*,*,#5262,.F.);
#6625=ORIENTED_EDGE('',*,*,#5264,.T.);
#6626=ORIENTED_EDGE('',*,*,#5278,.T.);
#6627=ORIENTED_EDGE('',*,*,#5280,.T.);
#6628=ORIENTED_EDGE('',*,*,#5270,.T.);
#6629=ORIENTED_EDGE('',*,*,#5281,.F.);
#6630=ORIENTED_EDGE('',*,*,#5282,.F.);
#6631=ORIENTED_EDGE('',*,*,#5283,.F.);
#6632=ORIENTED_EDGE('',*,*,#5284,.F.);
#6633=ORIENTED_EDGE('',*,*,#5285,.F.);
#6634=ORIENTED_EDGE('',*,*,#5286,.F.);
#6635=ORIENTED_EDGE('',*,*,#5287,.F.);
#6636=ORIENTED_EDGE('',*,*,#5288,.F.);
#6637=ORIENTED_EDGE('',*,*,#5289,.F.);
#6638=ORIENTED_EDGE('',*,*,#5290,.F.);
#6639=ORIENTED_EDGE('',*,*,#5291,.F.);
#6640=ORIENTED_EDGE('',*,*,#5292,.F.);
#6641=ORIENTED_EDGE('',*,*,#5293,.F.);
#6642=ORIENTED_EDGE('',*,*,#5294,.F.);
#6643=ORIENTED_EDGE('',*,*,#5295,.F.);
#6644=ORIENTED_EDGE('',*,*,#5296,.F.);
#6645=ORIENTED_EDGE('',*,*,#5297,.F.);
#6646=ORIENTED_EDGE('',*,*,#5298,.F.);
#6647=ORIENTED_EDGE('',*,*,#5299,.F.);
#6648=ORIENTED_EDGE('',*,*,#5300,.F.);
#6649=ORIENTED_EDGE('',*,*,#5301,.F.);
#6650=ORIENTED_EDGE('',*,*,#5302,.F.);
#6651=ORIENTED_EDGE('',*,*,#5303,.F.);
#6652=ORIENTED_EDGE('',*,*,#5304,.F.);
#6653=ORIENTED_EDGE('',*,*,#5305,.F.);
#6654=ORIENTED_EDGE('',*,*,#5306,.F.);
#6655=ORIENTED_EDGE('',*,*,#5307,.F.);
#6656=ORIENTED_EDGE('',*,*,#5308,.F.);
#6657=ORIENTED_EDGE('',*,*,#5309,.F.);
#6658=ORIENTED_EDGE('',*,*,#5310,.F.);
#6659=ORIENTED_EDGE('',*,*,#5311,.F.);
#6660=ORIENTED_EDGE('',*,*,#5312,.F.);
#6661=ORIENTED_EDGE('',*,*,#5265,.F.);
#6662=ORIENTED_EDGE('',*,*,#5313,.F.);
#6663=ORIENTED_EDGE('',*,*,#5276,.F.);
#6664=ORIENTED_EDGE('',*,*,#5314,.T.);
#6665=ORIENTED_EDGE('',*,*,#5275,.T.);
#6666=ORIENTED_EDGE('',*,*,#5315,.T.);
#6667=ORIENTED_EDGE('',*,*,#5266,.F.);
#6668=ORIENTED_EDGE('',*,*,#5314,.F.);
#6669=ORIENTED_EDGE('',*,*,#5316,.F.);
#6670=ORIENTED_EDGE('',*,*,#5267,.F.);
#6671=ORIENTED_EDGE('',*,*,#5315,.F.);
#6672=ORIENTED_EDGE('',*,*,#5274,.F.);
#6673=ORIENTED_EDGE('',*,*,#5317,.T.);
#6674=ORIENTED_EDGE('',*,*,#5318,.F.);
#6675=ORIENTED_EDGE('',*,*,#5319,.F.);
#6676=ORIENTED_EDGE('',*,*,#5320,.F.);
#6677=ORIENTED_EDGE('',*,*,#5321,.F.);
#6678=ORIENTED_EDGE('',*,*,#5322,.F.);
#6679=ORIENTED_EDGE('',*,*,#5323,.T.);
#6680=ORIENTED_EDGE('',*,*,#5324,.F.);
#6681=ORIENTED_EDGE('',*,*,#5325,.T.);
#6682=ORIENTED_EDGE('',*,*,#5326,.F.);
#6683=ORIENTED_EDGE('',*,*,#5327,.F.);
#6684=ORIENTED_EDGE('',*,*,#5328,.F.);
#6685=ORIENTED_EDGE('',*,*,#5329,.F.);
#6686=ORIENTED_EDGE('',*,*,#5330,.F.);
#6687=ORIENTED_EDGE('',*,*,#5331,.T.);
#6688=ORIENTED_EDGE('',*,*,#5332,.F.);
#6689=ORIENTED_EDGE('',*,*,#5333,.T.);
#6690=ORIENTED_EDGE('',*,*,#5334,.F.);
#6691=ORIENTED_EDGE('',*,*,#5335,.F.);
#6692=ORIENTED_EDGE('',*,*,#5336,.F.);
#6693=ORIENTED_EDGE('',*,*,#5337,.F.);
#6694=ORIENTED_EDGE('',*,*,#5338,.F.);
#6695=ORIENTED_EDGE('',*,*,#5339,.T.);
#6696=ORIENTED_EDGE('',*,*,#5340,.F.);
#6697=ORIENTED_EDGE('',*,*,#5341,.T.);
#6698=ORIENTED_EDGE('',*,*,#5342,.F.);
#6699=ORIENTED_EDGE('',*,*,#5343,.F.);
#6700=ORIENTED_EDGE('',*,*,#5344,.F.);
#6701=ORIENTED_EDGE('',*,*,#5345,.F.);
#6702=ORIENTED_EDGE('',*,*,#5346,.F.);
#6703=ORIENTED_EDGE('',*,*,#5347,.T.);
#6704=ORIENTED_EDGE('',*,*,#5348,.F.);
#6705=ORIENTED_EDGE('',*,*,#5349,.T.);
#6706=ORIENTED_EDGE('',*,*,#5350,.F.);
#6707=ORIENTED_EDGE('',*,*,#5351,.F.);
#6708=ORIENTED_EDGE('',*,*,#5352,.F.);
#6709=ORIENTED_EDGE('',*,*,#5353,.F.);
#6710=ORIENTED_EDGE('',*,*,#5354,.F.);
#6711=ORIENTED_EDGE('',*,*,#5355,.T.);
#6712=ORIENTED_EDGE('',*,*,#5356,.F.);
#6713=ORIENTED_EDGE('',*,*,#5357,.T.);
#6714=ORIENTED_EDGE('',*,*,#5358,.F.);
#6715=ORIENTED_EDGE('',*,*,#5359,.F.);
#6716=ORIENTED_EDGE('',*,*,#5360,.F.);
#6717=ORIENTED_EDGE('',*,*,#5361,.F.);
#6718=ORIENTED_EDGE('',*,*,#5362,.F.);
#6719=ORIENTED_EDGE('',*,*,#5363,.T.);
#6720=ORIENTED_EDGE('',*,*,#5364,.F.);
#6721=ORIENTED_EDGE('',*,*,#5365,.T.);
#6722=ORIENTED_EDGE('',*,*,#5366,.F.);
#6723=ORIENTED_EDGE('',*,*,#5367,.F.);
#6724=ORIENTED_EDGE('',*,*,#5368,.F.);
#6725=ORIENTED_EDGE('',*,*,#5369,.F.);
#6726=ORIENTED_EDGE('',*,*,#5370,.F.);
#6727=ORIENTED_EDGE('',*,*,#5371,.T.);
#6728=ORIENTED_EDGE('',*,*,#5372,.F.);
#6729=ORIENTED_EDGE('',*,*,#5373,.T.);
#6730=ORIENTED_EDGE('',*,*,#5374,.F.);
#6731=ORIENTED_EDGE('',*,*,#5375,.F.);
#6732=ORIENTED_EDGE('',*,*,#5376,.F.);
#6733=ORIENTED_EDGE('',*,*,#5377,.F.);
#6734=ORIENTED_EDGE('',*,*,#5378,.F.);
#6735=ORIENTED_EDGE('',*,*,#5379,.T.);
#6736=ORIENTED_EDGE('',*,*,#5380,.F.);
#6737=ORIENTED_EDGE('',*,*,#5268,.T.);
#6738=ORIENTED_EDGE('',*,*,#5316,.T.);
#6739=ORIENTED_EDGE('',*,*,#5273,.F.);
#6740=ORIENTED_EDGE('',*,*,#5279,.F.);
#6741=ORIENTED_EDGE('',*,*,#5277,.F.);
#6742=ORIENTED_EDGE('',*,*,#5313,.T.);
#6743=ORIENTED_EDGE('',*,*,#5271,.T.);
#6744=ORIENTED_EDGE('',*,*,#5280,.F.);
#6745=ORIENTED_EDGE('',*,*,#5381,.F.);
#6746=ORIENTED_EDGE('',*,*,#5281,.T.);
#6747=ORIENTED_EDGE('',*,*,#5382,.T.);
#6748=ORIENTED_EDGE('',*,*,#5383,.F.);
#6749=ORIENTED_EDGE('',*,*,#5382,.F.);
#6750=ORIENTED_EDGE('',*,*,#5284,.T.);
#6751=ORIENTED_EDGE('',*,*,#5384,.T.);
#6752=ORIENTED_EDGE('',*,*,#5385,.F.);
#6753=ORIENTED_EDGE('',*,*,#5384,.F.);
#6754=ORIENTED_EDGE('',*,*,#5283,.T.);
#6755=ORIENTED_EDGE('',*,*,#5386,.T.);
#6756=ORIENTED_EDGE('',*,*,#5387,.F.);
#6757=ORIENTED_EDGE('',*,*,#5386,.F.);
#6758=ORIENTED_EDGE('',*,*,#5282,.T.);
#6759=ORIENTED_EDGE('',*,*,#5381,.T.);
#6760=ORIENTED_EDGE('',*,*,#5388,.F.);
#6761=ORIENTED_EDGE('',*,*,#5389,.F.);
#6762=ORIENTED_EDGE('',*,*,#5285,.T.);
#6763=ORIENTED_EDGE('',*,*,#5390,.T.);
#6764=ORIENTED_EDGE('',*,*,#5391,.F.);
#6765=ORIENTED_EDGE('',*,*,#5390,.F.);
#6766=ORIENTED_EDGE('',*,*,#5288,.T.);
#6767=ORIENTED_EDGE('',*,*,#5392,.T.);
#6768=ORIENTED_EDGE('',*,*,#5393,.F.);
#6769=ORIENTED_EDGE('',*,*,#5392,.F.);
#6770=ORIENTED_EDGE('',*,*,#5287,.T.);
#6771=ORIENTED_EDGE('',*,*,#5394,.T.);
#6772=ORIENTED_EDGE('',*,*,#5395,.F.);
#6773=ORIENTED_EDGE('',*,*,#5394,.F.);
#6774=ORIENTED_EDGE('',*,*,#5286,.T.);
#6775=ORIENTED_EDGE('',*,*,#5389,.T.);
#6776=ORIENTED_EDGE('',*,*,#5396,.F.);
#6777=ORIENTED_EDGE('',*,*,#5397,.F.);
#6778=ORIENTED_EDGE('',*,*,#5289,.T.);
#6779=ORIENTED_EDGE('',*,*,#5398,.T.);
#6780=ORIENTED_EDGE('',*,*,#5399,.F.);
#6781=ORIENTED_EDGE('',*,*,#5398,.F.);
#6782=ORIENTED_EDGE('',*,*,#5292,.T.);
#6783=ORIENTED_EDGE('',*,*,#5400,.T.);
#6784=ORIENTED_EDGE('',*,*,#5401,.F.);
#6785=ORIENTED_EDGE('',*,*,#5400,.F.);
#6786=ORIENTED_EDGE('',*,*,#5291,.T.);
#6787=ORIENTED_EDGE('',*,*,#5402,.T.);
#6788=ORIENTED_EDGE('',*,*,#5403,.F.);
#6789=ORIENTED_EDGE('',*,*,#5402,.F.);
#6790=ORIENTED_EDGE('',*,*,#5290,.T.);
#6791=ORIENTED_EDGE('',*,*,#5397,.T.);
#6792=ORIENTED_EDGE('',*,*,#5404,.F.);
#6793=ORIENTED_EDGE('',*,*,#5405,.F.);
#6794=ORIENTED_EDGE('',*,*,#5293,.T.);
#6795=ORIENTED_EDGE('',*,*,#5406,.T.);
#6796=ORIENTED_EDGE('',*,*,#5407,.F.);
#6797=ORIENTED_EDGE('',*,*,#5406,.F.);
#6798=ORIENTED_EDGE('',*,*,#5296,.T.);
#6799=ORIENTED_EDGE('',*,*,#5408,.T.);
#6800=ORIENTED_EDGE('',*,*,#5409,.F.);
#6801=ORIENTED_EDGE('',*,*,#5408,.F.);
#6802=ORIENTED_EDGE('',*,*,#5295,.T.);
#6803=ORIENTED_EDGE('',*,*,#5410,.T.);
#6804=ORIENTED_EDGE('',*,*,#5411,.F.);
#6805=ORIENTED_EDGE('',*,*,#5410,.F.);
#6806=ORIENTED_EDGE('',*,*,#5294,.T.);
#6807=ORIENTED_EDGE('',*,*,#5405,.T.);
#6808=ORIENTED_EDGE('',*,*,#5412,.F.);
#6809=ORIENTED_EDGE('',*,*,#5413,.F.);
#6810=ORIENTED_EDGE('',*,*,#5297,.T.);
#6811=ORIENTED_EDGE('',*,*,#5414,.T.);
#6812=ORIENTED_EDGE('',*,*,#5415,.F.);
#6813=ORIENTED_EDGE('',*,*,#5414,.F.);
#6814=ORIENTED_EDGE('',*,*,#5300,.T.);
#6815=ORIENTED_EDGE('',*,*,#5416,.T.);
#6816=ORIENTED_EDGE('',*,*,#5417,.F.);
#6817=ORIENTED_EDGE('',*,*,#5416,.F.);
#6818=ORIENTED_EDGE('',*,*,#5299,.T.);
#6819=ORIENTED_EDGE('',*,*,#5418,.T.);
#6820=ORIENTED_EDGE('',*,*,#5419,.F.);
#6821=ORIENTED_EDGE('',*,*,#5418,.F.);
#6822=ORIENTED_EDGE('',*,*,#5298,.T.);
#6823=ORIENTED_EDGE('',*,*,#5413,.T.);
#6824=ORIENTED_EDGE('',*,*,#5420,.F.);
#6825=ORIENTED_EDGE('',*,*,#5421,.F.);
#6826=ORIENTED_EDGE('',*,*,#5301,.T.);
#6827=ORIENTED_EDGE('',*,*,#5422,.T.);
#6828=ORIENTED_EDGE('',*,*,#5423,.F.);
#6829=ORIENTED_EDGE('',*,*,#5422,.F.);
#6830=ORIENTED_EDGE('',*,*,#5304,.T.);
#6831=ORIENTED_EDGE('',*,*,#5424,.T.);
#6832=ORIENTED_EDGE('',*,*,#5425,.F.);
#6833=ORIENTED_EDGE('',*,*,#5424,.F.);
#6834=ORIENTED_EDGE('',*,*,#5303,.T.);
#6835=ORIENTED_EDGE('',*,*,#5426,.T.);
#6836=ORIENTED_EDGE('',*,*,#5427,.F.);
#6837=ORIENTED_EDGE('',*,*,#5426,.F.);
#6838=ORIENTED_EDGE('',*,*,#5302,.T.);
#6839=ORIENTED_EDGE('',*,*,#5421,.T.);
#6840=ORIENTED_EDGE('',*,*,#5428,.F.);
#6841=ORIENTED_EDGE('',*,*,#5429,.F.);
#6842=ORIENTED_EDGE('',*,*,#5305,.T.);
#6843=ORIENTED_EDGE('',*,*,#5430,.T.);
#6844=ORIENTED_EDGE('',*,*,#5431,.F.);
#6845=ORIENTED_EDGE('',*,*,#5430,.F.);
#6846=ORIENTED_EDGE('',*,*,#5308,.T.);
#6847=ORIENTED_EDGE('',*,*,#5432,.T.);
#6848=ORIENTED_EDGE('',*,*,#5433,.F.);
#6849=ORIENTED_EDGE('',*,*,#5432,.F.);
#6850=ORIENTED_EDGE('',*,*,#5307,.T.);
#6851=ORIENTED_EDGE('',*,*,#5434,.T.);
#6852=ORIENTED_EDGE('',*,*,#5435,.F.);
#6853=ORIENTED_EDGE('',*,*,#5434,.F.);
#6854=ORIENTED_EDGE('',*,*,#5306,.T.);
#6855=ORIENTED_EDGE('',*,*,#5429,.T.);
#6856=ORIENTED_EDGE('',*,*,#5436,.F.);
#6857=ORIENTED_EDGE('',*,*,#5437,.F.);
#6858=ORIENTED_EDGE('',*,*,#5309,.T.);
#6859=ORIENTED_EDGE('',*,*,#5438,.T.);
#6860=ORIENTED_EDGE('',*,*,#5439,.F.);
#6861=ORIENTED_EDGE('',*,*,#5438,.F.);
#6862=ORIENTED_EDGE('',*,*,#5312,.T.);
#6863=ORIENTED_EDGE('',*,*,#5440,.T.);
#6864=ORIENTED_EDGE('',*,*,#5441,.F.);
#6865=ORIENTED_EDGE('',*,*,#5440,.F.);
#6866=ORIENTED_EDGE('',*,*,#5311,.T.);
#6867=ORIENTED_EDGE('',*,*,#5442,.T.);
#6868=ORIENTED_EDGE('',*,*,#5443,.F.);
#6869=ORIENTED_EDGE('',*,*,#5442,.F.);
#6870=ORIENTED_EDGE('',*,*,#5310,.T.);
#6871=ORIENTED_EDGE('',*,*,#5437,.T.);
#6872=ORIENTED_EDGE('',*,*,#5444,.F.);
#6873=ORIENTED_EDGE('',*,*,#5317,.F.);
#6874=ORIENTED_EDGE('',*,*,#5324,.T.);
#6875=ORIENTED_EDGE('',*,*,#5445,.T.);
#6876=ORIENTED_EDGE('',*,*,#5318,.T.);
#6877=ORIENTED_EDGE('',*,*,#5446,.F.);
#6878=ORIENTED_EDGE('',*,*,#5447,.F.);
#6879=ORIENTED_EDGE('',*,*,#5448,.F.);
#6880=ORIENTED_EDGE('',*,*,#5449,.F.);
#6881=ORIENTED_EDGE('',*,*,#5450,.F.);
#6882=ORIENTED_EDGE('',*,*,#5319,.T.);
#6883=ORIENTED_EDGE('',*,*,#5451,.F.);
#6884=ORIENTED_EDGE('',*,*,#5322,.T.);
#6885=ORIENTED_EDGE('',*,*,#5321,.T.);
#6886=ORIENTED_EDGE('',*,*,#5320,.T.);
#6887=ORIENTED_EDGE('',*,*,#5452,.T.);
#6888=ORIENTED_EDGE('',*,*,#5323,.F.);
#6889=ORIENTED_EDGE('',*,*,#5453,.T.);
#6890=ORIENTED_EDGE('',*,*,#5454,.T.);
#6891=ORIENTED_EDGE('',*,*,#5455,.F.);
#6892=ORIENTED_EDGE('',*,*,#5456,.T.);
#6893=ORIENTED_EDGE('',*,*,#5325,.F.);
#6894=ORIENTED_EDGE('',*,*,#5332,.T.);
#6895=ORIENTED_EDGE('',*,*,#5457,.T.);
#6896=ORIENTED_EDGE('',*,*,#5326,.T.);
#6897=ORIENTED_EDGE('',*,*,#5458,.F.);
#6898=ORIENTED_EDGE('',*,*,#5459,.F.);
#6899=ORIENTED_EDGE('',*,*,#5460,.F.);
#6900=ORIENTED_EDGE('',*,*,#5461,.F.);
#6901=ORIENTED_EDGE('',*,*,#5462,.F.);
#6902=ORIENTED_EDGE('',*,*,#5327,.T.);
#6903=ORIENTED_EDGE('',*,*,#5463,.F.);
#6904=ORIENTED_EDGE('',*,*,#5330,.T.);
#6905=ORIENTED_EDGE('',*,*,#5329,.T.);
#6906=ORIENTED_EDGE('',*,*,#5328,.T.);
#6907=ORIENTED_EDGE('',*,*,#5464,.T.);
#6908=ORIENTED_EDGE('',*,*,#5331,.F.);
#6909=ORIENTED_EDGE('',*,*,#5465,.T.);
#6910=ORIENTED_EDGE('',*,*,#5466,.T.);
#6911=ORIENTED_EDGE('',*,*,#5467,.F.);
#6912=ORIENTED_EDGE('',*,*,#5468,.T.);
#6913=ORIENTED_EDGE('',*,*,#5333,.F.);
#6914=ORIENTED_EDGE('',*,*,#5340,.T.);
#6915=ORIENTED_EDGE('',*,*,#5469,.T.);
#6916=ORIENTED_EDGE('',*,*,#5334,.T.);
#6917=ORIENTED_EDGE('',*,*,#5470,.F.);
#6918=ORIENTED_EDGE('',*,*,#5471,.F.);
#6919=ORIENTED_EDGE('',*,*,#5472,.F.);
#6920=ORIENTED_EDGE('',*,*,#5473,.F.);
#6921=ORIENTED_EDGE('',*,*,#5474,.F.);
#6922=ORIENTED_EDGE('',*,*,#5335,.T.);
#6923=ORIENTED_EDGE('',*,*,#5475,.F.);
#6924=ORIENTED_EDGE('',*,*,#5338,.T.);
#6925=ORIENTED_EDGE('',*,*,#5337,.T.);
#6926=ORIENTED_EDGE('',*,*,#5336,.T.);
#6927=ORIENTED_EDGE('',*,*,#5476,.T.);
#6928=ORIENTED_EDGE('',*,*,#5339,.F.);
#6929=ORIENTED_EDGE('',*,*,#5477,.T.);
#6930=ORIENTED_EDGE('',*,*,#5478,.T.);
#6931=ORIENTED_EDGE('',*,*,#5479,.F.);
#6932=ORIENTED_EDGE('',*,*,#5480,.T.);
#6933=ORIENTED_EDGE('',*,*,#5341,.F.);
#6934=ORIENTED_EDGE('',*,*,#5348,.T.);
#6935=ORIENTED_EDGE('',*,*,#5481,.T.);
#6936=ORIENTED_EDGE('',*,*,#5342,.T.);
#6937=ORIENTED_EDGE('',*,*,#5482,.F.);
#6938=ORIENTED_EDGE('',*,*,#5483,.F.);
#6939=ORIENTED_EDGE('',*,*,#5484,.F.);
#6940=ORIENTED_EDGE('',*,*,#5485,.F.);
#6941=ORIENTED_EDGE('',*,*,#5486,.F.);
#6942=ORIENTED_EDGE('',*,*,#5343,.T.);
#6943=ORIENTED_EDGE('',*,*,#5487,.F.);
#6944=ORIENTED_EDGE('',*,*,#5346,.T.);
#6945=ORIENTED_EDGE('',*,*,#5345,.T.);
#6946=ORIENTED_EDGE('',*,*,#5344,.T.);
#6947=ORIENTED_EDGE('',*,*,#5488,.T.);
#6948=ORIENTED_EDGE('',*,*,#5347,.F.);
#6949=ORIENTED_EDGE('',*,*,#5489,.T.);
#6950=ORIENTED_EDGE('',*,*,#5490,.T.);
#6951=ORIENTED_EDGE('',*,*,#5491,.F.);
#6952=ORIENTED_EDGE('',*,*,#5492,.T.);
#6953=ORIENTED_EDGE('',*,*,#5349,.F.);
#6954=ORIENTED_EDGE('',*,*,#5356,.T.);
#6955=ORIENTED_EDGE('',*,*,#5493,.T.);
#6956=ORIENTED_EDGE('',*,*,#5350,.T.);
#6957=ORIENTED_EDGE('',*,*,#5494,.F.);
#6958=ORIENTED_EDGE('',*,*,#5495,.F.);
#6959=ORIENTED_EDGE('',*,*,#5496,.F.);
#6960=ORIENTED_EDGE('',*,*,#5497,.F.);
#6961=ORIENTED_EDGE('',*,*,#5498,.F.);
#6962=ORIENTED_EDGE('',*,*,#5351,.T.);
#6963=ORIENTED_EDGE('',*,*,#5499,.F.);
#6964=ORIENTED_EDGE('',*,*,#5354,.T.);
#6965=ORIENTED_EDGE('',*,*,#5353,.T.);
#6966=ORIENTED_EDGE('',*,*,#5352,.T.);
#6967=ORIENTED_EDGE('',*,*,#5500,.T.);
#6968=ORIENTED_EDGE('',*,*,#5355,.F.);
#6969=ORIENTED_EDGE('',*,*,#5501,.T.);
#6970=ORIENTED_EDGE('',*,*,#5502,.T.);
#6971=ORIENTED_EDGE('',*,*,#5503,.F.);
#6972=ORIENTED_EDGE('',*,*,#5504,.T.);
#6973=ORIENTED_EDGE('',*,*,#5357,.F.);
#6974=ORIENTED_EDGE('',*,*,#5364,.T.);
#6975=ORIENTED_EDGE('',*,*,#5505,.T.);
#6976=ORIENTED_EDGE('',*,*,#5358,.T.);
#6977=ORIENTED_EDGE('',*,*,#5506,.F.);
#6978=ORIENTED_EDGE('',*,*,#5507,.F.);
#6979=ORIENTED_EDGE('',*,*,#5508,.F.);
#6980=ORIENTED_EDGE('',*,*,#5509,.F.);
#6981=ORIENTED_EDGE('',*,*,#5510,.F.);
#6982=ORIENTED_EDGE('',*,*,#5359,.T.);
#6983=ORIENTED_EDGE('',*,*,#5511,.F.);
#6984=ORIENTED_EDGE('',*,*,#5362,.T.);
#6985=ORIENTED_EDGE('',*,*,#5361,.T.);
#6986=ORIENTED_EDGE('',*,*,#5360,.T.);
#6987=ORIENTED_EDGE('',*,*,#5512,.T.);
#6988=ORIENTED_EDGE('',*,*,#5363,.F.);
#6989=ORIENTED_EDGE('',*,*,#5513,.T.);
#6990=ORIENTED_EDGE('',*,*,#5514,.T.);
#6991=ORIENTED_EDGE('',*,*,#5515,.F.);
#6992=ORIENTED_EDGE('',*,*,#5516,.T.);
#6993=ORIENTED_EDGE('',*,*,#5365,.F.);
#6994=ORIENTED_EDGE('',*,*,#5372,.T.);
#6995=ORIENTED_EDGE('',*,*,#5517,.T.);
#6996=ORIENTED_EDGE('',*,*,#5366,.T.);
#6997=ORIENTED_EDGE('',*,*,#5518,.F.);
#6998=ORIENTED_EDGE('',*,*,#5519,.F.);
#6999=ORIENTED_EDGE('',*,*,#5520,.F.);
#7000=ORIENTED_EDGE('',*,*,#5521,.F.);
#7001=ORIENTED_EDGE('',*,*,#5522,.F.);
#7002=ORIENTED_EDGE('',*,*,#5367,.T.);
#7003=ORIENTED_EDGE('',*,*,#5523,.F.);
#7004=ORIENTED_EDGE('',*,*,#5370,.T.);
#7005=ORIENTED_EDGE('',*,*,#5369,.T.);
#7006=ORIENTED_EDGE('',*,*,#5368,.T.);
#7007=ORIENTED_EDGE('',*,*,#5524,.T.);
#7008=ORIENTED_EDGE('',*,*,#5371,.F.);
#7009=ORIENTED_EDGE('',*,*,#5525,.T.);
#7010=ORIENTED_EDGE('',*,*,#5526,.T.);
#7011=ORIENTED_EDGE('',*,*,#5527,.F.);
#7012=ORIENTED_EDGE('',*,*,#5528,.T.);
#7013=ORIENTED_EDGE('',*,*,#5373,.F.);
#7014=ORIENTED_EDGE('',*,*,#5380,.T.);
#7015=ORIENTED_EDGE('',*,*,#5529,.T.);
#7016=ORIENTED_EDGE('',*,*,#5374,.T.);
#7017=ORIENTED_EDGE('',*,*,#5530,.F.);
#7018=ORIENTED_EDGE('',*,*,#5531,.F.);
#7019=ORIENTED_EDGE('',*,*,#5532,.F.);
#7020=ORIENTED_EDGE('',*,*,#5533,.F.);
#7021=ORIENTED_EDGE('',*,*,#5534,.F.);
#7022=ORIENTED_EDGE('',*,*,#5375,.T.);
#7023=ORIENTED_EDGE('',*,*,#5535,.F.);
#7024=ORIENTED_EDGE('',*,*,#5378,.T.);
#7025=ORIENTED_EDGE('',*,*,#5377,.T.);
#7026=ORIENTED_EDGE('',*,*,#5376,.T.);
#7027=ORIENTED_EDGE('',*,*,#5536,.T.);
#7028=ORIENTED_EDGE('',*,*,#5379,.F.);
#7029=ORIENTED_EDGE('',*,*,#5537,.T.);
#7030=ORIENTED_EDGE('',*,*,#5538,.T.);
#7031=ORIENTED_EDGE('',*,*,#5539,.F.);
#7032=ORIENTED_EDGE('',*,*,#5540,.T.);
#7033=ORIENTED_EDGE('',*,*,#5541,.F.);
#7034=ORIENTED_EDGE('',*,*,#5383,.T.);
#7035=ORIENTED_EDGE('',*,*,#5542,.T.);
#7036=ORIENTED_EDGE('',*,*,#5543,.F.);
#7037=ORIENTED_EDGE('',*,*,#5385,.T.);
#7038=ORIENTED_EDGE('',*,*,#5544,.T.);
#7039=ORIENTED_EDGE('',*,*,#5545,.F.);
#7040=ORIENTED_EDGE('',*,*,#5546,.T.);
#7041=ORIENTED_EDGE('',*,*,#5547,.T.);
#7042=ORIENTED_EDGE('',*,*,#5548,.F.);
#7043=ORIENTED_EDGE('',*,*,#5549,.F.);
#7044=ORIENTED_EDGE('',*,*,#5542,.F.);
#7045=ORIENTED_EDGE('',*,*,#5544,.F.);
#7046=ORIENTED_EDGE('',*,*,#5387,.T.);
#7047=ORIENTED_EDGE('',*,*,#5550,.T.);
#7048=ORIENTED_EDGE('',*,*,#5551,.F.);
#7049=ORIENTED_EDGE('',*,*,#5388,.T.);
#7050=ORIENTED_EDGE('',*,*,#5541,.T.);
#7051=ORIENTED_EDGE('',*,*,#5552,.F.);
#7052=ORIENTED_EDGE('',*,*,#5553,.F.);
#7053=ORIENTED_EDGE('',*,*,#5554,.F.);
#7054=ORIENTED_EDGE('',*,*,#5555,.T.);
#7055=ORIENTED_EDGE('',*,*,#5556,.F.);
#7056=ORIENTED_EDGE('',*,*,#5550,.F.);
#7057=ORIENTED_EDGE('',*,*,#5557,.F.);
#7058=ORIENTED_EDGE('',*,*,#5391,.T.);
#7059=ORIENTED_EDGE('',*,*,#5558,.T.);
#7060=ORIENTED_EDGE('',*,*,#5559,.F.);
#7061=ORIENTED_EDGE('',*,*,#5393,.T.);
#7062=ORIENTED_EDGE('',*,*,#5560,.T.);
#7063=ORIENTED_EDGE('',*,*,#5561,.F.);
#7064=ORIENTED_EDGE('',*,*,#5562,.T.);
#7065=ORIENTED_EDGE('',*,*,#5563,.T.);
#7066=ORIENTED_EDGE('',*,*,#5564,.F.);
#7067=ORIENTED_EDGE('',*,*,#5565,.F.);
#7068=ORIENTED_EDGE('',*,*,#5558,.F.);
#7069=ORIENTED_EDGE('',*,*,#5560,.F.);
#7070=ORIENTED_EDGE('',*,*,#5395,.T.);
#7071=ORIENTED_EDGE('',*,*,#5566,.T.);
#7072=ORIENTED_EDGE('',*,*,#5567,.F.);
#7073=ORIENTED_EDGE('',*,*,#5396,.T.);
#7074=ORIENTED_EDGE('',*,*,#5557,.T.);
#7075=ORIENTED_EDGE('',*,*,#5568,.F.);
#7076=ORIENTED_EDGE('',*,*,#5569,.F.);
#7077=ORIENTED_EDGE('',*,*,#5570,.F.);
#7078=ORIENTED_EDGE('',*,*,#5571,.T.);
#7079=ORIENTED_EDGE('',*,*,#5572,.F.);
#7080=ORIENTED_EDGE('',*,*,#5566,.F.);
#7081=ORIENTED_EDGE('',*,*,#5573,.F.);
#7082=ORIENTED_EDGE('',*,*,#5399,.T.);
#7083=ORIENTED_EDGE('',*,*,#5574,.T.);
#7084=ORIENTED_EDGE('',*,*,#5575,.F.);
#7085=ORIENTED_EDGE('',*,*,#5401,.T.);
#7086=ORIENTED_EDGE('',*,*,#5576,.T.);
#7087=ORIENTED_EDGE('',*,*,#5577,.F.);
#7088=ORIENTED_EDGE('',*,*,#5578,.T.);
#7089=ORIENTED_EDGE('',*,*,#5579,.T.);
#7090=ORIENTED_EDGE('',*,*,#5580,.F.);
#7091=ORIENTED_EDGE('',*,*,#5581,.F.);
#7092=ORIENTED_EDGE('',*,*,#5574,.F.);
#7093=ORIENTED_EDGE('',*,*,#5576,.F.);
#7094=ORIENTED_EDGE('',*,*,#5403,.T.);
#7095=ORIENTED_EDGE('',*,*,#5582,.T.);
#7096=ORIENTED_EDGE('',*,*,#5583,.F.);
#7097=ORIENTED_EDGE('',*,*,#5404,.T.);
#7098=ORIENTED_EDGE('',*,*,#5573,.T.);
#7099=ORIENTED_EDGE('',*,*,#5584,.F.);
#7100=ORIENTED_EDGE('',*,*,#5585,.F.);
#7101=ORIENTED_EDGE('',*,*,#5586,.F.);
#7102=ORIENTED_EDGE('',*,*,#5587,.T.);
#7103=ORIENTED_EDGE('',*,*,#5588,.F.);
#7104=ORIENTED_EDGE('',*,*,#5582,.F.);
#7105=ORIENTED_EDGE('',*,*,#5589,.F.);
#7106=ORIENTED_EDGE('',*,*,#5407,.T.);
#7107=ORIENTED_EDGE('',*,*,#5590,.T.);
#7108=ORIENTED_EDGE('',*,*,#5591,.F.);
#7109=ORIENTED_EDGE('',*,*,#5409,.T.);
#7110=ORIENTED_EDGE('',*,*,#5592,.T.);
#7111=ORIENTED_EDGE('',*,*,#5593,.F.);
#7112=ORIENTED_EDGE('',*,*,#5594,.T.);
#7113=ORIENTED_EDGE('',*,*,#5595,.T.);
#7114=ORIENTED_EDGE('',*,*,#5596,.F.);
#7115=ORIENTED_EDGE('',*,*,#5597,.F.);
#7116=ORIENTED_EDGE('',*,*,#5590,.F.);
#7117=ORIENTED_EDGE('',*,*,#5592,.F.);
#7118=ORIENTED_EDGE('',*,*,#5411,.T.);
#7119=ORIENTED_EDGE('',*,*,#5598,.T.);
#7120=ORIENTED_EDGE('',*,*,#5599,.F.);
#7121=ORIENTED_EDGE('',*,*,#5412,.T.);
#7122=ORIENTED_EDGE('',*,*,#5589,.T.);
#7123=ORIENTED_EDGE('',*,*,#5600,.F.);
#7124=ORIENTED_EDGE('',*,*,#5601,.F.);
#7125=ORIENTED_EDGE('',*,*,#5602,.F.);
#7126=ORIENTED_EDGE('',*,*,#5603,.T.);
#7127=ORIENTED_EDGE('',*,*,#5604,.F.);
#7128=ORIENTED_EDGE('',*,*,#5598,.F.);
#7129=ORIENTED_EDGE('',*,*,#5605,.F.);
#7130=ORIENTED_EDGE('',*,*,#5415,.T.);
#7131=ORIENTED_EDGE('',*,*,#5606,.T.);
#7132=ORIENTED_EDGE('',*,*,#5607,.F.);
#7133=ORIENTED_EDGE('',*,*,#5417,.T.);
#7134=ORIENTED_EDGE('',*,*,#5608,.T.);
#7135=ORIENTED_EDGE('',*,*,#5609,.F.);
#7136=ORIENTED_EDGE('',*,*,#5610,.T.);
#7137=ORIENTED_EDGE('',*,*,#5611,.T.);
#7138=ORIENTED_EDGE('',*,*,#5612,.F.);
#7139=ORIENTED_EDGE('',*,*,#5613,.F.);
#7140=ORIENTED_EDGE('',*,*,#5606,.F.);
#7141=ORIENTED_EDGE('',*,*,#5608,.F.);
#7142=ORIENTED_EDGE('',*,*,#5419,.T.);
#7143=ORIENTED_EDGE('',*,*,#5614,.T.);
#7144=ORIENTED_EDGE('',*,*,#5615,.F.);
#7145=ORIENTED_EDGE('',*,*,#5420,.T.);
#7146=ORIENTED_EDGE('',*,*,#5605,.T.);
#7147=ORIENTED_EDGE('',*,*,#5616,.F.);
#7148=ORIENTED_EDGE('',*,*,#5617,.F.);
#7149=ORIENTED_EDGE('',*,*,#5618,.F.);
#7150=ORIENTED_EDGE('',*,*,#5619,.T.);
#7151=ORIENTED_EDGE('',*,*,#5620,.F.);
#7152=ORIENTED_EDGE('',*,*,#5614,.F.);
#7153=ORIENTED_EDGE('',*,*,#5621,.F.);
#7154=ORIENTED_EDGE('',*,*,#5423,.T.);
#7155=ORIENTED_EDGE('',*,*,#5622,.T.);
#7156=ORIENTED_EDGE('',*,*,#5623,.F.);
#7157=ORIENTED_EDGE('',*,*,#5425,.T.);
#7158=ORIENTED_EDGE('',*,*,#5624,.T.);
#7159=ORIENTED_EDGE('',*,*,#5625,.F.);
#7160=ORIENTED_EDGE('',*,*,#5626,.T.);
#7161=ORIENTED_EDGE('',*,*,#5627,.T.);
#7162=ORIENTED_EDGE('',*,*,#5628,.F.);
#7163=ORIENTED_EDGE('',*,*,#5629,.F.);
#7164=ORIENTED_EDGE('',*,*,#5622,.F.);
#7165=ORIENTED_EDGE('',*,*,#5624,.F.);
#7166=ORIENTED_EDGE('',*,*,#5427,.T.);
#7167=ORIENTED_EDGE('',*,*,#5630,.T.);
#7168=ORIENTED_EDGE('',*,*,#5631,.F.);
#7169=ORIENTED_EDGE('',*,*,#5428,.T.);
#7170=ORIENTED_EDGE('',*,*,#5621,.T.);
#7171=ORIENTED_EDGE('',*,*,#5632,.F.);
#7172=ORIENTED_EDGE('',*,*,#5633,.F.);
#7173=ORIENTED_EDGE('',*,*,#5634,.F.);
#7174=ORIENTED_EDGE('',*,*,#5635,.T.);
#7175=ORIENTED_EDGE('',*,*,#5636,.F.);
#7176=ORIENTED_EDGE('',*,*,#5630,.F.);
#7177=ORIENTED_EDGE('',*,*,#5637,.F.);
#7178=ORIENTED_EDGE('',*,*,#5431,.T.);
#7179=ORIENTED_EDGE('',*,*,#5638,.T.);
#7180=ORIENTED_EDGE('',*,*,#5639,.F.);
#7181=ORIENTED_EDGE('',*,*,#5433,.T.);
#7182=ORIENTED_EDGE('',*,*,#5640,.T.);
#7183=ORIENTED_EDGE('',*,*,#5641,.F.);
#7184=ORIENTED_EDGE('',*,*,#5642,.T.);
#7185=ORIENTED_EDGE('',*,*,#5643,.T.);
#7186=ORIENTED_EDGE('',*,*,#5644,.F.);
#7187=ORIENTED_EDGE('',*,*,#5645,.F.);
#7188=ORIENTED_EDGE('',*,*,#5638,.F.);
#7189=ORIENTED_EDGE('',*,*,#5640,.F.);
#7190=ORIENTED_EDGE('',*,*,#5435,.T.);
#7191=ORIENTED_EDGE('',*,*,#5646,.T.);
#7192=ORIENTED_EDGE('',*,*,#5647,.F.);
#7193=ORIENTED_EDGE('',*,*,#5436,.T.);
#7194=ORIENTED_EDGE('',*,*,#5637,.T.);
#7195=ORIENTED_EDGE('',*,*,#5648,.F.);
#7196=ORIENTED_EDGE('',*,*,#5649,.F.);
#7197=ORIENTED_EDGE('',*,*,#5650,.F.);
#7198=ORIENTED_EDGE('',*,*,#5651,.T.);
#7199=ORIENTED_EDGE('',*,*,#5652,.F.);
#7200=ORIENTED_EDGE('',*,*,#5646,.F.);
#7201=ORIENTED_EDGE('',*,*,#5653,.F.);
#7202=ORIENTED_EDGE('',*,*,#5439,.T.);
#7203=ORIENTED_EDGE('',*,*,#5654,.T.);
#7204=ORIENTED_EDGE('',*,*,#5655,.F.);
#7205=ORIENTED_EDGE('',*,*,#5441,.T.);
#7206=ORIENTED_EDGE('',*,*,#5656,.T.);
#7207=ORIENTED_EDGE('',*,*,#5657,.F.);
#7208=ORIENTED_EDGE('',*,*,#5658,.T.);
#7209=ORIENTED_EDGE('',*,*,#5659,.T.);
#7210=ORIENTED_EDGE('',*,*,#5660,.F.);
#7211=ORIENTED_EDGE('',*,*,#5661,.F.);
#7212=ORIENTED_EDGE('',*,*,#5654,.F.);
#7213=ORIENTED_EDGE('',*,*,#5656,.F.);
#7214=ORIENTED_EDGE('',*,*,#5443,.T.);
#7215=ORIENTED_EDGE('',*,*,#5662,.T.);
#7216=ORIENTED_EDGE('',*,*,#5663,.F.);
#7217=ORIENTED_EDGE('',*,*,#5444,.T.);
#7218=ORIENTED_EDGE('',*,*,#5653,.T.);
#7219=ORIENTED_EDGE('',*,*,#5664,.F.);
#7220=ORIENTED_EDGE('',*,*,#5665,.F.);
#7221=ORIENTED_EDGE('',*,*,#5666,.F.);
#7222=ORIENTED_EDGE('',*,*,#5667,.T.);
#7223=ORIENTED_EDGE('',*,*,#5668,.F.);
#7224=ORIENTED_EDGE('',*,*,#5662,.F.);
#7225=ORIENTED_EDGE('',*,*,#5669,.T.);
#7226=ORIENTED_EDGE('',*,*,#5446,.T.);
#7227=ORIENTED_EDGE('',*,*,#5445,.F.);
#7228=ORIENTED_EDGE('',*,*,#5452,.F.);
#7229=ORIENTED_EDGE('',*,*,#5670,.T.);
#7230=ORIENTED_EDGE('',*,*,#5447,.T.);
#7231=ORIENTED_EDGE('',*,*,#5669,.F.);
#7232=ORIENTED_EDGE('',*,*,#5456,.F.);
#7233=ORIENTED_EDGE('',*,*,#5671,.T.);
#7234=ORIENTED_EDGE('',*,*,#5448,.T.);
#7235=ORIENTED_EDGE('',*,*,#5670,.F.);
#7236=ORIENTED_EDGE('',*,*,#5455,.T.);
#7237=ORIENTED_EDGE('',*,*,#5672,.T.);
#7238=ORIENTED_EDGE('',*,*,#5449,.T.);
#7239=ORIENTED_EDGE('',*,*,#5671,.F.);
#7240=ORIENTED_EDGE('',*,*,#5454,.F.);
#7241=ORIENTED_EDGE('',*,*,#5451,.T.);
#7242=ORIENTED_EDGE('',*,*,#5450,.T.);
#7243=ORIENTED_EDGE('',*,*,#5672,.F.);
#7244=ORIENTED_EDGE('',*,*,#5453,.F.);
#7245=ORIENTED_EDGE('',*,*,#5673,.T.);
#7246=ORIENTED_EDGE('',*,*,#5458,.T.);
#7247=ORIENTED_EDGE('',*,*,#5457,.F.);
#7248=ORIENTED_EDGE('',*,*,#5464,.F.);
#7249=ORIENTED_EDGE('',*,*,#5674,.T.);
#7250=ORIENTED_EDGE('',*,*,#5459,.T.);
#7251=ORIENTED_EDGE('',*,*,#5673,.F.);
#7252=ORIENTED_EDGE('',*,*,#5468,.F.);
#7253=ORIENTED_EDGE('',*,*,#5675,.T.);
#7254=ORIENTED_EDGE('',*,*,#5460,.T.);
#7255=ORIENTED_EDGE('',*,*,#5674,.F.);
#7256=ORIENTED_EDGE('',*,*,#5467,.T.);
#7257=ORIENTED_EDGE('',*,*,#5676,.T.);
#7258=ORIENTED_EDGE('',*,*,#5461,.T.);
#7259=ORIENTED_EDGE('',*,*,#5675,.F.);
#7260=ORIENTED_EDGE('',*,*,#5466,.F.);
#7261=ORIENTED_EDGE('',*,*,#5463,.T.);
#7262=ORIENTED_EDGE('',*,*,#5462,.T.);
#7263=ORIENTED_EDGE('',*,*,#5676,.F.);
#7264=ORIENTED_EDGE('',*,*,#5465,.F.);
#7265=ORIENTED_EDGE('',*,*,#5677,.T.);
#7266=ORIENTED_EDGE('',*,*,#5470,.T.);
#7267=ORIENTED_EDGE('',*,*,#5469,.F.);
#7268=ORIENTED_EDGE('',*,*,#5476,.F.);
#7269=ORIENTED_EDGE('',*,*,#5678,.T.);
#7270=ORIENTED_EDGE('',*,*,#5471,.T.);
#7271=ORIENTED_EDGE('',*,*,#5677,.F.);
#7272=ORIENTED_EDGE('',*,*,#5480,.F.);
#7273=ORIENTED_EDGE('',*,*,#5679,.T.);
#7274=ORIENTED_EDGE('',*,*,#5472,.T.);
#7275=ORIENTED_EDGE('',*,*,#5678,.F.);
#7276=ORIENTED_EDGE('',*,*,#5479,.T.);
#7277=ORIENTED_EDGE('',*,*,#5680,.T.);
#7278=ORIENTED_EDGE('',*,*,#5473,.T.);
#7279=ORIENTED_EDGE('',*,*,#5679,.F.);
#7280=ORIENTED_EDGE('',*,*,#5478,.F.);
#7281=ORIENTED_EDGE('',*,*,#5475,.T.);
#7282=ORIENTED_EDGE('',*,*,#5474,.T.);
#7283=ORIENTED_EDGE('',*,*,#5680,.F.);
#7284=ORIENTED_EDGE('',*,*,#5477,.F.);
#7285=ORIENTED_EDGE('',*,*,#5681,.T.);
#7286=ORIENTED_EDGE('',*,*,#5482,.T.);
#7287=ORIENTED_EDGE('',*,*,#5481,.F.);
#7288=ORIENTED_EDGE('',*,*,#5488,.F.);
#7289=ORIENTED_EDGE('',*,*,#5682,.T.);
#7290=ORIENTED_EDGE('',*,*,#5483,.T.);
#7291=ORIENTED_EDGE('',*,*,#5681,.F.);
#7292=ORIENTED_EDGE('',*,*,#5492,.F.);
#7293=ORIENTED_EDGE('',*,*,#5683,.T.);
#7294=ORIENTED_EDGE('',*,*,#5484,.T.);
#7295=ORIENTED_EDGE('',*,*,#5682,.F.);
#7296=ORIENTED_EDGE('',*,*,#5491,.T.);
#7297=ORIENTED_EDGE('',*,*,#5684,.T.);
#7298=ORIENTED_EDGE('',*,*,#5485,.T.);
#7299=ORIENTED_EDGE('',*,*,#5683,.F.);
#7300=ORIENTED_EDGE('',*,*,#5490,.F.);
#7301=ORIENTED_EDGE('',*,*,#5487,.T.);
#7302=ORIENTED_EDGE('',*,*,#5486,.T.);
#7303=ORIENTED_EDGE('',*,*,#5684,.F.);
#7304=ORIENTED_EDGE('',*,*,#5489,.F.);
#7305=ORIENTED_EDGE('',*,*,#5685,.T.);
#7306=ORIENTED_EDGE('',*,*,#5494,.T.);
#7307=ORIENTED_EDGE('',*,*,#5493,.F.);
#7308=ORIENTED_EDGE('',*,*,#5500,.F.);
#7309=ORIENTED_EDGE('',*,*,#5686,.T.);
#7310=ORIENTED_EDGE('',*,*,#5495,.T.);
#7311=ORIENTED_EDGE('',*,*,#5685,.F.);
#7312=ORIENTED_EDGE('',*,*,#5504,.F.);
#7313=ORIENTED_EDGE('',*,*,#5687,.T.);
#7314=ORIENTED_EDGE('',*,*,#5496,.T.);
#7315=ORIENTED_EDGE('',*,*,#5686,.F.);
#7316=ORIENTED_EDGE('',*,*,#5503,.T.);
#7317=ORIENTED_EDGE('',*,*,#5688,.T.);
#7318=ORIENTED_EDGE('',*,*,#5497,.T.);
#7319=ORIENTED_EDGE('',*,*,#5687,.F.);
#7320=ORIENTED_EDGE('',*,*,#5502,.F.);
#7321=ORIENTED_EDGE('',*,*,#5499,.T.);
#7322=ORIENTED_EDGE('',*,*,#5498,.T.);
#7323=ORIENTED_EDGE('',*,*,#5688,.F.);
#7324=ORIENTED_EDGE('',*,*,#5501,.F.);
#7325=ORIENTED_EDGE('',*,*,#5689,.T.);
#7326=ORIENTED_EDGE('',*,*,#5506,.T.);
#7327=ORIENTED_EDGE('',*,*,#5505,.F.);
#7328=ORIENTED_EDGE('',*,*,#5512,.F.);
#7329=ORIENTED_EDGE('',*,*,#5690,.T.);
#7330=ORIENTED_EDGE('',*,*,#5507,.T.);
#7331=ORIENTED_EDGE('',*,*,#5689,.F.);
#7332=ORIENTED_EDGE('',*,*,#5516,.F.);
#7333=ORIENTED_EDGE('',*,*,#5691,.T.);
#7334=ORIENTED_EDGE('',*,*,#5508,.T.);
#7335=ORIENTED_EDGE('',*,*,#5690,.F.);
#7336=ORIENTED_EDGE('',*,*,#5515,.T.);
#7337=ORIENTED_EDGE('',*,*,#5692,.T.);
#7338=ORIENTED_EDGE('',*,*,#5509,.T.);
#7339=ORIENTED_EDGE('',*,*,#5691,.F.);
#7340=ORIENTED_EDGE('',*,*,#5514,.F.);
#7341=ORIENTED_EDGE('',*,*,#5511,.T.);
#7342=ORIENTED_EDGE('',*,*,#5510,.T.);
#7343=ORIENTED_EDGE('',*,*,#5692,.F.);
#7344=ORIENTED_EDGE('',*,*,#5513,.F.);
#7345=ORIENTED_EDGE('',*,*,#5693,.T.);
#7346=ORIENTED_EDGE('',*,*,#5518,.T.);
#7347=ORIENTED_EDGE('',*,*,#5517,.F.);
#7348=ORIENTED_EDGE('',*,*,#5524,.F.);
#7349=ORIENTED_EDGE('',*,*,#5694,.T.);
#7350=ORIENTED_EDGE('',*,*,#5519,.T.);
#7351=ORIENTED_EDGE('',*,*,#5693,.F.);
#7352=ORIENTED_EDGE('',*,*,#5528,.F.);
#7353=ORIENTED_EDGE('',*,*,#5695,.T.);
#7354=ORIENTED_EDGE('',*,*,#5520,.T.);
#7355=ORIENTED_EDGE('',*,*,#5694,.F.);
#7356=ORIENTED_EDGE('',*,*,#5527,.T.);
#7357=ORIENTED_EDGE('',*,*,#5696,.T.);
#7358=ORIENTED_EDGE('',*,*,#5521,.T.);
#7359=ORIENTED_EDGE('',*,*,#5695,.F.);
#7360=ORIENTED_EDGE('',*,*,#5526,.F.);
#7361=ORIENTED_EDGE('',*,*,#5523,.T.);
#7362=ORIENTED_EDGE('',*,*,#5522,.T.);
#7363=ORIENTED_EDGE('',*,*,#5696,.F.);
#7364=ORIENTED_EDGE('',*,*,#5525,.F.);
#7365=ORIENTED_EDGE('',*,*,#5697,.T.);
#7366=ORIENTED_EDGE('',*,*,#5530,.T.);
#7367=ORIENTED_EDGE('',*,*,#5529,.F.);
#7368=ORIENTED_EDGE('',*,*,#5536,.F.);
#7369=ORIENTED_EDGE('',*,*,#5698,.T.);
#7370=ORIENTED_EDGE('',*,*,#5531,.T.);
#7371=ORIENTED_EDGE('',*,*,#5697,.F.);
#7372=ORIENTED_EDGE('',*,*,#5540,.F.);
#7373=ORIENTED_EDGE('',*,*,#5699,.T.);
#7374=ORIENTED_EDGE('',*,*,#5532,.T.);
#7375=ORIENTED_EDGE('',*,*,#5698,.F.);
#7376=ORIENTED_EDGE('',*,*,#5539,.T.);
#7377=ORIENTED_EDGE('',*,*,#5700,.T.);
#7378=ORIENTED_EDGE('',*,*,#5533,.T.);
#7379=ORIENTED_EDGE('',*,*,#5699,.F.);
#7380=ORIENTED_EDGE('',*,*,#5538,.F.);
#7381=ORIENTED_EDGE('',*,*,#5535,.T.);
#7382=ORIENTED_EDGE('',*,*,#5534,.T.);
#7383=ORIENTED_EDGE('',*,*,#5700,.F.);
#7384=ORIENTED_EDGE('',*,*,#5537,.F.);
#7385=ORIENTED_EDGE('',*,*,#5552,.T.);
#7386=ORIENTED_EDGE('',*,*,#5543,.T.);
#7387=ORIENTED_EDGE('',*,*,#5549,.T.);
#7388=ORIENTED_EDGE('',*,*,#5701,.T.);
#7389=ORIENTED_EDGE('',*,*,#5556,.T.);
#7390=ORIENTED_EDGE('',*,*,#5702,.F.);
#7391=ORIENTED_EDGE('',*,*,#5545,.T.);
#7392=ORIENTED_EDGE('',*,*,#5551,.T.);
#7393=ORIENTED_EDGE('',*,*,#5555,.F.);
#7394=ORIENTED_EDGE('',*,*,#5703,.T.);
#7395=ORIENTED_EDGE('',*,*,#5704,.T.);
#7396=ORIENTED_EDGE('',*,*,#5705,.T.);
#7397=ORIENTED_EDGE('',*,*,#5706,.T.);
#7398=ORIENTED_EDGE('',*,*,#5707,.T.);
#7399=ORIENTED_EDGE('',*,*,#5546,.F.);
#7400=ORIENTED_EDGE('',*,*,#5702,.T.);
#7401=ORIENTED_EDGE('',*,*,#5708,.T.);
#7402=ORIENTED_EDGE('',*,*,#5709,.T.);
#7403=ORIENTED_EDGE('',*,*,#5547,.F.);
#7404=ORIENTED_EDGE('',*,*,#5707,.F.);
#7405=ORIENTED_EDGE('',*,*,#5553,.T.);
#7406=ORIENTED_EDGE('',*,*,#5701,.F.);
#7407=ORIENTED_EDGE('',*,*,#5548,.T.);
#7408=ORIENTED_EDGE('',*,*,#5709,.F.);
#7409=ORIENTED_EDGE('',*,*,#5710,.F.);
#7410=ORIENTED_EDGE('',*,*,#5711,.F.);
#7411=ORIENTED_EDGE('',*,*,#5712,.F.);
#7412=ORIENTED_EDGE('',*,*,#5713,.F.);
#7413=ORIENTED_EDGE('',*,*,#5554,.T.);
#7414=ORIENTED_EDGE('',*,*,#5713,.T.);
#7415=ORIENTED_EDGE('',*,*,#5714,.F.);
#7416=ORIENTED_EDGE('',*,*,#5703,.F.);
#7417=ORIENTED_EDGE('',*,*,#5568,.T.);
#7418=ORIENTED_EDGE('',*,*,#5559,.T.);
#7419=ORIENTED_EDGE('',*,*,#5565,.T.);
#7420=ORIENTED_EDGE('',*,*,#5715,.T.);
#7421=ORIENTED_EDGE('',*,*,#5572,.T.);
#7422=ORIENTED_EDGE('',*,*,#5716,.F.);
#7423=ORIENTED_EDGE('',*,*,#5561,.T.);
#7424=ORIENTED_EDGE('',*,*,#5567,.T.);
#7425=ORIENTED_EDGE('',*,*,#5571,.F.);
#7426=ORIENTED_EDGE('',*,*,#5717,.T.);
#7427=ORIENTED_EDGE('',*,*,#5718,.T.);
#7428=ORIENTED_EDGE('',*,*,#5719,.T.);
#7429=ORIENTED_EDGE('',*,*,#5720,.T.);
#7430=ORIENTED_EDGE('',*,*,#5721,.T.);
#7431=ORIENTED_EDGE('',*,*,#5562,.F.);
#7432=ORIENTED_EDGE('',*,*,#5716,.T.);
#7433=ORIENTED_EDGE('',*,*,#5722,.T.);
#7434=ORIENTED_EDGE('',*,*,#5723,.T.);
#7435=ORIENTED_EDGE('',*,*,#5563,.F.);
#7436=ORIENTED_EDGE('',*,*,#5721,.F.);
#7437=ORIENTED_EDGE('',*,*,#5569,.T.);
#7438=ORIENTED_EDGE('',*,*,#5715,.F.);
#7439=ORIENTED_EDGE('',*,*,#5564,.T.);
#7440=ORIENTED_EDGE('',*,*,#5723,.F.);
#7441=ORIENTED_EDGE('',*,*,#5724,.F.);
#7442=ORIENTED_EDGE('',*,*,#5725,.F.);
#7443=ORIENTED_EDGE('',*,*,#5726,.F.);
#7444=ORIENTED_EDGE('',*,*,#5727,.F.);
#7445=ORIENTED_EDGE('',*,*,#5570,.T.);
#7446=ORIENTED_EDGE('',*,*,#5727,.T.);
#7447=ORIENTED_EDGE('',*,*,#5728,.F.);
#7448=ORIENTED_EDGE('',*,*,#5717,.F.);
#7449=ORIENTED_EDGE('',*,*,#5584,.T.);
#7450=ORIENTED_EDGE('',*,*,#5575,.T.);
#7451=ORIENTED_EDGE('',*,*,#5581,.T.);
#7452=ORIENTED_EDGE('',*,*,#5729,.T.);
#7453=ORIENTED_EDGE('',*,*,#5588,.T.);
#7454=ORIENTED_EDGE('',*,*,#5730,.F.);
#7455=ORIENTED_EDGE('',*,*,#5577,.T.);
#7456=ORIENTED_EDGE('',*,*,#5583,.T.);
#7457=ORIENTED_EDGE('',*,*,#5587,.F.);
#7458=ORIENTED_EDGE('',*,*,#5731,.T.);
#7459=ORIENTED_EDGE('',*,*,#5732,.T.);
#7460=ORIENTED_EDGE('',*,*,#5733,.T.);
#7461=ORIENTED_EDGE('',*,*,#5734,.T.);
#7462=ORIENTED_EDGE('',*,*,#5735,.T.);
#7463=ORIENTED_EDGE('',*,*,#5578,.F.);
#7464=ORIENTED_EDGE('',*,*,#5730,.T.);
#7465=ORIENTED_EDGE('',*,*,#5736,.T.);
#7466=ORIENTED_EDGE('',*,*,#5737,.T.);
#7467=ORIENTED_EDGE('',*,*,#5579,.F.);
#7468=ORIENTED_EDGE('',*,*,#5735,.F.);
#7469=ORIENTED_EDGE('',*,*,#5585,.T.);
#7470=ORIENTED_EDGE('',*,*,#5729,.F.);
#7471=ORIENTED_EDGE('',*,*,#5580,.T.);
#7472=ORIENTED_EDGE('',*,*,#5737,.F.);
#7473=ORIENTED_EDGE('',*,*,#5738,.F.);
#7474=ORIENTED_EDGE('',*,*,#5739,.F.);
#7475=ORIENTED_EDGE('',*,*,#5740,.F.);
#7476=ORIENTED_EDGE('',*,*,#5741,.F.);
#7477=ORIENTED_EDGE('',*,*,#5586,.T.);
#7478=ORIENTED_EDGE('',*,*,#5741,.T.);
#7479=ORIENTED_EDGE('',*,*,#5742,.F.);
#7480=ORIENTED_EDGE('',*,*,#5731,.F.);
#7481=ORIENTED_EDGE('',*,*,#5600,.T.);
#7482=ORIENTED_EDGE('',*,*,#5591,.T.);
#7483=ORIENTED_EDGE('',*,*,#5597,.T.);
#7484=ORIENTED_EDGE('',*,*,#5743,.T.);
#7485=ORIENTED_EDGE('',*,*,#5604,.T.);
#7486=ORIENTED_EDGE('',*,*,#5744,.F.);
#7487=ORIENTED_EDGE('',*,*,#5593,.T.);
#7488=ORIENTED_EDGE('',*,*,#5599,.T.);
#7489=ORIENTED_EDGE('',*,*,#5603,.F.);
#7490=ORIENTED_EDGE('',*,*,#5745,.T.);
#7491=ORIENTED_EDGE('',*,*,#5746,.T.);
#7492=ORIENTED_EDGE('',*,*,#5747,.T.);
#7493=ORIENTED_EDGE('',*,*,#5748,.T.);
#7494=ORIENTED_EDGE('',*,*,#5749,.T.);
#7495=ORIENTED_EDGE('',*,*,#5594,.F.);
#7496=ORIENTED_EDGE('',*,*,#5744,.T.);
#7497=ORIENTED_EDGE('',*,*,#5750,.T.);
#7498=ORIENTED_EDGE('',*,*,#5751,.T.);
#7499=ORIENTED_EDGE('',*,*,#5595,.F.);
#7500=ORIENTED_EDGE('',*,*,#5749,.F.);
#7501=ORIENTED_EDGE('',*,*,#5601,.T.);
#7502=ORIENTED_EDGE('',*,*,#5743,.F.);
#7503=ORIENTED_EDGE('',*,*,#5596,.T.);
#7504=ORIENTED_EDGE('',*,*,#5751,.F.);
#7505=ORIENTED_EDGE('',*,*,#5752,.F.);
#7506=ORIENTED_EDGE('',*,*,#5753,.F.);
#7507=ORIENTED_EDGE('',*,*,#5754,.F.);
#7508=ORIENTED_EDGE('',*,*,#5755,.F.);
#7509=ORIENTED_EDGE('',*,*,#5602,.T.);
#7510=ORIENTED_EDGE('',*,*,#5755,.T.);
#7511=ORIENTED_EDGE('',*,*,#5756,.F.);
#7512=ORIENTED_EDGE('',*,*,#5745,.F.);
#7513=ORIENTED_EDGE('',*,*,#5616,.T.);
#7514=ORIENTED_EDGE('',*,*,#5607,.T.);
#7515=ORIENTED_EDGE('',*,*,#5613,.T.);
#7516=ORIENTED_EDGE('',*,*,#5757,.T.);
#7517=ORIENTED_EDGE('',*,*,#5620,.T.);
#7518=ORIENTED_EDGE('',*,*,#5758,.F.);
#7519=ORIENTED_EDGE('',*,*,#5609,.T.);
#7520=ORIENTED_EDGE('',*,*,#5615,.T.);
#7521=ORIENTED_EDGE('',*,*,#5619,.F.);
#7522=ORIENTED_EDGE('',*,*,#5759,.T.);
#7523=ORIENTED_EDGE('',*,*,#5760,.T.);
#7524=ORIENTED_EDGE('',*,*,#5761,.T.);
#7525=ORIENTED_EDGE('',*,*,#5762,.T.);
#7526=ORIENTED_EDGE('',*,*,#5763,.T.);
#7527=ORIENTED_EDGE('',*,*,#5610,.F.);
#7528=ORIENTED_EDGE('',*,*,#5758,.T.);
#7529=ORIENTED_EDGE('',*,*,#5764,.T.);
#7530=ORIENTED_EDGE('',*,*,#5765,.T.);
#7531=ORIENTED_EDGE('',*,*,#5611,.F.);
#7532=ORIENTED_EDGE('',*,*,#5763,.F.);
#7533=ORIENTED_EDGE('',*,*,#5617,.T.);
#7534=ORIENTED_EDGE('',*,*,#5757,.F.);
#7535=ORIENTED_EDGE('',*,*,#5612,.T.);
#7536=ORIENTED_EDGE('',*,*,#5765,.F.);
#7537=ORIENTED_EDGE('',*,*,#5766,.F.);
#7538=ORIENTED_EDGE('',*,*,#5767,.F.);
#7539=ORIENTED_EDGE('',*,*,#5768,.F.);
#7540=ORIENTED_EDGE('',*,*,#5769,.F.);
#7541=ORIENTED_EDGE('',*,*,#5618,.T.);
#7542=ORIENTED_EDGE('',*,*,#5769,.T.);
#7543=ORIENTED_EDGE('',*,*,#5770,.F.);
#7544=ORIENTED_EDGE('',*,*,#5759,.F.);
#7545=ORIENTED_EDGE('',*,*,#5632,.T.);
#7546=ORIENTED_EDGE('',*,*,#5623,.T.);
#7547=ORIENTED_EDGE('',*,*,#5629,.T.);
#7548=ORIENTED_EDGE('',*,*,#5771,.T.);
#7549=ORIENTED_EDGE('',*,*,#5636,.T.);
#7550=ORIENTED_EDGE('',*,*,#5772,.F.);
#7551=ORIENTED_EDGE('',*,*,#5625,.T.);
#7552=ORIENTED_EDGE('',*,*,#5631,.T.);
#7553=ORIENTED_EDGE('',*,*,#5635,.F.);
#7554=ORIENTED_EDGE('',*,*,#5773,.T.);
#7555=ORIENTED_EDGE('',*,*,#5774,.T.);
#7556=ORIENTED_EDGE('',*,*,#5775,.T.);
#7557=ORIENTED_EDGE('',*,*,#5776,.T.);
#7558=ORIENTED_EDGE('',*,*,#5777,.T.);
#7559=ORIENTED_EDGE('',*,*,#5626,.F.);
#7560=ORIENTED_EDGE('',*,*,#5772,.T.);
#7561=ORIENTED_EDGE('',*,*,#5778,.T.);
#7562=ORIENTED_EDGE('',*,*,#5779,.T.);
#7563=ORIENTED_EDGE('',*,*,#5627,.F.);
#7564=ORIENTED_EDGE('',*,*,#5777,.F.);
#7565=ORIENTED_EDGE('',*,*,#5633,.T.);
#7566=ORIENTED_EDGE('',*,*,#5771,.F.);
#7567=ORIENTED_EDGE('',*,*,#5628,.T.);
#7568=ORIENTED_EDGE('',*,*,#5779,.F.);
#7569=ORIENTED_EDGE('',*,*,#5780,.F.);
#7570=ORIENTED_EDGE('',*,*,#5781,.F.);
#7571=ORIENTED_EDGE('',*,*,#5782,.F.);
#7572=ORIENTED_EDGE('',*,*,#5783,.F.);
#7573=ORIENTED_EDGE('',*,*,#5634,.T.);
#7574=ORIENTED_EDGE('',*,*,#5783,.T.);
#7575=ORIENTED_EDGE('',*,*,#5784,.F.);
#7576=ORIENTED_EDGE('',*,*,#5773,.F.);
#7577=ORIENTED_EDGE('',*,*,#5648,.T.);
#7578=ORIENTED_EDGE('',*,*,#5639,.T.);
#7579=ORIENTED_EDGE('',*,*,#5645,.T.);
#7580=ORIENTED_EDGE('',*,*,#5785,.T.);
#7581=ORIENTED_EDGE('',*,*,#5652,.T.);
#7582=ORIENTED_EDGE('',*,*,#5786,.F.);
#7583=ORIENTED_EDGE('',*,*,#5641,.T.);
#7584=ORIENTED_EDGE('',*,*,#5647,.T.);
#7585=ORIENTED_EDGE('',*,*,#5651,.F.);
#7586=ORIENTED_EDGE('',*,*,#5787,.T.);
#7587=ORIENTED_EDGE('',*,*,#5788,.T.);
#7588=ORIENTED_EDGE('',*,*,#5789,.T.);
#7589=ORIENTED_EDGE('',*,*,#5790,.T.);
#7590=ORIENTED_EDGE('',*,*,#5791,.T.);
#7591=ORIENTED_EDGE('',*,*,#5642,.F.);
#7592=ORIENTED_EDGE('',*,*,#5786,.T.);
#7593=ORIENTED_EDGE('',*,*,#5792,.T.);
#7594=ORIENTED_EDGE('',*,*,#5793,.T.);
#7595=ORIENTED_EDGE('',*,*,#5643,.F.);
#7596=ORIENTED_EDGE('',*,*,#5791,.F.);
#7597=ORIENTED_EDGE('',*,*,#5649,.T.);
#7598=ORIENTED_EDGE('',*,*,#5785,.F.);
#7599=ORIENTED_EDGE('',*,*,#5644,.T.);
#7600=ORIENTED_EDGE('',*,*,#5793,.F.);
#7601=ORIENTED_EDGE('',*,*,#5794,.F.);
#7602=ORIENTED_EDGE('',*,*,#5795,.F.);
#7603=ORIENTED_EDGE('',*,*,#5796,.F.);
#7604=ORIENTED_EDGE('',*,*,#5797,.F.);
#7605=ORIENTED_EDGE('',*,*,#5650,.T.);
#7606=ORIENTED_EDGE('',*,*,#5797,.T.);
#7607=ORIENTED_EDGE('',*,*,#5798,.F.);
#7608=ORIENTED_EDGE('',*,*,#5787,.F.);
#7609=ORIENTED_EDGE('',*,*,#5664,.T.);
#7610=ORIENTED_EDGE('',*,*,#5655,.T.);
#7611=ORIENTED_EDGE('',*,*,#5661,.T.);
#7612=ORIENTED_EDGE('',*,*,#5799,.T.);
#7613=ORIENTED_EDGE('',*,*,#5668,.T.);
#7614=ORIENTED_EDGE('',*,*,#5800,.F.);
#7615=ORIENTED_EDGE('',*,*,#5657,.T.);
#7616=ORIENTED_EDGE('',*,*,#5663,.T.);
#7617=ORIENTED_EDGE('',*,*,#5667,.F.);
#7618=ORIENTED_EDGE('',*,*,#5801,.T.);
#7619=ORIENTED_EDGE('',*,*,#5802,.T.);
#7620=ORIENTED_EDGE('',*,*,#5803,.T.);
#7621=ORIENTED_EDGE('',*,*,#5804,.T.);
#7622=ORIENTED_EDGE('',*,*,#5805,.T.);
#7623=ORIENTED_EDGE('',*,*,#5658,.F.);
#7624=ORIENTED_EDGE('',*,*,#5800,.T.);
#7625=ORIENTED_EDGE('',*,*,#5806,.T.);
#7626=ORIENTED_EDGE('',*,*,#5807,.T.);
#7627=ORIENTED_EDGE('',*,*,#5659,.F.);
#7628=ORIENTED_EDGE('',*,*,#5805,.F.);
#7629=ORIENTED_EDGE('',*,*,#5665,.T.);
#7630=ORIENTED_EDGE('',*,*,#5799,.F.);
#7631=ORIENTED_EDGE('',*,*,#5660,.T.);
#7632=ORIENTED_EDGE('',*,*,#5807,.F.);
#7633=ORIENTED_EDGE('',*,*,#5808,.F.);
#7634=ORIENTED_EDGE('',*,*,#5809,.F.);
#7635=ORIENTED_EDGE('',*,*,#5810,.F.);
#7636=ORIENTED_EDGE('',*,*,#5811,.F.);
#7637=ORIENTED_EDGE('',*,*,#5666,.T.);
#7638=ORIENTED_EDGE('',*,*,#5811,.T.);
#7639=ORIENTED_EDGE('',*,*,#5812,.F.);
#7640=ORIENTED_EDGE('',*,*,#5801,.F.);
#7641=ORIENTED_EDGE('',*,*,#5813,.T.);
#7642=ORIENTED_EDGE('',*,*,#5710,.T.);
#7643=ORIENTED_EDGE('',*,*,#5708,.F.);
#7644=ORIENTED_EDGE('',*,*,#5706,.F.);
#7645=ORIENTED_EDGE('',*,*,#5814,.T.);
#7646=ORIENTED_EDGE('',*,*,#5711,.T.);
#7647=ORIENTED_EDGE('',*,*,#5813,.F.);
#7648=ORIENTED_EDGE('',*,*,#5705,.F.);
#7649=ORIENTED_EDGE('',*,*,#5714,.T.);
#7650=ORIENTED_EDGE('',*,*,#5712,.T.);
#7651=ORIENTED_EDGE('',*,*,#5814,.F.);
#7652=ORIENTED_EDGE('',*,*,#5704,.F.);
#7653=ORIENTED_EDGE('',*,*,#5815,.T.);
#7654=ORIENTED_EDGE('',*,*,#5724,.T.);
#7655=ORIENTED_EDGE('',*,*,#5722,.F.);
#7656=ORIENTED_EDGE('',*,*,#5720,.F.);
#7657=ORIENTED_EDGE('',*,*,#5816,.T.);
#7658=ORIENTED_EDGE('',*,*,#5725,.T.);
#7659=ORIENTED_EDGE('',*,*,#5815,.F.);
#7660=ORIENTED_EDGE('',*,*,#5719,.F.);
#7661=ORIENTED_EDGE('',*,*,#5728,.T.);
#7662=ORIENTED_EDGE('',*,*,#5726,.T.);
#7663=ORIENTED_EDGE('',*,*,#5816,.F.);
#7664=ORIENTED_EDGE('',*,*,#5718,.F.);
#7665=ORIENTED_EDGE('',*,*,#5817,.T.);
#7666=ORIENTED_EDGE('',*,*,#5738,.T.);
#7667=ORIENTED_EDGE('',*,*,#5736,.F.);
#7668=ORIENTED_EDGE('',*,*,#5734,.F.);
#7669=ORIENTED_EDGE('',*,*,#5818,.T.);
#7670=ORIENTED_EDGE('',*,*,#5739,.T.);
#7671=ORIENTED_EDGE('',*,*,#5817,.F.);
#7672=ORIENTED_EDGE('',*,*,#5733,.F.);
#7673=ORIENTED_EDGE('',*,*,#5742,.T.);
#7674=ORIENTED_EDGE('',*,*,#5740,.T.);
#7675=ORIENTED_EDGE('',*,*,#5818,.F.);
#7676=ORIENTED_EDGE('',*,*,#5732,.F.);
#7677=ORIENTED_EDGE('',*,*,#5819,.T.);
#7678=ORIENTED_EDGE('',*,*,#5752,.T.);
#7679=ORIENTED_EDGE('',*,*,#5750,.F.);
#7680=ORIENTED_EDGE('',*,*,#5748,.F.);
#7681=ORIENTED_EDGE('',*,*,#5820,.T.);
#7682=ORIENTED_EDGE('',*,*,#5753,.T.);
#7683=ORIENTED_EDGE('',*,*,#5819,.F.);
#7684=ORIENTED_EDGE('',*,*,#5747,.F.);
#7685=ORIENTED_EDGE('',*,*,#5756,.T.);
#7686=ORIENTED_EDGE('',*,*,#5754,.T.);
#7687=ORIENTED_EDGE('',*,*,#5820,.F.);
#7688=ORIENTED_EDGE('',*,*,#5746,.F.);
#7689=ORIENTED_EDGE('',*,*,#5821,.T.);
#7690=ORIENTED_EDGE('',*,*,#5766,.T.);
#7691=ORIENTED_EDGE('',*,*,#5764,.F.);
#7692=ORIENTED_EDGE('',*,*,#5762,.F.);
#7693=ORIENTED_EDGE('',*,*,#5822,.T.);
#7694=ORIENTED_EDGE('',*,*,#5767,.T.);
#7695=ORIENTED_EDGE('',*,*,#5821,.F.);
#7696=ORIENTED_EDGE('',*,*,#5761,.F.);
#7697=ORIENTED_EDGE('',*,*,#5770,.T.);
#7698=ORIENTED_EDGE('',*,*,#5768,.T.);
#7699=ORIENTED_EDGE('',*,*,#5822,.F.);
#7700=ORIENTED_EDGE('',*,*,#5760,.F.);
#7701=ORIENTED_EDGE('',*,*,#5823,.T.);
#7702=ORIENTED_EDGE('',*,*,#5780,.T.);
#7703=ORIENTED_EDGE('',*,*,#5778,.F.);
#7704=ORIENTED_EDGE('',*,*,#5776,.F.);
#7705=ORIENTED_EDGE('',*,*,#5824,.T.);
#7706=ORIENTED_EDGE('',*,*,#5781,.T.);
#7707=ORIENTED_EDGE('',*,*,#5823,.F.);
#7708=ORIENTED_EDGE('',*,*,#5775,.F.);
#7709=ORIENTED_EDGE('',*,*,#5784,.T.);
#7710=ORIENTED_EDGE('',*,*,#5782,.T.);
#7711=ORIENTED_EDGE('',*,*,#5824,.F.);
#7712=ORIENTED_EDGE('',*,*,#5774,.F.);
#7713=ORIENTED_EDGE('',*,*,#5825,.T.);
#7714=ORIENTED_EDGE('',*,*,#5794,.T.);
#7715=ORIENTED_EDGE('',*,*,#5792,.F.);
#7716=ORIENTED_EDGE('',*,*,#5790,.F.);
#7717=ORIENTED_EDGE('',*,*,#5826,.T.);
#7718=ORIENTED_EDGE('',*,*,#5795,.T.);
#7719=ORIENTED_EDGE('',*,*,#5825,.F.);
#7720=ORIENTED_EDGE('',*,*,#5789,.F.);
#7721=ORIENTED_EDGE('',*,*,#5798,.T.);
#7722=ORIENTED_EDGE('',*,*,#5796,.T.);
#7723=ORIENTED_EDGE('',*,*,#5826,.F.);
#7724=ORIENTED_EDGE('',*,*,#5788,.F.);
#7725=ORIENTED_EDGE('',*,*,#5827,.T.);
#7726=ORIENTED_EDGE('',*,*,#5808,.T.);
#7727=ORIENTED_EDGE('',*,*,#5806,.F.);
#7728=ORIENTED_EDGE('',*,*,#5804,.F.);
#7729=ORIENTED_EDGE('',*,*,#5828,.T.);
#7730=ORIENTED_EDGE('',*,*,#5809,.T.);
#7731=ORIENTED_EDGE('',*,*,#5827,.F.);
#7732=ORIENTED_EDGE('',*,*,#5803,.F.);
#7733=ORIENTED_EDGE('',*,*,#5812,.T.);
#7734=ORIENTED_EDGE('',*,*,#5810,.T.);
#7735=ORIENTED_EDGE('',*,*,#5828,.F.);
#7736=ORIENTED_EDGE('',*,*,#5802,.F.);
#7737=ORIENTED_EDGE('',*,*,#5829,.T.);
#7738=ORIENTED_EDGE('',*,*,#5830,.T.);
#7739=ORIENTED_EDGE('',*,*,#5831,.F.);
#7740=ORIENTED_EDGE('',*,*,#5832,.F.);
#7741=ORIENTED_EDGE('',*,*,#5833,.T.);
#7742=ORIENTED_EDGE('',*,*,#5834,.T.);
#7743=ORIENTED_EDGE('',*,*,#5829,.F.);
#7744=ORIENTED_EDGE('',*,*,#5835,.F.);
#7745=ORIENTED_EDGE('',*,*,#5831,.T.);
#7746=ORIENTED_EDGE('',*,*,#5836,.T.);
#7747=ORIENTED_EDGE('',*,*,#5837,.F.);
#7748=ORIENTED_EDGE('',*,*,#5838,.F.);
#7749=ORIENTED_EDGE('',*,*,#5832,.T.);
#7750=ORIENTED_EDGE('',*,*,#5838,.T.);
#7751=ORIENTED_EDGE('',*,*,#5839,.T.);
#7752=ORIENTED_EDGE('',*,*,#5835,.T.);
#7753=ORIENTED_EDGE('',*,*,#5840,.F.);
#7754=ORIENTED_EDGE('',*,*,#5841,.F.);
#7755=ORIENTED_EDGE('',*,*,#5842,.F.);
#7756=ORIENTED_EDGE('',*,*,#5843,.F.);
#7757=ORIENTED_EDGE('',*,*,#5844,.F.);
#7758=ORIENTED_EDGE('',*,*,#5845,.F.);
#7759=ORIENTED_EDGE('',*,*,#5846,.F.);
#7760=ORIENTED_EDGE('',*,*,#5847,.F.);
#7761=ORIENTED_EDGE('',*,*,#5848,.F.);
#7762=ORIENTED_EDGE('',*,*,#5849,.F.);
#7763=ORIENTED_EDGE('',*,*,#5850,.F.);
#7764=ORIENTED_EDGE('',*,*,#5851,.F.);
#7765=ORIENTED_EDGE('',*,*,#5852,.F.);
#7766=ORIENTED_EDGE('',*,*,#5853,.F.);
#7767=ORIENTED_EDGE('',*,*,#5854,.F.);
#7768=ORIENTED_EDGE('',*,*,#5855,.F.);
#7769=ORIENTED_EDGE('',*,*,#5856,.F.);
#7770=ORIENTED_EDGE('',*,*,#5857,.F.);
#7771=ORIENTED_EDGE('',*,*,#5858,.F.);
#7772=ORIENTED_EDGE('',*,*,#5859,.F.);
#7773=ORIENTED_EDGE('',*,*,#5860,.F.);
#7774=ORIENTED_EDGE('',*,*,#5861,.F.);
#7775=ORIENTED_EDGE('',*,*,#5862,.F.);
#7776=ORIENTED_EDGE('',*,*,#5863,.F.);
#7777=ORIENTED_EDGE('',*,*,#5864,.F.);
#7778=ORIENTED_EDGE('',*,*,#5865,.F.);
#7779=ORIENTED_EDGE('',*,*,#5866,.F.);
#7780=ORIENTED_EDGE('',*,*,#5867,.F.);
#7781=ORIENTED_EDGE('',*,*,#5868,.F.);
#7782=ORIENTED_EDGE('',*,*,#5869,.F.);
#7783=ORIENTED_EDGE('',*,*,#5870,.F.);
#7784=ORIENTED_EDGE('',*,*,#5871,.F.);
#7785=ORIENTED_EDGE('',*,*,#5872,.F.);
#7786=ORIENTED_EDGE('',*,*,#5873,.F.);
#7787=ORIENTED_EDGE('',*,*,#5830,.F.);
#7788=ORIENTED_EDGE('',*,*,#5834,.F.);
#7789=ORIENTED_EDGE('',*,*,#5874,.F.);
#7790=ORIENTED_EDGE('',*,*,#5836,.F.);
#7791=ORIENTED_EDGE('',*,*,#5875,.T.);
#7792=ORIENTED_EDGE('',*,*,#5876,.T.);
#7793=ORIENTED_EDGE('',*,*,#5877,.T.);
#7794=ORIENTED_EDGE('',*,*,#5878,.T.);
#7795=ORIENTED_EDGE('',*,*,#5879,.T.);
#7796=ORIENTED_EDGE('',*,*,#5880,.T.);
#7797=ORIENTED_EDGE('',*,*,#5881,.T.);
#7798=ORIENTED_EDGE('',*,*,#5882,.T.);
#7799=ORIENTED_EDGE('',*,*,#5883,.T.);
#7800=ORIENTED_EDGE('',*,*,#5884,.T.);
#7801=ORIENTED_EDGE('',*,*,#5885,.T.);
#7802=ORIENTED_EDGE('',*,*,#5886,.T.);
#7803=ORIENTED_EDGE('',*,*,#5887,.T.);
#7804=ORIENTED_EDGE('',*,*,#5888,.T.);
#7805=ORIENTED_EDGE('',*,*,#5889,.T.);
#7806=ORIENTED_EDGE('',*,*,#5890,.T.);
#7807=ORIENTED_EDGE('',*,*,#5891,.T.);
#7808=ORIENTED_EDGE('',*,*,#5892,.T.);
#7809=ORIENTED_EDGE('',*,*,#5893,.T.);
#7810=ORIENTED_EDGE('',*,*,#5894,.T.);
#7811=ORIENTED_EDGE('',*,*,#5895,.T.);
#7812=ORIENTED_EDGE('',*,*,#5896,.T.);
#7813=ORIENTED_EDGE('',*,*,#5897,.T.);
#7814=ORIENTED_EDGE('',*,*,#5898,.T.);
#7815=ORIENTED_EDGE('',*,*,#5899,.T.);
#7816=ORIENTED_EDGE('',*,*,#5900,.T.);
#7817=ORIENTED_EDGE('',*,*,#5901,.T.);
#7818=ORIENTED_EDGE('',*,*,#5902,.T.);
#7819=ORIENTED_EDGE('',*,*,#5903,.T.);
#7820=ORIENTED_EDGE('',*,*,#5904,.T.);
#7821=ORIENTED_EDGE('',*,*,#5905,.T.);
#7822=ORIENTED_EDGE('',*,*,#5906,.T.);
#7823=ORIENTED_EDGE('',*,*,#5907,.T.);
#7824=ORIENTED_EDGE('',*,*,#5908,.T.);
#7825=ORIENTED_EDGE('',*,*,#5837,.T.);
#7826=ORIENTED_EDGE('',*,*,#5874,.T.);
#7827=ORIENTED_EDGE('',*,*,#5833,.F.);
#7828=ORIENTED_EDGE('',*,*,#5839,.F.);
#7829=ORIENTED_EDGE('',*,*,#5875,.F.);
#7830=ORIENTED_EDGE('',*,*,#5909,.T.);
#7831=ORIENTED_EDGE('',*,*,#5840,.T.);
#7832=ORIENTED_EDGE('',*,*,#5909,.F.);
#7833=ORIENTED_EDGE('',*,*,#5876,.F.);
#7834=ORIENTED_EDGE('',*,*,#5910,.T.);
#7835=ORIENTED_EDGE('',*,*,#5841,.T.);
#7836=ORIENTED_EDGE('',*,*,#5910,.F.);
#7837=ORIENTED_EDGE('',*,*,#5877,.F.);
#7838=ORIENTED_EDGE('',*,*,#5911,.T.);
#7839=ORIENTED_EDGE('',*,*,#5842,.T.);
#7840=ORIENTED_EDGE('',*,*,#5911,.F.);
#7841=ORIENTED_EDGE('',*,*,#5878,.F.);
#7842=ORIENTED_EDGE('',*,*,#5912,.T.);
#7843=ORIENTED_EDGE('',*,*,#5843,.T.);
#7844=ORIENTED_EDGE('',*,*,#5912,.F.);
#7845=ORIENTED_EDGE('',*,*,#5879,.F.);
#7846=ORIENTED_EDGE('',*,*,#5913,.T.);
#7847=ORIENTED_EDGE('',*,*,#5844,.T.);
#7848=ORIENTED_EDGE('',*,*,#5913,.F.);
#7849=ORIENTED_EDGE('',*,*,#5880,.F.);
#7850=ORIENTED_EDGE('',*,*,#5914,.T.);
#7851=ORIENTED_EDGE('',*,*,#5845,.T.);
#7852=ORIENTED_EDGE('',*,*,#5914,.F.);
#7853=ORIENTED_EDGE('',*,*,#5881,.F.);
#7854=ORIENTED_EDGE('',*,*,#5915,.T.);
#7855=ORIENTED_EDGE('',*,*,#5846,.T.);
#7856=ORIENTED_EDGE('',*,*,#5915,.F.);
#7857=ORIENTED_EDGE('',*,*,#5882,.F.);
#7858=ORIENTED_EDGE('',*,*,#5916,.T.);
#7859=ORIENTED_EDGE('',*,*,#5847,.T.);
#7860=ORIENTED_EDGE('',*,*,#5916,.F.);
#7861=ORIENTED_EDGE('',*,*,#5883,.F.);
#7862=ORIENTED_EDGE('',*,*,#5917,.T.);
#7863=ORIENTED_EDGE('',*,*,#5848,.T.);
#7864=ORIENTED_EDGE('',*,*,#5917,.F.);
#7865=ORIENTED_EDGE('',*,*,#5884,.F.);
#7866=ORIENTED_EDGE('',*,*,#5918,.T.);
#7867=ORIENTED_EDGE('',*,*,#5849,.T.);
#7868=ORIENTED_EDGE('',*,*,#5918,.F.);
#7869=ORIENTED_EDGE('',*,*,#5885,.F.);
#7870=ORIENTED_EDGE('',*,*,#5919,.T.);
#7871=ORIENTED_EDGE('',*,*,#5850,.T.);
#7872=ORIENTED_EDGE('',*,*,#5919,.F.);
#7873=ORIENTED_EDGE('',*,*,#5886,.F.);
#7874=ORIENTED_EDGE('',*,*,#5920,.T.);
#7875=ORIENTED_EDGE('',*,*,#5851,.T.);
#7876=ORIENTED_EDGE('',*,*,#5920,.F.);
#7877=ORIENTED_EDGE('',*,*,#5887,.F.);
#7878=ORIENTED_EDGE('',*,*,#5921,.T.);
#7879=ORIENTED_EDGE('',*,*,#5852,.T.);
#7880=ORIENTED_EDGE('',*,*,#5921,.F.);
#7881=ORIENTED_EDGE('',*,*,#5888,.F.);
#7882=ORIENTED_EDGE('',*,*,#5922,.T.);
#7883=ORIENTED_EDGE('',*,*,#5853,.T.);
#7884=ORIENTED_EDGE('',*,*,#5922,.F.);
#7885=ORIENTED_EDGE('',*,*,#5889,.F.);
#7886=ORIENTED_EDGE('',*,*,#5923,.T.);
#7887=ORIENTED_EDGE('',*,*,#5854,.T.);
#7888=ORIENTED_EDGE('',*,*,#5923,.F.);
#7889=ORIENTED_EDGE('',*,*,#5890,.F.);
#7890=ORIENTED_EDGE('',*,*,#5924,.T.);
#7891=ORIENTED_EDGE('',*,*,#5855,.T.);
#7892=ORIENTED_EDGE('',*,*,#5924,.F.);
#7893=ORIENTED_EDGE('',*,*,#5891,.F.);
#7894=ORIENTED_EDGE('',*,*,#5925,.T.);
#7895=ORIENTED_EDGE('',*,*,#5856,.T.);
#7896=ORIENTED_EDGE('',*,*,#5925,.F.);
#7897=ORIENTED_EDGE('',*,*,#5892,.F.);
#7898=ORIENTED_EDGE('',*,*,#5926,.T.);
#7899=ORIENTED_EDGE('',*,*,#5857,.T.);
#7900=ORIENTED_EDGE('',*,*,#5926,.F.);
#7901=ORIENTED_EDGE('',*,*,#5893,.F.);
#7902=ORIENTED_EDGE('',*,*,#5927,.T.);
#7903=ORIENTED_EDGE('',*,*,#5858,.T.);
#7904=ORIENTED_EDGE('',*,*,#5927,.F.);
#7905=ORIENTED_EDGE('',*,*,#5894,.F.);
#7906=ORIENTED_EDGE('',*,*,#5928,.T.);
#7907=ORIENTED_EDGE('',*,*,#5859,.T.);
#7908=ORIENTED_EDGE('',*,*,#5928,.F.);
#7909=ORIENTED_EDGE('',*,*,#5895,.F.);
#7910=ORIENTED_EDGE('',*,*,#5929,.T.);
#7911=ORIENTED_EDGE('',*,*,#5860,.T.);
#7912=ORIENTED_EDGE('',*,*,#5929,.F.);
#7913=ORIENTED_EDGE('',*,*,#5896,.F.);
#7914=ORIENTED_EDGE('',*,*,#5930,.T.);
#7915=ORIENTED_EDGE('',*,*,#5861,.T.);
#7916=ORIENTED_EDGE('',*,*,#5930,.F.);
#7917=ORIENTED_EDGE('',*,*,#5897,.F.);
#7918=ORIENTED_EDGE('',*,*,#5931,.T.);
#7919=ORIENTED_EDGE('',*,*,#5862,.T.);
#7920=ORIENTED_EDGE('',*,*,#5931,.F.);
#7921=ORIENTED_EDGE('',*,*,#5898,.F.);
#7922=ORIENTED_EDGE('',*,*,#5932,.T.);
#7923=ORIENTED_EDGE('',*,*,#5863,.T.);
#7924=ORIENTED_EDGE('',*,*,#5932,.F.);
#7925=ORIENTED_EDGE('',*,*,#5899,.F.);
#7926=ORIENTED_EDGE('',*,*,#5933,.T.);
#7927=ORIENTED_EDGE('',*,*,#5864,.T.);
#7928=ORIENTED_EDGE('',*,*,#5933,.F.);
#7929=ORIENTED_EDGE('',*,*,#5900,.F.);
#7930=ORIENTED_EDGE('',*,*,#5934,.T.);
#7931=ORIENTED_EDGE('',*,*,#5865,.T.);
#7932=ORIENTED_EDGE('',*,*,#5934,.F.);
#7933=ORIENTED_EDGE('',*,*,#5901,.F.);
#7934=ORIENTED_EDGE('',*,*,#5935,.T.);
#7935=ORIENTED_EDGE('',*,*,#5866,.T.);
#7936=ORIENTED_EDGE('',*,*,#5935,.F.);
#7937=ORIENTED_EDGE('',*,*,#5902,.F.);
#7938=ORIENTED_EDGE('',*,*,#5936,.T.);
#7939=ORIENTED_EDGE('',*,*,#5867,.T.);
#7940=ORIENTED_EDGE('',*,*,#5936,.F.);
#7941=ORIENTED_EDGE('',*,*,#5903,.F.);
#7942=ORIENTED_EDGE('',*,*,#5937,.T.);
#7943=ORIENTED_EDGE('',*,*,#5868,.T.);
#7944=ORIENTED_EDGE('',*,*,#5937,.F.);
#7945=ORIENTED_EDGE('',*,*,#5904,.F.);
#7946=ORIENTED_EDGE('',*,*,#5938,.T.);
#7947=ORIENTED_EDGE('',*,*,#5869,.T.);
#7948=ORIENTED_EDGE('',*,*,#5938,.F.);
#7949=ORIENTED_EDGE('',*,*,#5905,.F.);
#7950=ORIENTED_EDGE('',*,*,#5939,.T.);
#7951=ORIENTED_EDGE('',*,*,#5870,.T.);
#7952=ORIENTED_EDGE('',*,*,#5939,.F.);
#7953=ORIENTED_EDGE('',*,*,#5906,.F.);
#7954=ORIENTED_EDGE('',*,*,#5940,.T.);
#7955=ORIENTED_EDGE('',*,*,#5871,.T.);
#7956=ORIENTED_EDGE('',*,*,#5940,.F.);
#7957=ORIENTED_EDGE('',*,*,#5907,.F.);
#7958=ORIENTED_EDGE('',*,*,#5941,.T.);
#7959=ORIENTED_EDGE('',*,*,#5872,.T.);
#7960=ORIENTED_EDGE('',*,*,#5941,.F.);
#7961=ORIENTED_EDGE('',*,*,#5908,.F.);
#7962=ORIENTED_EDGE('',*,*,#5942,.T.);
#7963=ORIENTED_EDGE('',*,*,#5873,.T.);
#7964=ORIENTED_EDGE('',*,*,#5942,.F.);
#7965=ORIENTED_EDGE('',*,*,#5943,.F.);
#7966=ORIENTED_EDGE('',*,*,#5944,.T.);
#7967=ORIENTED_EDGE('',*,*,#5945,.T.);
#7968=ORIENTED_EDGE('',*,*,#5946,.F.);
#7969=ORIENTED_EDGE('',*,*,#5947,.T.);
#7970=ORIENTED_EDGE('',*,*,#5948,.T.);
#7971=ORIENTED_EDGE('',*,*,#5949,.F.);
#7972=ORIENTED_EDGE('',*,*,#5946,.T.);
#7973=ORIENTED_EDGE('',*,*,#5950,.F.);
#7974=ORIENTED_EDGE('',*,*,#5947,.F.);
#7975=ORIENTED_EDGE('',*,*,#5945,.F.);
#7976=ORIENTED_EDGE('',*,*,#5951,.T.);
#7977=ORIENTED_EDGE('',*,*,#5952,.F.);
#7978=ORIENTED_EDGE('',*,*,#5951,.F.);
#7979=ORIENTED_EDGE('',*,*,#5944,.F.);
#7980=ORIENTED_EDGE('',*,*,#5953,.T.);
#7981=ORIENTED_EDGE('',*,*,#5949,.T.);
#7982=ORIENTED_EDGE('',*,*,#5954,.T.);
#7983=ORIENTED_EDGE('',*,*,#5953,.F.);
#7984=ORIENTED_EDGE('',*,*,#5943,.T.);
#7985=ORIENTED_EDGE('',*,*,#5955,.T.);
#7986=ORIENTED_EDGE('',*,*,#5956,.T.);
#7987=ORIENTED_EDGE('',*,*,#5957,.F.);
#7988=ORIENTED_EDGE('',*,*,#5958,.F.);
#7989=ORIENTED_EDGE('',*,*,#5959,.T.);
#7990=ORIENTED_EDGE('',*,*,#5960,.T.);
#7991=ORIENTED_EDGE('',*,*,#5961,.F.);
#7992=ORIENTED_EDGE('',*,*,#5962,.T.);
#7993=ORIENTED_EDGE('',*,*,#5963,.T.);
#7994=ORIENTED_EDGE('',*,*,#5964,.F.);
#7995=ORIENTED_EDGE('',*,*,#5965,.F.);
#7996=ORIENTED_EDGE('',*,*,#5966,.F.);
#7997=ORIENTED_EDGE('',*,*,#5954,.F.);
#7998=ORIENTED_EDGE('',*,*,#5948,.F.);
#7999=ORIENTED_EDGE('',*,*,#5950,.T.);
#8000=ORIENTED_EDGE('',*,*,#5952,.T.);
#8001=ORIENTED_EDGE('',*,*,#5956,.F.);
#8002=ORIENTED_EDGE('',*,*,#5967,.F.);
#8003=ORIENTED_EDGE('',*,*,#5964,.T.);
#8004=ORIENTED_EDGE('',*,*,#5968,.T.);
#8005=ORIENTED_EDGE('',*,*,#5966,.T.);
#8006=ORIENTED_EDGE('',*,*,#5969,.T.);
#8007=ORIENTED_EDGE('',*,*,#5960,.F.);
#8008=ORIENTED_EDGE('',*,*,#5969,.F.);
#8009=ORIENTED_EDGE('',*,*,#5965,.T.);
#8010=ORIENTED_EDGE('',*,*,#5970,.T.);
#8011=ORIENTED_EDGE('',*,*,#5959,.F.);
#8012=ORIENTED_EDGE('',*,*,#5970,.F.);
#8013=ORIENTED_EDGE('',*,*,#5957,.T.);
#8014=ORIENTED_EDGE('',*,*,#5968,.F.);
#8015=ORIENTED_EDGE('',*,*,#5963,.F.);
#8016=ORIENTED_EDGE('',*,*,#5971,.T.);
#8017=ORIENTED_EDGE('',*,*,#5958,.T.);
#8018=ORIENTED_EDGE('',*,*,#5971,.F.);
#8019=ORIENTED_EDGE('',*,*,#5962,.F.);
#8020=ORIENTED_EDGE('',*,*,#5972,.T.);
#8021=ORIENTED_EDGE('',*,*,#5955,.F.);
#8022=ORIENTED_EDGE('',*,*,#5972,.F.);
#8023=ORIENTED_EDGE('',*,*,#5961,.T.);
#8024=ORIENTED_EDGE('',*,*,#5967,.T.);
#8025=ORIENTED_EDGE('',*,*,#5973,.T.);
#8026=ORIENTED_EDGE('',*,*,#5974,.F.);
#8027=ORIENTED_EDGE('',*,*,#5974,.T.);
#8028=ORIENTED_EDGE('',*,*,#5973,.F.);
#8029=ORIENTED_EDGE('',*,*,#5975,.T.);
#8030=ORIENTED_EDGE('',*,*,#5976,.T.);
#8031=ORIENTED_EDGE('',*,*,#5975,.F.);
#8032=ORIENTED_EDGE('',*,*,#5977,.T.);
#8033=ORIENTED_EDGE('',*,*,#5976,.F.);
#8034=ORIENTED_EDGE('',*,*,#5977,.F.);
#8035=ORIENTED_EDGE('',*,*,#5978,.T.);
#8036=ORIENTED_EDGE('',*,*,#5979,.T.);
#8037=ORIENTED_EDGE('',*,*,#5978,.F.);
#8038=ORIENTED_EDGE('',*,*,#5979,.F.);
#8039=ORIENTED_EDGE('',*,*,#5980,.T.);
#8040=ORIENTED_EDGE('',*,*,#5980,.F.);
#8041=ORIENTED_EDGE('',*,*,#5981,.T.);
#8042=ORIENTED_EDGE('',*,*,#5982,.T.);
#8043=ORIENTED_EDGE('',*,*,#5981,.F.);
#8044=ORIENTED_EDGE('',*,*,#5982,.F.);
#8045=ORIENTED_EDGE('',*,*,#5983,.T.);
#8046=ORIENTED_EDGE('',*,*,#5984,.T.);
#8047=ORIENTED_EDGE('',*,*,#5983,.F.);
#8048=ORIENTED_EDGE('',*,*,#5984,.F.);
#8049=ORIENTED_EDGE('',*,*,#5985,.T.);
#8050=ORIENTED_EDGE('',*,*,#5986,.T.);
#8051=ORIENTED_EDGE('',*,*,#5985,.F.);
#8052=ORIENTED_EDGE('',*,*,#5986,.F.);
#8053=ORIENTED_EDGE('',*,*,#5987,.T.);
#8054=ORIENTED_EDGE('',*,*,#5987,.F.);
#8055=ORIENTED_EDGE('',*,*,#5988,.T.);
#8056=ORIENTED_EDGE('',*,*,#5989,.F.);
#8057=ORIENTED_EDGE('',*,*,#5989,.T.);
#8058=ORIENTED_EDGE('',*,*,#5988,.F.);
#8059=ORIENTED_EDGE('',*,*,#5990,.T.);
#8060=ORIENTED_EDGE('',*,*,#5991,.T.);
#8061=ORIENTED_EDGE('',*,*,#5990,.F.);
#8062=ORIENTED_EDGE('',*,*,#5992,.T.);
#8063=ORIENTED_EDGE('',*,*,#5991,.F.);
#8064=ORIENTED_EDGE('',*,*,#5992,.F.);
#8065=ORIENTED_EDGE('',*,*,#5993,.T.);
#8066=ORIENTED_EDGE('',*,*,#5994,.T.);
#8067=ORIENTED_EDGE('',*,*,#5993,.F.);
#8068=ORIENTED_EDGE('',*,*,#5994,.F.);
#8069=ORIENTED_EDGE('',*,*,#5995,.T.);
#8070=ORIENTED_EDGE('',*,*,#5995,.F.);
#8071=ORIENTED_EDGE('',*,*,#5996,.T.);
#8072=ORIENTED_EDGE('',*,*,#5997,.T.);
#8073=ORIENTED_EDGE('',*,*,#5996,.F.);
#8074=ORIENTED_EDGE('',*,*,#5997,.F.);
#8075=ORIENTED_EDGE('',*,*,#5998,.T.);
#8076=ORIENTED_EDGE('',*,*,#5999,.T.);
#8077=ORIENTED_EDGE('',*,*,#5998,.F.);
#8078=ORIENTED_EDGE('',*,*,#5999,.F.);
#8079=ORIENTED_EDGE('',*,*,#6000,.T.);
#8080=ORIENTED_EDGE('',*,*,#6001,.T.);
#8081=ORIENTED_EDGE('',*,*,#6000,.F.);
#8082=ORIENTED_EDGE('',*,*,#6001,.F.);
#8083=ORIENTED_EDGE('',*,*,#6002,.T.);
#8084=ORIENTED_EDGE('',*,*,#6002,.F.);
#8085=ORIENTED_EDGE('',*,*,#6003,.T.);
#8086=ORIENTED_EDGE('',*,*,#6004,.F.);
#8087=ORIENTED_EDGE('',*,*,#6004,.T.);
#8088=ORIENTED_EDGE('',*,*,#6003,.F.);
#8089=ORIENTED_EDGE('',*,*,#6005,.T.);
#8090=ORIENTED_EDGE('',*,*,#6006,.T.);
#8091=ORIENTED_EDGE('',*,*,#6005,.F.);
#8092=ORIENTED_EDGE('',*,*,#6007,.T.);
#8093=ORIENTED_EDGE('',*,*,#6006,.F.);
#8094=ORIENTED_EDGE('',*,*,#6007,.F.);
#8095=ORIENTED_EDGE('',*,*,#6008,.T.);
#8096=ORIENTED_EDGE('',*,*,#6009,.T.);
#8097=ORIENTED_EDGE('',*,*,#6008,.F.);
#8098=ORIENTED_EDGE('',*,*,#6009,.F.);
#8099=ORIENTED_EDGE('',*,*,#6010,.T.);
#8100=ORIENTED_EDGE('',*,*,#6010,.F.);
#8101=ORIENTED_EDGE('',*,*,#6011,.T.);
#8102=ORIENTED_EDGE('',*,*,#6012,.T.);
#8103=ORIENTED_EDGE('',*,*,#6011,.F.);
#8104=ORIENTED_EDGE('',*,*,#6012,.F.);
#8105=ORIENTED_EDGE('',*,*,#6013,.T.);
#8106=ORIENTED_EDGE('',*,*,#6014,.T.);
#8107=ORIENTED_EDGE('',*,*,#6013,.F.);
#8108=ORIENTED_EDGE('',*,*,#6014,.F.);
#8109=ORIENTED_EDGE('',*,*,#6015,.T.);
#8110=ORIENTED_EDGE('',*,*,#6016,.T.);
#8111=ORIENTED_EDGE('',*,*,#6015,.F.);
#8112=ORIENTED_EDGE('',*,*,#6016,.F.);
#8113=ORIENTED_EDGE('',*,*,#6017,.T.);
#8114=ORIENTED_EDGE('',*,*,#6017,.F.);
#8115=ORIENTED_EDGE('',*,*,#6018,.T.);
#8116=ORIENTED_EDGE('',*,*,#6019,.F.);
#8117=ORIENTED_EDGE('',*,*,#6019,.T.);
#8118=ORIENTED_EDGE('',*,*,#6018,.F.);
#8119=ORIENTED_EDGE('',*,*,#6020,.T.);
#8120=ORIENTED_EDGE('',*,*,#6021,.T.);
#8121=ORIENTED_EDGE('',*,*,#6020,.F.);
#8122=ORIENTED_EDGE('',*,*,#6022,.T.);
#8123=ORIENTED_EDGE('',*,*,#6021,.F.);
#8124=ORIENTED_EDGE('',*,*,#6022,.F.);
#8125=ORIENTED_EDGE('',*,*,#6023,.T.);
#8126=ORIENTED_EDGE('',*,*,#6024,.T.);
#8127=ORIENTED_EDGE('',*,*,#6023,.F.);
#8128=ORIENTED_EDGE('',*,*,#6024,.F.);
#8129=ORIENTED_EDGE('',*,*,#6025,.T.);
#8130=ORIENTED_EDGE('',*,*,#6025,.F.);
#8131=ORIENTED_EDGE('',*,*,#6026,.T.);
#8132=ORIENTED_EDGE('',*,*,#6027,.T.);
#8133=ORIENTED_EDGE('',*,*,#6026,.F.);
#8134=ORIENTED_EDGE('',*,*,#6027,.F.);
#8135=ORIENTED_EDGE('',*,*,#6028,.T.);
#8136=ORIENTED_EDGE('',*,*,#6029,.T.);
#8137=ORIENTED_EDGE('',*,*,#6028,.F.);
#8138=ORIENTED_EDGE('',*,*,#6029,.F.);
#8139=ORIENTED_EDGE('',*,*,#6030,.T.);
#8140=ORIENTED_EDGE('',*,*,#6031,.T.);
#8141=ORIENTED_EDGE('',*,*,#6030,.F.);
#8142=ORIENTED_EDGE('',*,*,#6031,.F.);
#8143=ORIENTED_EDGE('',*,*,#6032,.T.);
#8144=ORIENTED_EDGE('',*,*,#6032,.F.);
#8145=ORIENTED_EDGE('',*,*,#6033,.T.);
#8146=ORIENTED_EDGE('',*,*,#6034,.F.);
#8147=ORIENTED_EDGE('',*,*,#6034,.T.);
#8148=ORIENTED_EDGE('',*,*,#6033,.F.);
#8149=ORIENTED_EDGE('',*,*,#6035,.T.);
#8150=ORIENTED_EDGE('',*,*,#6036,.T.);
#8151=ORIENTED_EDGE('',*,*,#6035,.F.);
#8152=ORIENTED_EDGE('',*,*,#6037,.T.);
#8153=ORIENTED_EDGE('',*,*,#6036,.F.);
#8154=ORIENTED_EDGE('',*,*,#6037,.F.);
#8155=ORIENTED_EDGE('',*,*,#6038,.T.);
#8156=ORIENTED_EDGE('',*,*,#6039,.T.);
#8157=ORIENTED_EDGE('',*,*,#6038,.F.);
#8158=ORIENTED_EDGE('',*,*,#6039,.F.);
#8159=ORIENTED_EDGE('',*,*,#6040,.T.);
#8160=ORIENTED_EDGE('',*,*,#6040,.F.);
#8161=ORIENTED_EDGE('',*,*,#6041,.T.);
#8162=ORIENTED_EDGE('',*,*,#6042,.T.);
#8163=ORIENTED_EDGE('',*,*,#6041,.F.);
#8164=ORIENTED_EDGE('',*,*,#6042,.F.);
#8165=ORIENTED_EDGE('',*,*,#6043,.T.);
#8166=ORIENTED_EDGE('',*,*,#6044,.T.);
#8167=ORIENTED_EDGE('',*,*,#6043,.F.);
#8168=ORIENTED_EDGE('',*,*,#6044,.F.);
#8169=ORIENTED_EDGE('',*,*,#6045,.T.);
#8170=ORIENTED_EDGE('',*,*,#6046,.T.);
#8171=ORIENTED_EDGE('',*,*,#6045,.F.);
#8172=ORIENTED_EDGE('',*,*,#6046,.F.);
#8173=ORIENTED_EDGE('',*,*,#6047,.T.);
#8174=ORIENTED_EDGE('',*,*,#6047,.F.);
#8175=ORIENTED_EDGE('',*,*,#6048,.F.);
#8176=ORIENTED_EDGE('',*,*,#6049,.T.);
#8177=ORIENTED_EDGE('',*,*,#6050,.T.);
#8178=ORIENTED_EDGE('',*,*,#6049,.F.);
#8179=ORIENTED_EDGE('',*,*,#6051,.F.);
#8180=ORIENTED_EDGE('',*,*,#6052,.T.);
#8181=ORIENTED_EDGE('',*,*,#6053,.T.);
#8182=ORIENTED_EDGE('',*,*,#6052,.F.);
#8183=ORIENTED_EDGE('',*,*,#6054,.F.);
#8184=ORIENTED_EDGE('',*,*,#6055,.T.);
#8185=ORIENTED_EDGE('',*,*,#6056,.T.);
#8186=ORIENTED_EDGE('',*,*,#6055,.F.);
#8187=ORIENTED_EDGE('',*,*,#6057,.F.);
#8188=ORIENTED_EDGE('',*,*,#6058,.T.);
#8189=ORIENTED_EDGE('',*,*,#6059,.T.);
#8190=ORIENTED_EDGE('',*,*,#6058,.F.);
#8191=ORIENTED_EDGE('',*,*,#6060,.F.);
#8192=ORIENTED_EDGE('',*,*,#6061,.T.);
#8193=ORIENTED_EDGE('',*,*,#6062,.T.);
#8194=ORIENTED_EDGE('',*,*,#6061,.F.);
#8195=ORIENTED_EDGE('',*,*,#6063,.F.);
#8196=ORIENTED_EDGE('',*,*,#6064,.T.);
#8197=ORIENTED_EDGE('',*,*,#6065,.T.);
#8198=ORIENTED_EDGE('',*,*,#6064,.F.);
#8199=ORIENTED_EDGE('',*,*,#6066,.F.);
#8200=ORIENTED_EDGE('',*,*,#6067,.T.);
#8201=ORIENTED_EDGE('',*,*,#6068,.T.);
#8202=ORIENTED_EDGE('',*,*,#6067,.F.);
#8203=ORIENTED_EDGE('',*,*,#6069,.T.);
#8204=ORIENTED_EDGE('',*,*,#6070,.T.);
#8205=ORIENTED_EDGE('',*,*,#6071,.T.);
#8206=ORIENTED_EDGE('',*,*,#6072,.T.);
#8207=ORIENTED_EDGE('',*,*,#6073,.T.);
#8208=ORIENTED_EDGE('',*,*,#6074,.T.);
#8209=ORIENTED_EDGE('',*,*,#6075,.T.);
#8210=ORIENTED_EDGE('',*,*,#6076,.T.);
#8211=ORIENTED_EDGE('',*,*,#6077,.T.);
#8212=ORIENTED_EDGE('',*,*,#6078,.T.);
#8213=ORIENTED_EDGE('',*,*,#6079,.T.);
#8214=ORIENTED_EDGE('',*,*,#6080,.T.);
#8215=ORIENTED_EDGE('',*,*,#6081,.T.);
#8216=ORIENTED_EDGE('',*,*,#6082,.T.);
#8217=ORIENTED_EDGE('',*,*,#6083,.T.);
#8218=ORIENTED_EDGE('',*,*,#6084,.T.);
#8219=ORIENTED_EDGE('',*,*,#6085,.T.);
#8220=ORIENTED_EDGE('',*,*,#6086,.T.);
#8221=ORIENTED_EDGE('',*,*,#6087,.T.);
#8222=ORIENTED_EDGE('',*,*,#6088,.T.);
#8223=ORIENTED_EDGE('',*,*,#6089,.T.);
#8224=ORIENTED_EDGE('',*,*,#6090,.T.);
#8225=ORIENTED_EDGE('',*,*,#6091,.T.);
#8226=ORIENTED_EDGE('',*,*,#6092,.T.);
#8227=ORIENTED_EDGE('',*,*,#6093,.T.);
#8228=ORIENTED_EDGE('',*,*,#6094,.T.);
#8229=ORIENTED_EDGE('',*,*,#6095,.T.);
#8230=ORIENTED_EDGE('',*,*,#6096,.T.);
#8231=ORIENTED_EDGE('',*,*,#6097,.T.);
#8232=ORIENTED_EDGE('',*,*,#6098,.T.);
#8233=ORIENTED_EDGE('',*,*,#6099,.T.);
#8234=ORIENTED_EDGE('',*,*,#6100,.T.);
#8235=ORIENTED_EDGE('',*,*,#6101,.T.);
#8236=ORIENTED_EDGE('',*,*,#6102,.T.);
#8237=ORIENTED_EDGE('',*,*,#6103,.T.);
#8238=ORIENTED_EDGE('',*,*,#6104,.T.);
#8239=ORIENTED_EDGE('',*,*,#6105,.T.);
#8240=ORIENTED_EDGE('',*,*,#6106,.T.);
#8241=ORIENTED_EDGE('',*,*,#6107,.T.);
#8242=ORIENTED_EDGE('',*,*,#6108,.T.);
#8243=ORIENTED_EDGE('',*,*,#6109,.T.);
#8244=ORIENTED_EDGE('',*,*,#6110,.T.);
#8245=ORIENTED_EDGE('',*,*,#6111,.T.);
#8246=ORIENTED_EDGE('',*,*,#6112,.T.);
#8247=ORIENTED_EDGE('',*,*,#6113,.T.);
#8248=ORIENTED_EDGE('',*,*,#6114,.T.);
#8249=ORIENTED_EDGE('',*,*,#6115,.T.);
#8250=ORIENTED_EDGE('',*,*,#6116,.T.);
#8251=ORIENTED_EDGE('',*,*,#6117,.T.);
#8252=ORIENTED_EDGE('',*,*,#6118,.T.);
#8253=ORIENTED_EDGE('',*,*,#6119,.T.);
#8254=ORIENTED_EDGE('',*,*,#6120,.T.);
#8255=ORIENTED_EDGE('',*,*,#6121,.T.);
#8256=ORIENTED_EDGE('',*,*,#6122,.T.);
#8257=ORIENTED_EDGE('',*,*,#6123,.T.);
#8258=ORIENTED_EDGE('',*,*,#6124,.T.);
#8259=ORIENTED_EDGE('',*,*,#6125,.T.);
#8260=ORIENTED_EDGE('',*,*,#6126,.T.);
#8261=ORIENTED_EDGE('',*,*,#6127,.T.);
#8262=ORIENTED_EDGE('',*,*,#6128,.T.);
#8263=ORIENTED_EDGE('',*,*,#6129,.T.);
#8264=ORIENTED_EDGE('',*,*,#6130,.T.);
#8265=ORIENTED_EDGE('',*,*,#6131,.T.);
#8266=ORIENTED_EDGE('',*,*,#6132,.T.);
#8267=ORIENTED_EDGE('',*,*,#6133,.T.);
#8268=ORIENTED_EDGE('',*,*,#6134,.T.);
#8269=ORIENTED_EDGE('',*,*,#6135,.T.);
#8270=ORIENTED_EDGE('',*,*,#6136,.T.);
#8271=ORIENTED_EDGE('',*,*,#6137,.F.);
#8272=ORIENTED_EDGE('',*,*,#6138,.F.);
#8273=ORIENTED_EDGE('',*,*,#6139,.F.);
#8274=ORIENTED_EDGE('',*,*,#6140,.F.);
#8275=ORIENTED_EDGE('',*,*,#6141,.F.);
#8276=ORIENTED_EDGE('',*,*,#6142,.F.);
#8277=ORIENTED_EDGE('',*,*,#6143,.F.);
#8278=ORIENTED_EDGE('',*,*,#6144,.F.);
#8279=ORIENTED_EDGE('',*,*,#6145,.T.);
#8280=ORIENTED_EDGE('',*,*,#6053,.F.);
#8281=ORIENTED_EDGE('',*,*,#6145,.F.);
#8282=ORIENTED_EDGE('',*,*,#6146,.T.);
#8283=ORIENTED_EDGE('',*,*,#6143,.T.);
#8284=ORIENTED_EDGE('',*,*,#6146,.F.);
#8285=ORIENTED_EDGE('',*,*,#6147,.T.);
#8286=ORIENTED_EDGE('',*,*,#6050,.F.);
#8287=ORIENTED_EDGE('',*,*,#6147,.F.);
#8288=ORIENTED_EDGE('',*,*,#6148,.T.);
#8289=ORIENTED_EDGE('',*,*,#6142,.T.);
#8290=ORIENTED_EDGE('',*,*,#6148,.F.);
#8291=ORIENTED_EDGE('',*,*,#6149,.T.);
#8292=ORIENTED_EDGE('',*,*,#6056,.F.);
#8293=ORIENTED_EDGE('',*,*,#6149,.F.);
#8294=ORIENTED_EDGE('',*,*,#6150,.T.);
#8295=ORIENTED_EDGE('',*,*,#6141,.T.);
#8296=ORIENTED_EDGE('',*,*,#6150,.F.);
#8297=ORIENTED_EDGE('',*,*,#6151,.T.);
#8298=ORIENTED_EDGE('',*,*,#6059,.F.);
#8299=ORIENTED_EDGE('',*,*,#6151,.F.);
#8300=ORIENTED_EDGE('',*,*,#6152,.T.);
#8301=ORIENTED_EDGE('',*,*,#6140,.T.);
#8302=ORIENTED_EDGE('',*,*,#6152,.F.);
#8303=ORIENTED_EDGE('',*,*,#6153,.T.);
#8304=ORIENTED_EDGE('',*,*,#6062,.F.);
#8305=ORIENTED_EDGE('',*,*,#6153,.F.);
#8306=ORIENTED_EDGE('',*,*,#6154,.T.);
#8307=ORIENTED_EDGE('',*,*,#6139,.T.);
#8308=ORIENTED_EDGE('',*,*,#6154,.F.);
#8309=ORIENTED_EDGE('',*,*,#6155,.T.);
#8310=ORIENTED_EDGE('',*,*,#6065,.F.);
#8311=ORIENTED_EDGE('',*,*,#6155,.F.);
#8312=ORIENTED_EDGE('',*,*,#6156,.T.);
#8313=ORIENTED_EDGE('',*,*,#6138,.T.);
#8314=ORIENTED_EDGE('',*,*,#6156,.F.);
#8315=ORIENTED_EDGE('',*,*,#6157,.T.);
#8316=ORIENTED_EDGE('',*,*,#6068,.F.);
#8317=ORIENTED_EDGE('',*,*,#6157,.F.);
#8318=ORIENTED_EDGE('',*,*,#6158,.T.);
#8319=ORIENTED_EDGE('',*,*,#6137,.T.);
#8320=ORIENTED_EDGE('',*,*,#6158,.F.);
#8321=ORIENTED_EDGE('',*,*,#6159,.F.);
#8322=ORIENTED_EDGE('',*,*,#6160,.F.);
#8323=ORIENTED_EDGE('',*,*,#6161,.F.);
#8324=ORIENTED_EDGE('',*,*,#6162,.F.);
#8325=ORIENTED_EDGE('',*,*,#6163,.F.);
#8326=ORIENTED_EDGE('',*,*,#6164,.F.);
#8327=ORIENTED_EDGE('',*,*,#6165,.F.);
#8328=ORIENTED_EDGE('',*,*,#6166,.F.);
#8329=ORIENTED_EDGE('',*,*,#6167,.F.);
#8330=ORIENTED_EDGE('',*,*,#6168,.F.);
#8331=ORIENTED_EDGE('',*,*,#6169,.F.);
#8332=ORIENTED_EDGE('',*,*,#6170,.F.);
#8333=ORIENTED_EDGE('',*,*,#6171,.F.);
#8334=ORIENTED_EDGE('',*,*,#6172,.F.);
#8335=ORIENTED_EDGE('',*,*,#6173,.F.);
#8336=ORIENTED_EDGE('',*,*,#6174,.F.);
#8337=ORIENTED_EDGE('',*,*,#6175,.F.);
#8338=ORIENTED_EDGE('',*,*,#6176,.F.);
#8339=ORIENTED_EDGE('',*,*,#6177,.F.);
#8340=ORIENTED_EDGE('',*,*,#6178,.F.);
#8341=ORIENTED_EDGE('',*,*,#6179,.F.);
#8342=ORIENTED_EDGE('',*,*,#6180,.F.);
#8343=ORIENTED_EDGE('',*,*,#6181,.F.);
#8344=ORIENTED_EDGE('',*,*,#6182,.F.);
#8345=ORIENTED_EDGE('',*,*,#6183,.F.);
#8346=ORIENTED_EDGE('',*,*,#6184,.F.);
#8347=ORIENTED_EDGE('',*,*,#6185,.F.);
#8348=ORIENTED_EDGE('',*,*,#6186,.F.);
#8349=ORIENTED_EDGE('',*,*,#6187,.F.);
#8350=ORIENTED_EDGE('',*,*,#6188,.F.);
#8351=ORIENTED_EDGE('',*,*,#6189,.F.);
#8352=ORIENTED_EDGE('',*,*,#6190,.F.);
#8353=ORIENTED_EDGE('',*,*,#6191,.F.);
#8354=ORIENTED_EDGE('',*,*,#6192,.F.);
#8355=ORIENTED_EDGE('',*,*,#6193,.F.);
#8356=ORIENTED_EDGE('',*,*,#6194,.F.);
#8357=ORIENTED_EDGE('',*,*,#6195,.F.);
#8358=ORIENTED_EDGE('',*,*,#6196,.F.);
#8359=ORIENTED_EDGE('',*,*,#6197,.F.);
#8360=ORIENTED_EDGE('',*,*,#6198,.F.);
#8361=ORIENTED_EDGE('',*,*,#6199,.F.);
#8362=ORIENTED_EDGE('',*,*,#6200,.F.);
#8363=ORIENTED_EDGE('',*,*,#6201,.F.);
#8364=ORIENTED_EDGE('',*,*,#6202,.F.);
#8365=ORIENTED_EDGE('',*,*,#6203,.F.);
#8366=ORIENTED_EDGE('',*,*,#6204,.F.);
#8367=ORIENTED_EDGE('',*,*,#6205,.F.);
#8368=ORIENTED_EDGE('',*,*,#6206,.F.);
#8369=ORIENTED_EDGE('',*,*,#6207,.F.);
#8370=ORIENTED_EDGE('',*,*,#6208,.F.);
#8371=ORIENTED_EDGE('',*,*,#6209,.F.);
#8372=ORIENTED_EDGE('',*,*,#6210,.F.);
#8373=ORIENTED_EDGE('',*,*,#6211,.F.);
#8374=ORIENTED_EDGE('',*,*,#6212,.F.);
#8375=ORIENTED_EDGE('',*,*,#6213,.F.);
#8376=ORIENTED_EDGE('',*,*,#6214,.F.);
#8377=ORIENTED_EDGE('',*,*,#6215,.F.);
#8378=ORIENTED_EDGE('',*,*,#6216,.F.);
#8379=ORIENTED_EDGE('',*,*,#6217,.F.);
#8380=ORIENTED_EDGE('',*,*,#6218,.F.);
#8381=ORIENTED_EDGE('',*,*,#6219,.F.);
#8382=ORIENTED_EDGE('',*,*,#6220,.F.);
#8383=ORIENTED_EDGE('',*,*,#6221,.F.);
#8384=ORIENTED_EDGE('',*,*,#6222,.F.);
#8385=ORIENTED_EDGE('',*,*,#6223,.F.);
#8386=ORIENTED_EDGE('',*,*,#6224,.F.);
#8387=ORIENTED_EDGE('',*,*,#6225,.F.);
#8388=ORIENTED_EDGE('',*,*,#6226,.F.);
#8389=ORIENTED_EDGE('',*,*,#6227,.T.);
#8390=ORIENTED_EDGE('',*,*,#6066,.T.);
#8391=ORIENTED_EDGE('',*,*,#6063,.T.);
#8392=ORIENTED_EDGE('',*,*,#6060,.T.);
#8393=ORIENTED_EDGE('',*,*,#6057,.T.);
#8394=ORIENTED_EDGE('',*,*,#6054,.T.);
#8395=ORIENTED_EDGE('',*,*,#6051,.T.);
#8396=ORIENTED_EDGE('',*,*,#6048,.T.);
#8397=ORIENTED_EDGE('',*,*,#6226,.T.);
#8398=ORIENTED_EDGE('',*,*,#6228,.T.);
#8399=ORIENTED_EDGE('',*,*,#6069,.F.);
#8400=ORIENTED_EDGE('',*,*,#6229,.F.);
#8401=ORIENTED_EDGE('',*,*,#6225,.T.);
#8402=ORIENTED_EDGE('',*,*,#6230,.T.);
#8403=ORIENTED_EDGE('',*,*,#6070,.F.);
#8404=ORIENTED_EDGE('',*,*,#6228,.F.);
#8405=ORIENTED_EDGE('',*,*,#6224,.T.);
#8406=ORIENTED_EDGE('',*,*,#6231,.T.);
#8407=ORIENTED_EDGE('',*,*,#6071,.F.);
#8408=ORIENTED_EDGE('',*,*,#6230,.F.);
#8409=ORIENTED_EDGE('',*,*,#6223,.T.);
#8410=ORIENTED_EDGE('',*,*,#6232,.T.);
#8411=ORIENTED_EDGE('',*,*,#6072,.F.);
#8412=ORIENTED_EDGE('',*,*,#6231,.F.);
#8413=ORIENTED_EDGE('',*,*,#6222,.T.);
#8414=ORIENTED_EDGE('',*,*,#6233,.T.);
#8415=ORIENTED_EDGE('',*,*,#6073,.F.);
#8416=ORIENTED_EDGE('',*,*,#6232,.F.);
#8417=ORIENTED_EDGE('',*,*,#6221,.T.);
#8418=ORIENTED_EDGE('',*,*,#6234,.T.);
#8419=ORIENTED_EDGE('',*,*,#6074,.F.);
#8420=ORIENTED_EDGE('',*,*,#6233,.F.);
#8421=ORIENTED_EDGE('',*,*,#6220,.T.);
#8422=ORIENTED_EDGE('',*,*,#6235,.T.);
#8423=ORIENTED_EDGE('',*,*,#6075,.F.);
#8424=ORIENTED_EDGE('',*,*,#6234,.F.);
#8425=ORIENTED_EDGE('',*,*,#6219,.T.);
#8426=ORIENTED_EDGE('',*,*,#6236,.T.);
#8427=ORIENTED_EDGE('',*,*,#6076,.F.);
#8428=ORIENTED_EDGE('',*,*,#6235,.F.);
#8429=ORIENTED_EDGE('',*,*,#6218,.T.);
#8430=ORIENTED_EDGE('',*,*,#6237,.T.);
#8431=ORIENTED_EDGE('',*,*,#6077,.F.);
#8432=ORIENTED_EDGE('',*,*,#6236,.F.);
#8433=ORIENTED_EDGE('',*,*,#6217,.T.);
#8434=ORIENTED_EDGE('',*,*,#6238,.T.);
#8435=ORIENTED_EDGE('',*,*,#6078,.F.);
#8436=ORIENTED_EDGE('',*,*,#6237,.F.);
#8437=ORIENTED_EDGE('',*,*,#6216,.T.);
#8438=ORIENTED_EDGE('',*,*,#6239,.T.);
#8439=ORIENTED_EDGE('',*,*,#6079,.F.);
#8440=ORIENTED_EDGE('',*,*,#6238,.F.);
#8441=ORIENTED_EDGE('',*,*,#6215,.T.);
#8442=ORIENTED_EDGE('',*,*,#6240,.T.);
#8443=ORIENTED_EDGE('',*,*,#6080,.F.);
#8444=ORIENTED_EDGE('',*,*,#6239,.F.);
#8445=ORIENTED_EDGE('',*,*,#6214,.T.);
#8446=ORIENTED_EDGE('',*,*,#6241,.T.);
#8447=ORIENTED_EDGE('',*,*,#6081,.F.);
#8448=ORIENTED_EDGE('',*,*,#6240,.F.);
#8449=ORIENTED_EDGE('',*,*,#6213,.T.);
#8450=ORIENTED_EDGE('',*,*,#6242,.T.);
#8451=ORIENTED_EDGE('',*,*,#6082,.F.);
#8452=ORIENTED_EDGE('',*,*,#6241,.F.);
#8453=ORIENTED_EDGE('',*,*,#6212,.T.);
#8454=ORIENTED_EDGE('',*,*,#6243,.T.);
#8455=ORIENTED_EDGE('',*,*,#6083,.F.);
#8456=ORIENTED_EDGE('',*,*,#6242,.F.);
#8457=ORIENTED_EDGE('',*,*,#6211,.T.);
#8458=ORIENTED_EDGE('',*,*,#6244,.T.);
#8459=ORIENTED_EDGE('',*,*,#6084,.F.);
#8460=ORIENTED_EDGE('',*,*,#6243,.F.);
#8461=ORIENTED_EDGE('',*,*,#6210,.T.);
#8462=ORIENTED_EDGE('',*,*,#6245,.T.);
#8463=ORIENTED_EDGE('',*,*,#6085,.F.);
#8464=ORIENTED_EDGE('',*,*,#6244,.F.);
#8465=ORIENTED_EDGE('',*,*,#6209,.T.);
#8466=ORIENTED_EDGE('',*,*,#6246,.T.);
#8467=ORIENTED_EDGE('',*,*,#6086,.F.);
#8468=ORIENTED_EDGE('',*,*,#6245,.F.);
#8469=ORIENTED_EDGE('',*,*,#6208,.T.);
#8470=ORIENTED_EDGE('',*,*,#6247,.T.);
#8471=ORIENTED_EDGE('',*,*,#6087,.F.);
#8472=ORIENTED_EDGE('',*,*,#6246,.F.);
#8473=ORIENTED_EDGE('',*,*,#6207,.T.);
#8474=ORIENTED_EDGE('',*,*,#6248,.T.);
#8475=ORIENTED_EDGE('',*,*,#6088,.F.);
#8476=ORIENTED_EDGE('',*,*,#6247,.F.);
#8477=ORIENTED_EDGE('',*,*,#6206,.T.);
#8478=ORIENTED_EDGE('',*,*,#6249,.T.);
#8479=ORIENTED_EDGE('',*,*,#6089,.F.);
#8480=ORIENTED_EDGE('',*,*,#6248,.F.);
#8481=ORIENTED_EDGE('',*,*,#6205,.T.);
#8482=ORIENTED_EDGE('',*,*,#6250,.T.);
#8483=ORIENTED_EDGE('',*,*,#6090,.F.);
#8484=ORIENTED_EDGE('',*,*,#6249,.F.);
#8485=ORIENTED_EDGE('',*,*,#6204,.T.);
#8486=ORIENTED_EDGE('',*,*,#6251,.T.);
#8487=ORIENTED_EDGE('',*,*,#6091,.F.);
#8488=ORIENTED_EDGE('',*,*,#6250,.F.);
#8489=ORIENTED_EDGE('',*,*,#6203,.T.);
#8490=ORIENTED_EDGE('',*,*,#6252,.T.);
#8491=ORIENTED_EDGE('',*,*,#6092,.F.);
#8492=ORIENTED_EDGE('',*,*,#6251,.F.);
#8493=ORIENTED_EDGE('',*,*,#6202,.T.);
#8494=ORIENTED_EDGE('',*,*,#6253,.T.);
#8495=ORIENTED_EDGE('',*,*,#6093,.F.);
#8496=ORIENTED_EDGE('',*,*,#6252,.F.);
#8497=ORIENTED_EDGE('',*,*,#6201,.T.);
#8498=ORIENTED_EDGE('',*,*,#6254,.T.);
#8499=ORIENTED_EDGE('',*,*,#6094,.F.);
#8500=ORIENTED_EDGE('',*,*,#6253,.F.);
#8501=ORIENTED_EDGE('',*,*,#6200,.T.);
#8502=ORIENTED_EDGE('',*,*,#6255,.T.);
#8503=ORIENTED_EDGE('',*,*,#6095,.F.);
#8504=ORIENTED_EDGE('',*,*,#6254,.F.);
#8505=ORIENTED_EDGE('',*,*,#6199,.T.);
#8506=ORIENTED_EDGE('',*,*,#6256,.T.);
#8507=ORIENTED_EDGE('',*,*,#6096,.F.);
#8508=ORIENTED_EDGE('',*,*,#6255,.F.);
#8509=ORIENTED_EDGE('',*,*,#6257,.T.);
#8510=ORIENTED_EDGE('',*,*,#6097,.F.);
#8511=ORIENTED_EDGE('',*,*,#6256,.F.);
#8512=ORIENTED_EDGE('',*,*,#6198,.T.);
#8513=ORIENTED_EDGE('',*,*,#6197,.T.);
#8514=ORIENTED_EDGE('',*,*,#6258,.T.);
#8515=ORIENTED_EDGE('',*,*,#6098,.F.);
#8516=ORIENTED_EDGE('',*,*,#6257,.F.);
#8517=ORIENTED_EDGE('',*,*,#6196,.T.);
#8518=ORIENTED_EDGE('',*,*,#6259,.T.);
#8519=ORIENTED_EDGE('',*,*,#6099,.F.);
#8520=ORIENTED_EDGE('',*,*,#6258,.F.);
#8521=ORIENTED_EDGE('',*,*,#6195,.T.);
#8522=ORIENTED_EDGE('',*,*,#6260,.T.);
#8523=ORIENTED_EDGE('',*,*,#6100,.F.);
#8524=ORIENTED_EDGE('',*,*,#6259,.F.);
#8525=ORIENTED_EDGE('',*,*,#6194,.T.);
#8526=ORIENTED_EDGE('',*,*,#6261,.T.);
#8527=ORIENTED_EDGE('',*,*,#6101,.F.);
#8528=ORIENTED_EDGE('',*,*,#6260,.F.);
#8529=ORIENTED_EDGE('',*,*,#6193,.T.);
#8530=ORIENTED_EDGE('',*,*,#6262,.T.);
#8531=ORIENTED_EDGE('',*,*,#6102,.F.);
#8532=ORIENTED_EDGE('',*,*,#6261,.F.);
#8533=ORIENTED_EDGE('',*,*,#6192,.T.);
#8534=ORIENTED_EDGE('',*,*,#6263,.T.);
#8535=ORIENTED_EDGE('',*,*,#6103,.F.);
#8536=ORIENTED_EDGE('',*,*,#6262,.F.);
#8537=ORIENTED_EDGE('',*,*,#6191,.T.);
#8538=ORIENTED_EDGE('',*,*,#6264,.T.);
#8539=ORIENTED_EDGE('',*,*,#6104,.F.);
#8540=ORIENTED_EDGE('',*,*,#6263,.F.);
#8541=ORIENTED_EDGE('',*,*,#6190,.T.);
#8542=ORIENTED_EDGE('',*,*,#6265,.T.);
#8543=ORIENTED_EDGE('',*,*,#6105,.F.);
#8544=ORIENTED_EDGE('',*,*,#6264,.F.);
#8545=ORIENTED_EDGE('',*,*,#6189,.T.);
#8546=ORIENTED_EDGE('',*,*,#6266,.T.);
#8547=ORIENTED_EDGE('',*,*,#6106,.F.);
#8548=ORIENTED_EDGE('',*,*,#6265,.F.);
#8549=ORIENTED_EDGE('',*,*,#6188,.T.);
#8550=ORIENTED_EDGE('',*,*,#6267,.T.);
#8551=ORIENTED_EDGE('',*,*,#6107,.F.);
#8552=ORIENTED_EDGE('',*,*,#6266,.F.);
#8553=ORIENTED_EDGE('',*,*,#6187,.T.);
#8554=ORIENTED_EDGE('',*,*,#6268,.T.);
#8555=ORIENTED_EDGE('',*,*,#6108,.F.);
#8556=ORIENTED_EDGE('',*,*,#6267,.F.);
#8557=ORIENTED_EDGE('',*,*,#6186,.T.);
#8558=ORIENTED_EDGE('',*,*,#6269,.T.);
#8559=ORIENTED_EDGE('',*,*,#6109,.F.);
#8560=ORIENTED_EDGE('',*,*,#6268,.F.);
#8561=ORIENTED_EDGE('',*,*,#6185,.T.);
#8562=ORIENTED_EDGE('',*,*,#6270,.T.);
#8563=ORIENTED_EDGE('',*,*,#6110,.F.);
#8564=ORIENTED_EDGE('',*,*,#6269,.F.);
#8565=ORIENTED_EDGE('',*,*,#6271,.T.);
#8566=ORIENTED_EDGE('',*,*,#6111,.F.);
#8567=ORIENTED_EDGE('',*,*,#6270,.F.);
#8568=ORIENTED_EDGE('',*,*,#6184,.T.);
#8569=ORIENTED_EDGE('',*,*,#6183,.T.);
#8570=ORIENTED_EDGE('',*,*,#6272,.T.);
#8571=ORIENTED_EDGE('',*,*,#6112,.F.);
#8572=ORIENTED_EDGE('',*,*,#6271,.F.);
#8573=ORIENTED_EDGE('',*,*,#6182,.T.);
#8574=ORIENTED_EDGE('',*,*,#6273,.T.);
#8575=ORIENTED_EDGE('',*,*,#6113,.F.);
#8576=ORIENTED_EDGE('',*,*,#6272,.F.);
#8577=ORIENTED_EDGE('',*,*,#6181,.T.);
#8578=ORIENTED_EDGE('',*,*,#6274,.T.);
#8579=ORIENTED_EDGE('',*,*,#6114,.F.);
#8580=ORIENTED_EDGE('',*,*,#6273,.F.);
#8581=ORIENTED_EDGE('',*,*,#6275,.T.);
#8582=ORIENTED_EDGE('',*,*,#6115,.F.);
#8583=ORIENTED_EDGE('',*,*,#6274,.F.);
#8584=ORIENTED_EDGE('',*,*,#6180,.T.);
#8585=ORIENTED_EDGE('',*,*,#6179,.T.);
#8586=ORIENTED_EDGE('',*,*,#6276,.T.);
#8587=ORIENTED_EDGE('',*,*,#6116,.F.);
#8588=ORIENTED_EDGE('',*,*,#6275,.F.);
#8589=ORIENTED_EDGE('',*,*,#6178,.T.);
#8590=ORIENTED_EDGE('',*,*,#6277,.T.);
#8591=ORIENTED_EDGE('',*,*,#6117,.F.);
#8592=ORIENTED_EDGE('',*,*,#6276,.F.);
#8593=ORIENTED_EDGE('',*,*,#6177,.T.);
#8594=ORIENTED_EDGE('',*,*,#6278,.T.);
#8595=ORIENTED_EDGE('',*,*,#6118,.F.);
#8596=ORIENTED_EDGE('',*,*,#6277,.F.);
#8597=ORIENTED_EDGE('',*,*,#6279,.T.);
#8598=ORIENTED_EDGE('',*,*,#6119,.F.);
#8599=ORIENTED_EDGE('',*,*,#6278,.F.);
#8600=ORIENTED_EDGE('',*,*,#6176,.T.);
#8601=ORIENTED_EDGE('',*,*,#6175,.T.);
#8602=ORIENTED_EDGE('',*,*,#6280,.T.);
#8603=ORIENTED_EDGE('',*,*,#6120,.F.);
#8604=ORIENTED_EDGE('',*,*,#6279,.F.);
#8605=ORIENTED_EDGE('',*,*,#6174,.T.);
#8606=ORIENTED_EDGE('',*,*,#6281,.T.);
#8607=ORIENTED_EDGE('',*,*,#6121,.F.);
#8608=ORIENTED_EDGE('',*,*,#6280,.F.);
#8609=ORIENTED_EDGE('',*,*,#6173,.T.);
#8610=ORIENTED_EDGE('',*,*,#6282,.T.);
#8611=ORIENTED_EDGE('',*,*,#6122,.F.);
#8612=ORIENTED_EDGE('',*,*,#6281,.F.);
#8613=ORIENTED_EDGE('',*,*,#6283,.T.);
#8614=ORIENTED_EDGE('',*,*,#6123,.F.);
#8615=ORIENTED_EDGE('',*,*,#6282,.F.);
#8616=ORIENTED_EDGE('',*,*,#6172,.T.);
#8617=ORIENTED_EDGE('',*,*,#6171,.T.);
#8618=ORIENTED_EDGE('',*,*,#6284,.T.);
#8619=ORIENTED_EDGE('',*,*,#6124,.F.);
#8620=ORIENTED_EDGE('',*,*,#6283,.F.);
#8621=ORIENTED_EDGE('',*,*,#6170,.T.);
#8622=ORIENTED_EDGE('',*,*,#6285,.T.);
#8623=ORIENTED_EDGE('',*,*,#6125,.F.);
#8624=ORIENTED_EDGE('',*,*,#6284,.F.);
#8625=ORIENTED_EDGE('',*,*,#6169,.T.);
#8626=ORIENTED_EDGE('',*,*,#6286,.T.);
#8627=ORIENTED_EDGE('',*,*,#6126,.F.);
#8628=ORIENTED_EDGE('',*,*,#6285,.F.);
#8629=ORIENTED_EDGE('',*,*,#6287,.T.);
#8630=ORIENTED_EDGE('',*,*,#6127,.F.);
#8631=ORIENTED_EDGE('',*,*,#6286,.F.);
#8632=ORIENTED_EDGE('',*,*,#6168,.T.);
#8633=ORIENTED_EDGE('',*,*,#6167,.T.);
#8634=ORIENTED_EDGE('',*,*,#6288,.T.);
#8635=ORIENTED_EDGE('',*,*,#6128,.F.);
#8636=ORIENTED_EDGE('',*,*,#6287,.F.);
#8637=ORIENTED_EDGE('',*,*,#6166,.T.);
#8638=ORIENTED_EDGE('',*,*,#6289,.T.);
#8639=ORIENTED_EDGE('',*,*,#6129,.F.);
#8640=ORIENTED_EDGE('',*,*,#6288,.F.);
#8641=ORIENTED_EDGE('',*,*,#6165,.T.);
#8642=ORIENTED_EDGE('',*,*,#6290,.T.);
#8643=ORIENTED_EDGE('',*,*,#6130,.F.);
#8644=ORIENTED_EDGE('',*,*,#6289,.F.);
#8645=ORIENTED_EDGE('',*,*,#6291,.T.);
#8646=ORIENTED_EDGE('',*,*,#6131,.F.);
#8647=ORIENTED_EDGE('',*,*,#6290,.F.);
#8648=ORIENTED_EDGE('',*,*,#6164,.T.);
#8649=ORIENTED_EDGE('',*,*,#6163,.T.);
#8650=ORIENTED_EDGE('',*,*,#6292,.T.);
#8651=ORIENTED_EDGE('',*,*,#6132,.F.);
#8652=ORIENTED_EDGE('',*,*,#6291,.F.);
#8653=ORIENTED_EDGE('',*,*,#6162,.T.);
#8654=ORIENTED_EDGE('',*,*,#6293,.T.);
#8655=ORIENTED_EDGE('',*,*,#6133,.F.);
#8656=ORIENTED_EDGE('',*,*,#6292,.F.);
#8657=ORIENTED_EDGE('',*,*,#6161,.T.);
#8658=ORIENTED_EDGE('',*,*,#6294,.T.);
#8659=ORIENTED_EDGE('',*,*,#6134,.F.);
#8660=ORIENTED_EDGE('',*,*,#6293,.F.);
#8661=ORIENTED_EDGE('',*,*,#6160,.T.);
#8662=ORIENTED_EDGE('',*,*,#6295,.T.);
#8663=ORIENTED_EDGE('',*,*,#6135,.F.);
#8664=ORIENTED_EDGE('',*,*,#6294,.F.);
#8665=ORIENTED_EDGE('',*,*,#6159,.T.);
#8666=ORIENTED_EDGE('',*,*,#6229,.T.);
#8667=ORIENTED_EDGE('',*,*,#6136,.F.);
#8668=ORIENTED_EDGE('',*,*,#6295,.F.);
#8669=ORIENTED_EDGE('',*,*,#6296,.F.);
#8670=ORIENTED_EDGE('',*,*,#6297,.T.);
#8671=ORIENTED_EDGE('',*,*,#6144,.T.);
#8672=ORIENTED_EDGE('',*,*,#6297,.F.);
#8673=ORIENTED_EDGE('',*,*,#6227,.F.);
#8674=ORIENTED_EDGE('',*,*,#6298,.T.);
#8675=ORIENTED_EDGE('',*,*,#6299,.T.);
#8676=ORIENTED_EDGE('',*,*,#6298,.F.);
#8677=ORIENTED_EDGE('',*,*,#6296,.T.);
#8678=ORIENTED_EDGE('',*,*,#6299,.F.);
#8679=ORIENTED_EDGE('',*,*,#6300,.T.);
#8680=ORIENTED_EDGE('',*,*,#6301,.F.);
#8681=ORIENTED_EDGE('',*,*,#6301,.T.);
#8682=ORIENTED_EDGE('',*,*,#6300,.F.);
#8683=ORIENTED_EDGE('',*,*,#6302,.T.);
#8684=ORIENTED_EDGE('',*,*,#6303,.T.);
#8685=ORIENTED_EDGE('',*,*,#6302,.F.);
#8686=ORIENTED_EDGE('',*,*,#6304,.T.);
#8687=ORIENTED_EDGE('',*,*,#6303,.F.);
#8688=ORIENTED_EDGE('',*,*,#6304,.F.);
#8689=ORIENTED_EDGE('',*,*,#6305,.T.);
#8690=ORIENTED_EDGE('',*,*,#6306,.T.);
#8691=ORIENTED_EDGE('',*,*,#6305,.F.);
#8692=ORIENTED_EDGE('',*,*,#6306,.F.);
#8693=ORIENTED_EDGE('',*,*,#6307,.T.);
#8694=ORIENTED_EDGE('',*,*,#6307,.F.);
#8695=ORIENTED_EDGE('',*,*,#6308,.T.);
#8696=ORIENTED_EDGE('',*,*,#6309,.T.);
#8697=ORIENTED_EDGE('',*,*,#6308,.F.);
#8698=ORIENTED_EDGE('',*,*,#6309,.F.);
#8699=ORIENTED_EDGE('',*,*,#6310,.T.);
#8700=ORIENTED_EDGE('',*,*,#6311,.T.);
#8701=ORIENTED_EDGE('',*,*,#6310,.F.);
#8702=ORIENTED_EDGE('',*,*,#6311,.F.);
#8703=ORIENTED_EDGE('',*,*,#6312,.T.);
#8704=ORIENTED_EDGE('',*,*,#6313,.T.);
#8705=ORIENTED_EDGE('',*,*,#6312,.F.);
#8706=ORIENTED_EDGE('',*,*,#6313,.F.);
#8707=ORIENTED_EDGE('',*,*,#6314,.T.);
#8708=ORIENTED_EDGE('',*,*,#6314,.F.);
#8709=ORIENTED_EDGE('',*,*,#6315,.T.);
#8710=ORIENTED_EDGE('',*,*,#6316,.F.);
#8711=ORIENTED_EDGE('',*,*,#6316,.T.);
#8712=ORIENTED_EDGE('',*,*,#6315,.F.);
#8713=ORIENTED_EDGE('',*,*,#6317,.T.);
#8714=ORIENTED_EDGE('',*,*,#6318,.T.);
#8715=ORIENTED_EDGE('',*,*,#6317,.F.);
#8716=ORIENTED_EDGE('',*,*,#6319,.T.);
#8717=ORIENTED_EDGE('',*,*,#6318,.F.);
#8718=ORIENTED_EDGE('',*,*,#6319,.F.);
#8719=ORIENTED_EDGE('',*,*,#6320,.T.);
#8720=ORIENTED_EDGE('',*,*,#6321,.T.);
#8721=ORIENTED_EDGE('',*,*,#6320,.F.);
#8722=ORIENTED_EDGE('',*,*,#6321,.F.);
#8723=ORIENTED_EDGE('',*,*,#6322,.T.);
#8724=ORIENTED_EDGE('',*,*,#6322,.F.);
#8725=ORIENTED_EDGE('',*,*,#6323,.T.);
#8726=ORIENTED_EDGE('',*,*,#6324,.T.);
#8727=ORIENTED_EDGE('',*,*,#6323,.F.);
#8728=ORIENTED_EDGE('',*,*,#6324,.F.);
#8729=ORIENTED_EDGE('',*,*,#6325,.T.);
#8730=ORIENTED_EDGE('',*,*,#6326,.T.);
#8731=ORIENTED_EDGE('',*,*,#6325,.F.);
#8732=ORIENTED_EDGE('',*,*,#6326,.F.);
#8733=ORIENTED_EDGE('',*,*,#6327,.T.);
#8734=ORIENTED_EDGE('',*,*,#6328,.T.);
#8735=ORIENTED_EDGE('',*,*,#6327,.F.);
#8736=ORIENTED_EDGE('',*,*,#6328,.F.);
#8737=ORIENTED_EDGE('',*,*,#6329,.T.);
#8738=ORIENTED_EDGE('',*,*,#6329,.F.);
#8739=ORIENTED_EDGE('',*,*,#6330,.T.);
#8740=ORIENTED_EDGE('',*,*,#6331,.F.);
#8741=ORIENTED_EDGE('',*,*,#6331,.T.);
#8742=ORIENTED_EDGE('',*,*,#6330,.F.);
#8743=ORIENTED_EDGE('',*,*,#6332,.T.);
#8744=ORIENTED_EDGE('',*,*,#6333,.T.);
#8745=ORIENTED_EDGE('',*,*,#6332,.F.);
#8746=ORIENTED_EDGE('',*,*,#6334,.T.);
#8747=ORIENTED_EDGE('',*,*,#6333,.F.);
#8748=ORIENTED_EDGE('',*,*,#6334,.F.);
#8749=ORIENTED_EDGE('',*,*,#6335,.T.);
#8750=ORIENTED_EDGE('',*,*,#6336,.T.);
#8751=ORIENTED_EDGE('',*,*,#6335,.F.);
#8752=ORIENTED_EDGE('',*,*,#6336,.F.);
#8753=ORIENTED_EDGE('',*,*,#6337,.T.);
#8754=ORIENTED_EDGE('',*,*,#6337,.F.);
#8755=ORIENTED_EDGE('',*,*,#6338,.T.);
#8756=ORIENTED_EDGE('',*,*,#6339,.T.);
#8757=ORIENTED_EDGE('',*,*,#6338,.F.);
#8758=ORIENTED_EDGE('',*,*,#6339,.F.);
#8759=ORIENTED_EDGE('',*,*,#6340,.T.);
#8760=ORIENTED_EDGE('',*,*,#6341,.T.);
#8761=ORIENTED_EDGE('',*,*,#6340,.F.);
#8762=ORIENTED_EDGE('',*,*,#6341,.F.);
#8763=ORIENTED_EDGE('',*,*,#6342,.T.);
#8764=ORIENTED_EDGE('',*,*,#6343,.T.);
#8765=ORIENTED_EDGE('',*,*,#6342,.F.);
#8766=ORIENTED_EDGE('',*,*,#6343,.F.);
#8767=ORIENTED_EDGE('',*,*,#6344,.T.);
#8768=ORIENTED_EDGE('',*,*,#6344,.F.);
#8769=ORIENTED_EDGE('',*,*,#6345,.F.);
#8770=ORIENTED_EDGE('',*,*,#6346,.F.);
#8771=ORIENTED_EDGE('',*,*,#6347,.F.);
#8772=ORIENTED_EDGE('',*,*,#6348,.T.);
#8773=ORIENTED_EDGE('',*,*,#6349,.F.);
#8774=ORIENTED_EDGE('',*,*,#6348,.F.);
#8775=ORIENTED_EDGE('',*,*,#6350,.F.);
#8776=ORIENTED_EDGE('',*,*,#6351,.T.);
#8777=ORIENTED_EDGE('',*,*,#6352,.F.);
#8778=ORIENTED_EDGE('',*,*,#6351,.F.);
#8779=ORIENTED_EDGE('',*,*,#6353,.F.);
#8780=ORIENTED_EDGE('',*,*,#6354,.T.);
#8781=ORIENTED_EDGE('',*,*,#6355,.F.);
#8782=ORIENTED_EDGE('',*,*,#6354,.F.);
#8783=ORIENTED_EDGE('',*,*,#6356,.F.);
#8784=ORIENTED_EDGE('',*,*,#6346,.T.);
#8785=ORIENTED_EDGE('',*,*,#6357,.F.);
#8786=ORIENTED_EDGE('',*,*,#6358,.T.);
#8787=ORIENTED_EDGE('',*,*,#6359,.F.);
#8788=ORIENTED_EDGE('',*,*,#6360,.F.);
#8789=ORIENTED_EDGE('',*,*,#6361,.F.);
#8790=ORIENTED_EDGE('',*,*,#6362,.T.);
#8791=ORIENTED_EDGE('',*,*,#6363,.F.);
#8792=ORIENTED_EDGE('',*,*,#6358,.F.);
#8793=ORIENTED_EDGE('',*,*,#6364,.F.);
#8794=ORIENTED_EDGE('',*,*,#6365,.T.);
#8795=ORIENTED_EDGE('',*,*,#6366,.F.);
#8796=ORIENTED_EDGE('',*,*,#6362,.F.);
#8797=ORIENTED_EDGE('',*,*,#6367,.F.);
#8798=ORIENTED_EDGE('',*,*,#6360,.T.);
#8799=ORIENTED_EDGE('',*,*,#6368,.F.);
#8800=ORIENTED_EDGE('',*,*,#6365,.F.);
#8801=ORIENTED_EDGE('',*,*,#6369,.F.);
#8802=ORIENTED_EDGE('',*,*,#6370,.T.);
#8803=ORIENTED_EDGE('',*,*,#6371,.F.);
#8804=ORIENTED_EDGE('',*,*,#6372,.F.);
#8805=ORIENTED_EDGE('',*,*,#6373,.F.);
#8806=ORIENTED_EDGE('',*,*,#6374,.T.);
#8807=ORIENTED_EDGE('',*,*,#6375,.F.);
#8808=ORIENTED_EDGE('',*,*,#6370,.F.);
#8809=ORIENTED_EDGE('',*,*,#6376,.F.);
#8810=ORIENTED_EDGE('',*,*,#6377,.T.);
#8811=ORIENTED_EDGE('',*,*,#6378,.F.);
#8812=ORIENTED_EDGE('',*,*,#6374,.F.);
#8813=ORIENTED_EDGE('',*,*,#6379,.F.);
#8814=ORIENTED_EDGE('',*,*,#6372,.T.);
#8815=ORIENTED_EDGE('',*,*,#6380,.F.);
#8816=ORIENTED_EDGE('',*,*,#6377,.F.);
#8817=ORIENTED_EDGE('',*,*,#6381,.F.);
#8818=ORIENTED_EDGE('',*,*,#6382,.T.);
#8819=ORIENTED_EDGE('',*,*,#6383,.T.);
#8820=ORIENTED_EDGE('',*,*,#6382,.F.);
#8821=ORIENTED_EDGE('',*,*,#6383,.F.);
#8822=ORIENTED_EDGE('',*,*,#6384,.F.);
#8823=ORIENTED_EDGE('',*,*,#6385,.T.);
#8824=ORIENTED_EDGE('',*,*,#6386,.T.);
#8825=ORIENTED_EDGE('',*,*,#6385,.F.);
#8826=ORIENTED_EDGE('',*,*,#6386,.F.);
#8827=ORIENTED_EDGE('',*,*,#6387,.F.);
#8828=ORIENTED_EDGE('',*,*,#6388,.T.);
#8829=ORIENTED_EDGE('',*,*,#6389,.T.);
#8830=ORIENTED_EDGE('',*,*,#6388,.F.);
#8831=ORIENTED_EDGE('',*,*,#6389,.F.);
#8832=ORIENTED_EDGE('',*,*,#6390,.F.);
#8833=ORIENTED_EDGE('',*,*,#6391,.T.);
#8834=ORIENTED_EDGE('',*,*,#6392,.T.);
#8835=ORIENTED_EDGE('',*,*,#6391,.F.);
#8836=ORIENTED_EDGE('',*,*,#6392,.F.);
#8837=ORIENTED_EDGE('',*,*,#6393,.F.);
#8838=ORIENTED_EDGE('',*,*,#6394,.T.);
#8839=ORIENTED_EDGE('',*,*,#6395,.T.);
#8840=ORIENTED_EDGE('',*,*,#6394,.F.);
#8841=ORIENTED_EDGE('',*,*,#6396,.T.);
#8842=ORIENTED_EDGE('',*,*,#6397,.F.);
#8843=ORIENTED_EDGE('',*,*,#6398,.F.);
#8844=ORIENTED_EDGE('',*,*,#6399,.F.);
#8845=ORIENTED_EDGE('',*,*,#6400,.T.);
#8846=ORIENTED_EDGE('',*,*,#6399,.T.);
#8847=ORIENTED_EDGE('',*,*,#6401,.F.);
#8848=ORIENTED_EDGE('',*,*,#6402,.F.);
#8849=ORIENTED_EDGE('',*,*,#6403,.T.);
#8850=ORIENTED_EDGE('',*,*,#6402,.T.);
#8851=ORIENTED_EDGE('',*,*,#6404,.F.);
#8852=ORIENTED_EDGE('',*,*,#6405,.F.);
#8853=ORIENTED_EDGE('',*,*,#6406,.F.);
#8854=ORIENTED_EDGE('',*,*,#6404,.T.);
#8855=ORIENTED_EDGE('',*,*,#6401,.T.);
#8856=ORIENTED_EDGE('',*,*,#6398,.T.);
#8857=ORIENTED_EDGE('',*,*,#6393,.T.);
#8858=ORIENTED_EDGE('',*,*,#6407,.F.);
#8859=ORIENTED_EDGE('',*,*,#6396,.F.);
#8860=ORIENTED_EDGE('',*,*,#6400,.F.);
#8861=ORIENTED_EDGE('',*,*,#6403,.F.);
#8862=ORIENTED_EDGE('',*,*,#6395,.F.);
#8863=ORIENTED_EDGE('',*,*,#6408,.F.);
#8864=ORIENTED_EDGE('',*,*,#6409,.T.);
#8865=ORIENTED_EDGE('',*,*,#6410,.T.);
#8866=ORIENTED_EDGE('',*,*,#6409,.F.);
#8867=ORIENTED_EDGE('',*,*,#6411,.F.);
#8868=ORIENTED_EDGE('',*,*,#6412,.F.);
#8869=ORIENTED_EDGE('',*,*,#6413,.F.);
#8870=ORIENTED_EDGE('',*,*,#6414,.F.);
#8871=ORIENTED_EDGE('',*,*,#6415,.F.);
#8872=ORIENTED_EDGE('',*,*,#6414,.T.);
#8873=ORIENTED_EDGE('',*,*,#6416,.F.);
#8874=ORIENTED_EDGE('',*,*,#6417,.F.);
#8875=ORIENTED_EDGE('',*,*,#6416,.T.);
#8876=ORIENTED_EDGE('',*,*,#6413,.T.);
#8877=ORIENTED_EDGE('',*,*,#6418,.F.);
#8878=ORIENTED_EDGE('',*,*,#6419,.F.);
#8879=ORIENTED_EDGE('',*,*,#6408,.T.);
#8880=ORIENTED_EDGE('',*,*,#6415,.T.);
#8881=ORIENTED_EDGE('',*,*,#6420,.F.);
#8882=ORIENTED_EDGE('',*,*,#6421,.F.);
#8883=ORIENTED_EDGE('',*,*,#6411,.T.);
#8884=ORIENTED_EDGE('',*,*,#6410,.F.);
#8885=ORIENTED_EDGE('',*,*,#6418,.T.);
#8886=ORIENTED_EDGE('',*,*,#6412,.T.);
#8887=ORIENTED_EDGE('',*,*,#6421,.T.);
#8888=ORIENTED_EDGE('',*,*,#6422,.F.);
#8889=ORIENTED_EDGE('',*,*,#6423,.F.);
#8890=ORIENTED_EDGE('',*,*,#6424,.T.);
#8891=ORIENTED_EDGE('',*,*,#6425,.T.);
#8892=ORIENTED_EDGE('',*,*,#6426,.T.);
#8893=ORIENTED_EDGE('',*,*,#6427,.T.);
#8894=ORIENTED_EDGE('',*,*,#6428,.T.);
#8895=ORIENTED_EDGE('',*,*,#6429,.F.);
#8896=ORIENTED_EDGE('',*,*,#6430,.F.);
#8897=ORIENTED_EDGE('',*,*,#6359,.T.);
#8898=ORIENTED_EDGE('',*,*,#6363,.T.);
#8899=ORIENTED_EDGE('',*,*,#6366,.T.);
#8900=ORIENTED_EDGE('',*,*,#6368,.T.);
#8901=ORIENTED_EDGE('',*,*,#6431,.F.);
#8902=ORIENTED_EDGE('',*,*,#6432,.T.);
#8903=ORIENTED_EDGE('',*,*,#6433,.T.);
#8904=ORIENTED_EDGE('',*,*,#6432,.F.);
#8905=ORIENTED_EDGE('',*,*,#6434,.F.);
#8906=ORIENTED_EDGE('',*,*,#6435,.F.);
#8907=ORIENTED_EDGE('',*,*,#6436,.F.);
#8908=ORIENTED_EDGE('',*,*,#6437,.F.);
#8909=ORIENTED_EDGE('',*,*,#6438,.F.);
#8910=ORIENTED_EDGE('',*,*,#6437,.T.);
#8911=ORIENTED_EDGE('',*,*,#6439,.F.);
#8912=ORIENTED_EDGE('',*,*,#6440,.F.);
#8913=ORIENTED_EDGE('',*,*,#6441,.F.);
#8914=ORIENTED_EDGE('',*,*,#6440,.T.);
#8915=ORIENTED_EDGE('',*,*,#6442,.F.);
#8916=ORIENTED_EDGE('',*,*,#6443,.F.);
#8917=ORIENTED_EDGE('',*,*,#6442,.T.);
#8918=ORIENTED_EDGE('',*,*,#6439,.T.);
#8919=ORIENTED_EDGE('',*,*,#6436,.T.);
#8920=ORIENTED_EDGE('',*,*,#6444,.F.);
#8921=ORIENTED_EDGE('',*,*,#6431,.T.);
#8922=ORIENTED_EDGE('',*,*,#6441,.T.);
#8923=ORIENTED_EDGE('',*,*,#6445,.F.);
#8924=ORIENTED_EDGE('',*,*,#6434,.T.);
#8925=ORIENTED_EDGE('',*,*,#6438,.T.);
#8926=ORIENTED_EDGE('',*,*,#6433,.F.);
#8927=ORIENTED_EDGE('',*,*,#6446,.F.);
#8928=ORIENTED_EDGE('',*,*,#6447,.T.);
#8929=ORIENTED_EDGE('',*,*,#6448,.T.);
#8930=ORIENTED_EDGE('',*,*,#6447,.F.);
#8931=ORIENTED_EDGE('',*,*,#6449,.T.);
#8932=ORIENTED_EDGE('',*,*,#6450,.F.);
#8933=ORIENTED_EDGE('',*,*,#6451,.F.);
#8934=ORIENTED_EDGE('',*,*,#6452,.F.);
#8935=ORIENTED_EDGE('',*,*,#6453,.T.);
#8936=ORIENTED_EDGE('',*,*,#6452,.T.);
#8937=ORIENTED_EDGE('',*,*,#6454,.F.);
#8938=ORIENTED_EDGE('',*,*,#6426,.F.);
#8939=ORIENTED_EDGE('',*,*,#6455,.F.);
#8940=ORIENTED_EDGE('',*,*,#6427,.F.);
#8941=ORIENTED_EDGE('',*,*,#6454,.T.);
#8942=ORIENTED_EDGE('',*,*,#6451,.T.);
#8943=ORIENTED_EDGE('',*,*,#6446,.T.);
#8944=ORIENTED_EDGE('',*,*,#6456,.F.);
#8945=ORIENTED_EDGE('',*,*,#6449,.F.);
#8946=ORIENTED_EDGE('',*,*,#6453,.F.);
#8947=ORIENTED_EDGE('',*,*,#6425,.F.);
#8948=ORIENTED_EDGE('',*,*,#6448,.F.);
#8949=ORIENTED_EDGE('',*,*,#6455,.T.);
#8950=ORIENTED_EDGE('',*,*,#6450,.T.);
#8951=ORIENTED_EDGE('',*,*,#6456,.T.);
#8952=ORIENTED_EDGE('',*,*,#6424,.F.);
#8953=ORIENTED_EDGE('',*,*,#6457,.F.);
#8954=ORIENTED_EDGE('',*,*,#6458,.T.);
#8955=ORIENTED_EDGE('',*,*,#6459,.T.);
#8956=ORIENTED_EDGE('',*,*,#6460,.T.);
#8957=ORIENTED_EDGE('',*,*,#6461,.F.);
#8958=ORIENTED_EDGE('',*,*,#6428,.F.);
#8959=ORIENTED_EDGE('',*,*,#6352,.T.);
#8960=ORIENTED_EDGE('',*,*,#6355,.T.);
#8961=ORIENTED_EDGE('',*,*,#6345,.T.);
#8962=ORIENTED_EDGE('',*,*,#6349,.T.);
#8963=ORIENTED_EDGE('',*,*,#6443,.T.);
#8964=ORIENTED_EDGE('',*,*,#6444,.T.);
#8965=ORIENTED_EDGE('',*,*,#6435,.T.);
#8966=ORIENTED_EDGE('',*,*,#6445,.T.);
#8967=ORIENTED_EDGE('',*,*,#6462,.T.);
#8968=ORIENTED_EDGE('',*,*,#6463,.T.);
#8969=ORIENTED_EDGE('',*,*,#6464,.F.);
#8970=ORIENTED_EDGE('',*,*,#6465,.T.);
#8971=ORIENTED_EDGE('',*,*,#6466,.T.);
#8972=ORIENTED_EDGE('',*,*,#6467,.F.);
#8973=ORIENTED_EDGE('',*,*,#6468,.F.);
#8974=ORIENTED_EDGE('',*,*,#6460,.F.);
#8975=ORIENTED_EDGE('',*,*,#6371,.T.);
#8976=ORIENTED_EDGE('',*,*,#6375,.T.);
#8977=ORIENTED_EDGE('',*,*,#6378,.T.);
#8978=ORIENTED_EDGE('',*,*,#6380,.T.);
#8979=ORIENTED_EDGE('',*,*,#6469,.T.);
#8980=ORIENTED_EDGE('',*,*,#6470,.T.);
#8981=ORIENTED_EDGE('',*,*,#6457,.T.);
#8982=ORIENTED_EDGE('',*,*,#6423,.T.);
#8983=ORIENTED_EDGE('',*,*,#6471,.T.);
#8984=ORIENTED_EDGE('',*,*,#6472,.T.);
#8985=ORIENTED_EDGE('',*,*,#6473,.T.);
#8986=ORIENTED_EDGE('',*,*,#6474,.T.);
#8987=ORIENTED_EDGE('',*,*,#6475,.T.);
#8988=ORIENTED_EDGE('',*,*,#6464,.T.);
#8989=ORIENTED_EDGE('',*,*,#6419,.T.);
#8990=ORIENTED_EDGE('',*,*,#6430,.T.);
#8991=ORIENTED_EDGE('',*,*,#6476,.F.);
#8992=ORIENTED_EDGE('',*,*,#6467,.T.);
#8993=ORIENTED_EDGE('',*,*,#6477,.T.);
#8994=ORIENTED_EDGE('',*,*,#6478,.T.);
#8995=ORIENTED_EDGE('',*,*,#6471,.F.);
#8996=ORIENTED_EDGE('',*,*,#6422,.T.);
#8997=ORIENTED_EDGE('',*,*,#6420,.T.);
#8998=ORIENTED_EDGE('',*,*,#6417,.T.);
#8999=ORIENTED_EDGE('',*,*,#6405,.T.);
#9000=ORIENTED_EDGE('',*,*,#6406,.T.);
#9001=ORIENTED_EDGE('',*,*,#6397,.T.);
#9002=ORIENTED_EDGE('',*,*,#6407,.T.);
#9003=ORIENTED_EDGE('',*,*,#6473,.F.);
#9004=ORIENTED_EDGE('',*,*,#6479,.F.);
#9005=ORIENTED_EDGE('',*,*,#6480,.T.);
#9006=ORIENTED_EDGE('',*,*,#6481,.T.);
#9007=ORIENTED_EDGE('',*,*,#6472,.F.);
#9008=ORIENTED_EDGE('',*,*,#6478,.F.);
#9009=ORIENTED_EDGE('',*,*,#6482,.F.);
#9010=ORIENTED_EDGE('',*,*,#6479,.T.);
#9011=ORIENTED_EDGE('',*,*,#6475,.F.);
#9012=ORIENTED_EDGE('',*,*,#6483,.F.);
#9013=ORIENTED_EDGE('',*,*,#6484,.F.);
#9014=ORIENTED_EDGE('',*,*,#6465,.F.);
#9015=ORIENTED_EDGE('',*,*,#6474,.F.);
#9016=ORIENTED_EDGE('',*,*,#6481,.F.);
#9017=ORIENTED_EDGE('',*,*,#6485,.T.);
#9018=ORIENTED_EDGE('',*,*,#6483,.T.);
#9019=ORIENTED_EDGE('',*,*,#6482,.T.);
#9020=ORIENTED_EDGE('',*,*,#6477,.F.);
#9021=ORIENTED_EDGE('',*,*,#6466,.F.);
#9022=ORIENTED_EDGE('',*,*,#6484,.T.);
#9023=ORIENTED_EDGE('',*,*,#6485,.F.);
#9024=ORIENTED_EDGE('',*,*,#6480,.F.);
#9025=ORIENTED_EDGE('',*,*,#6470,.F.);
#9026=ORIENTED_EDGE('',*,*,#6486,.F.);
#9027=ORIENTED_EDGE('',*,*,#6487,.T.);
#9028=ORIENTED_EDGE('',*,*,#6458,.F.);
#9029=ORIENTED_EDGE('',*,*,#6469,.F.);
#9030=ORIENTED_EDGE('',*,*,#6463,.F.);
#9031=ORIENTED_EDGE('',*,*,#6488,.T.);
#9032=ORIENTED_EDGE('',*,*,#6486,.T.);
#9033=ORIENTED_EDGE('',*,*,#6487,.F.);
#9034=ORIENTED_EDGE('',*,*,#6488,.F.);
#9035=ORIENTED_EDGE('',*,*,#6462,.F.);
#9036=ORIENTED_EDGE('',*,*,#6459,.F.);
#9037=ORIENTED_EDGE('',*,*,#6489,.T.);
#9038=ORIENTED_EDGE('',*,*,#6490,.T.);
#9039=ORIENTED_EDGE('',*,*,#6491,.T.);
#9040=ORIENTED_EDGE('',*,*,#6492,.T.);
#9041=ORIENTED_EDGE('',*,*,#6461,.T.);
#9042=ORIENTED_EDGE('',*,*,#6468,.T.);
#9043=ORIENTED_EDGE('',*,*,#6476,.T.);
#9044=ORIENTED_EDGE('',*,*,#6429,.T.);
#9045=ORIENTED_EDGE('',*,*,#6390,.T.);
#9046=ORIENTED_EDGE('',*,*,#6387,.T.);
#9047=ORIENTED_EDGE('',*,*,#6384,.T.);
#9048=ORIENTED_EDGE('',*,*,#6381,.T.);
#9049=ORIENTED_EDGE('',*,*,#6493,.T.);
#9050=ORIENTED_EDGE('',*,*,#6494,.F.);
#9051=ORIENTED_EDGE('',*,*,#6495,.F.);
#9052=ORIENTED_EDGE('',*,*,#6490,.F.);
#9053=ORIENTED_EDGE('',*,*,#6369,.T.);
#9054=ORIENTED_EDGE('',*,*,#6379,.T.);
#9055=ORIENTED_EDGE('',*,*,#6376,.T.);
#9056=ORIENTED_EDGE('',*,*,#6373,.T.);
#9057=ORIENTED_EDGE('',*,*,#6496,.T.);
#9058=ORIENTED_EDGE('',*,*,#6497,.F.);
#9059=ORIENTED_EDGE('',*,*,#6493,.F.);
#9060=ORIENTED_EDGE('',*,*,#6489,.F.);
#9061=ORIENTED_EDGE('',*,*,#6495,.T.);
#9062=ORIENTED_EDGE('',*,*,#6498,.F.);
#9063=ORIENTED_EDGE('',*,*,#6499,.F.);
#9064=ORIENTED_EDGE('',*,*,#6491,.F.);
#9065=ORIENTED_EDGE('',*,*,#6353,.T.);
#9066=ORIENTED_EDGE('',*,*,#6350,.T.);
#9067=ORIENTED_EDGE('',*,*,#6347,.T.);
#9068=ORIENTED_EDGE('',*,*,#6356,.T.);
#9069=ORIENTED_EDGE('',*,*,#6499,.T.);
#9070=ORIENTED_EDGE('',*,*,#6500,.F.);
#9071=ORIENTED_EDGE('',*,*,#6496,.F.);
#9072=ORIENTED_EDGE('',*,*,#6492,.F.);
#9073=ORIENTED_EDGE('',*,*,#6357,.T.);
#9074=ORIENTED_EDGE('',*,*,#6367,.T.);
#9075=ORIENTED_EDGE('',*,*,#6364,.T.);
#9076=ORIENTED_EDGE('',*,*,#6361,.T.);
#9077=ORIENTED_EDGE('',*,*,#6497,.T.);
#9078=ORIENTED_EDGE('',*,*,#6500,.T.);
#9079=ORIENTED_EDGE('',*,*,#6498,.T.);
#9080=ORIENTED_EDGE('',*,*,#6494,.T.);
#9081=ORIENTED_EDGE('',*,*,#6501,.F.);
#9082=ORIENTED_EDGE('',*,*,#6502,.T.);
#9083=ORIENTED_EDGE('',*,*,#6503,.T.);
#9084=ORIENTED_EDGE('',*,*,#6502,.F.);
#9085=ORIENTED_EDGE('',*,*,#6504,.F.);
#9086=ORIENTED_EDGE('',*,*,#6505,.T.);
#9087=ORIENTED_EDGE('',*,*,#6506,.T.);
#9088=ORIENTED_EDGE('',*,*,#6505,.F.);
#9089=ORIENTED_EDGE('',*,*,#6507,.F.);
#9090=ORIENTED_EDGE('',*,*,#6508,.T.);
#9091=ORIENTED_EDGE('',*,*,#6509,.T.);
#9092=ORIENTED_EDGE('',*,*,#6508,.F.);
#9093=ORIENTED_EDGE('',*,*,#6510,.F.);
#9094=ORIENTED_EDGE('',*,*,#6511,.T.);
#9095=ORIENTED_EDGE('',*,*,#6512,.T.);
#9096=ORIENTED_EDGE('',*,*,#6511,.F.);
#9097=ORIENTED_EDGE('',*,*,#6513,.T.);
#9098=ORIENTED_EDGE('',*,*,#6514,.T.);
#9099=ORIENTED_EDGE('',*,*,#6515,.F.);
#9100=ORIENTED_EDGE('',*,*,#6516,.F.);
#9101=ORIENTED_EDGE('',*,*,#6517,.T.);
#9102=ORIENTED_EDGE('',*,*,#6516,.T.);
#9103=ORIENTED_EDGE('',*,*,#6518,.F.);
#9104=ORIENTED_EDGE('',*,*,#6519,.F.);
#9105=ORIENTED_EDGE('',*,*,#6520,.T.);
#9106=ORIENTED_EDGE('',*,*,#6519,.T.);
#9107=ORIENTED_EDGE('',*,*,#6521,.F.);
#9108=ORIENTED_EDGE('',*,*,#6522,.F.);
#9109=ORIENTED_EDGE('',*,*,#6523,.T.);
#9110=ORIENTED_EDGE('',*,*,#6522,.T.);
#9111=ORIENTED_EDGE('',*,*,#6524,.F.);
#9112=ORIENTED_EDGE('',*,*,#6514,.F.);
#9113=ORIENTED_EDGE('',*,*,#6525,.T.);
#9114=ORIENTED_EDGE('',*,*,#6526,.T.);
#9115=ORIENTED_EDGE('',*,*,#6527,.F.);
#9116=ORIENTED_EDGE('',*,*,#6528,.F.);
#9117=ORIENTED_EDGE('',*,*,#6529,.T.);
#9118=ORIENTED_EDGE('',*,*,#6528,.T.);
#9119=ORIENTED_EDGE('',*,*,#6530,.F.);
#9120=ORIENTED_EDGE('',*,*,#6531,.F.);
#9121=ORIENTED_EDGE('',*,*,#6532,.T.);
#9122=ORIENTED_EDGE('',*,*,#6531,.T.);
#9123=ORIENTED_EDGE('',*,*,#6533,.F.);
#9124=ORIENTED_EDGE('',*,*,#6534,.F.);
#9125=ORIENTED_EDGE('',*,*,#6535,.T.);
#9126=ORIENTED_EDGE('',*,*,#6534,.T.);
#9127=ORIENTED_EDGE('',*,*,#6536,.F.);
#9128=ORIENTED_EDGE('',*,*,#6526,.F.);
#9129=ORIENTED_EDGE('',*,*,#6536,.T.);
#9130=ORIENTED_EDGE('',*,*,#6533,.T.);
#9131=ORIENTED_EDGE('',*,*,#6530,.T.);
#9132=ORIENTED_EDGE('',*,*,#6527,.T.);
#9133=ORIENTED_EDGE('',*,*,#6524,.T.);
#9134=ORIENTED_EDGE('',*,*,#6521,.T.);
#9135=ORIENTED_EDGE('',*,*,#6518,.T.);
#9136=ORIENTED_EDGE('',*,*,#6515,.T.);
#9137=ORIENTED_EDGE('',*,*,#6510,.T.);
#9138=ORIENTED_EDGE('',*,*,#6507,.T.);
#9139=ORIENTED_EDGE('',*,*,#6504,.T.);
#9140=ORIENTED_EDGE('',*,*,#6501,.T.);
#9141=ORIENTED_EDGE('',*,*,#6535,.F.);
#9142=ORIENTED_EDGE('',*,*,#6525,.F.);
#9143=ORIENTED_EDGE('',*,*,#6529,.F.);
#9144=ORIENTED_EDGE('',*,*,#6532,.F.);
#9145=ORIENTED_EDGE('',*,*,#6523,.F.);
#9146=ORIENTED_EDGE('',*,*,#6513,.F.);
#9147=ORIENTED_EDGE('',*,*,#6517,.F.);
#9148=ORIENTED_EDGE('',*,*,#6520,.F.);
#9149=ORIENTED_EDGE('',*,*,#6512,.F.);
#9150=ORIENTED_EDGE('',*,*,#6509,.F.);
#9151=ORIENTED_EDGE('',*,*,#6506,.F.);
#9152=ORIENTED_EDGE('',*,*,#6503,.F.);
#9153=ORIENTED_EDGE('',*,*,#6537,.F.);
#9154=ORIENTED_EDGE('',*,*,#6538,.T.);
#9155=ORIENTED_EDGE('',*,*,#6539,.F.);
#9156=ORIENTED_EDGE('',*,*,#6540,.F.);
#9157=ORIENTED_EDGE('',*,*,#6541,.F.);
#9158=ORIENTED_EDGE('',*,*,#6540,.T.);
#9159=ORIENTED_EDGE('',*,*,#6542,.F.);
#9160=ORIENTED_EDGE('',*,*,#6543,.F.);
#9161=ORIENTED_EDGE('',*,*,#6544,.T.);
#9162=ORIENTED_EDGE('',*,*,#6543,.T.);
#9163=ORIENTED_EDGE('',*,*,#6545,.F.);
#9164=ORIENTED_EDGE('',*,*,#6546,.F.);
#9165=ORIENTED_EDGE('',*,*,#6547,.T.);
#9166=ORIENTED_EDGE('',*,*,#6546,.T.);
#9167=ORIENTED_EDGE('',*,*,#6548,.F.);
#9168=ORIENTED_EDGE('',*,*,#6538,.F.);
#9169=ORIENTED_EDGE('',*,*,#6548,.T.);
#9170=ORIENTED_EDGE('',*,*,#6545,.T.);
#9171=ORIENTED_EDGE('',*,*,#6542,.T.);
#9172=ORIENTED_EDGE('',*,*,#6539,.T.);
#9173=ORIENTED_EDGE('',*,*,#6547,.F.);
#9174=ORIENTED_EDGE('',*,*,#6537,.T.);
#9175=ORIENTED_EDGE('',*,*,#6541,.T.);
#9176=ORIENTED_EDGE('',*,*,#6544,.F.);
#9177=ORIENTED_EDGE('',*,*,#6549,.F.);
#9178=ORIENTED_EDGE('',*,*,#6550,.T.);
#9179=ORIENTED_EDGE('',*,*,#6551,.F.);
#9180=ORIENTED_EDGE('',*,*,#6552,.F.);
#9181=ORIENTED_EDGE('',*,*,#6553,.F.);
#9182=ORIENTED_EDGE('',*,*,#6552,.T.);
#9183=ORIENTED_EDGE('',*,*,#6554,.F.);
#9184=ORIENTED_EDGE('',*,*,#6555,.F.);
#9185=ORIENTED_EDGE('',*,*,#6556,.T.);
#9186=ORIENTED_EDGE('',*,*,#6555,.T.);
#9187=ORIENTED_EDGE('',*,*,#6557,.F.);
#9188=ORIENTED_EDGE('',*,*,#6558,.F.);
#9189=ORIENTED_EDGE('',*,*,#6559,.T.);
#9190=ORIENTED_EDGE('',*,*,#6558,.T.);
#9191=ORIENTED_EDGE('',*,*,#6560,.F.);
#9192=ORIENTED_EDGE('',*,*,#6550,.F.);
#9193=ORIENTED_EDGE('',*,*,#6560,.T.);
#9194=ORIENTED_EDGE('',*,*,#6557,.T.);
#9195=ORIENTED_EDGE('',*,*,#6554,.T.);
#9196=ORIENTED_EDGE('',*,*,#6551,.T.);
#9197=ORIENTED_EDGE('',*,*,#6559,.F.);
#9198=ORIENTED_EDGE('',*,*,#6549,.T.);
#9199=ORIENTED_EDGE('',*,*,#6553,.T.);
#9200=ORIENTED_EDGE('',*,*,#6556,.F.);
#9201=CYLINDRICAL_SURFACE('',#10322,6.);
#9202=CYLINDRICAL_SURFACE('',#10336,0.45);
#9203=CYLINDRICAL_SURFACE('',#10338,0.45);
#9204=CYLINDRICAL_SURFACE('',#10340,1.);
#9205=CYLINDRICAL_SURFACE('',#10648,1.6);
#9206=CYLINDRICAL_SURFACE('',#10649,0.85);
#9207=CYLINDRICAL_SURFACE('',#10650,2.);
#9208=CYLINDRICAL_SURFACE('',#10651,0.75);
#9209=CYLINDRICAL_SURFACE('',#10652,0.85);
#9210=CYLINDRICAL_SURFACE('',#10653,0.75);
#9211=CYLINDRICAL_SURFACE('',#10654,0.85);
#9212=CYLINDRICAL_SURFACE('',#10655,2.);
#9213=CYLINDRICAL_SURFACE('',#10656,0.75);
#9214=CYLINDRICAL_SURFACE('',#10657,0.85);
#9215=CYLINDRICAL_SURFACE('',#10658,0.75);
#9216=CYLINDRICAL_SURFACE('',#10659,1.6);
#9217=CYLINDRICAL_SURFACE('',#10660,0.85);
#9218=CYLINDRICAL_SURFACE('',#10661,0.75);
#9219=CYLINDRICAL_SURFACE('',#10662,2.);
#9220=CYLINDRICAL_SURFACE('',#10663,0.85);
#9221=CYLINDRICAL_SURFACE('',#10664,0.75);
#9222=CYLINDRICAL_SURFACE('',#10665,0.85);
#9223=CYLINDRICAL_SURFACE('',#10666,0.75);
#9224=CYLINDRICAL_SURFACE('',#10667,2.);
#9225=CYLINDRICAL_SURFACE('',#10668,0.85);
#9226=CYLINDRICAL_SURFACE('',#10669,0.75);
#9227=CYLINDRICAL_SURFACE('',#10670,0.5);
#9228=CYLINDRICAL_SURFACE('',#10671,0.5);
#9229=CYLINDRICAL_SURFACE('',#10672,0.5);
#9230=CYLINDRICAL_SURFACE('',#10673,0.5);
#9231=CYLINDRICAL_SURFACE('',#10674,0.5);
#9232=CYLINDRICAL_SURFACE('',#10675,0.5);
#9233=CYLINDRICAL_SURFACE('',#10676,0.5);
#9234=CYLINDRICAL_SURFACE('',#10677,0.5);
#9235=CYLINDRICAL_SURFACE('',#10678,1.6);
#9236=CYLINDRICAL_SURFACE('',#10679,0.5);
#9237=CYLINDRICAL_SURFACE('',#10680,0.5);
#9238=CYLINDRICAL_SURFACE('',#10681,1.6);
#9239=CYLINDRICAL_SURFACE('',#10696,1.25);
#9240=CYLINDRICAL_SURFACE('',#10697,1.25);
#9241=CYLINDRICAL_SURFACE('',#10705,0.3);
#9242=CYLINDRICAL_SURFACE('',#10709,0.9);
#9243=CYLINDRICAL_SURFACE('',#10713,0.66);
#9244=CYLINDRICAL_SURFACE('',#10717,0.23);
#9245=CYLINDRICAL_SURFACE('',#10725,0.3);
#9246=CYLINDRICAL_SURFACE('',#10729,0.9);
#9247=CYLINDRICAL_SURFACE('',#10733,0.66);
#9248=CYLINDRICAL_SURFACE('',#10737,0.23);
#9249=CYLINDRICAL_SURFACE('',#10745,0.3);
#9250=CYLINDRICAL_SURFACE('',#10749,0.9);
#9251=CYLINDRICAL_SURFACE('',#10753,0.66);
#9252=CYLINDRICAL_SURFACE('',#10757,0.23);
#9253=CYLINDRICAL_SURFACE('',#10765,0.3);
#9254=CYLINDRICAL_SURFACE('',#10769,0.9);
#9255=CYLINDRICAL_SURFACE('',#10773,0.66);
#9256=CYLINDRICAL_SURFACE('',#10777,0.23);
#9257=CYLINDRICAL_SURFACE('',#10785,0.3);
#9258=CYLINDRICAL_SURFACE('',#10789,0.9);
#9259=CYLINDRICAL_SURFACE('',#10793,0.66);
#9260=CYLINDRICAL_SURFACE('',#10797,0.23);
#9261=CYLINDRICAL_SURFACE('',#10802,0.66);
#9262=CYLINDRICAL_SURFACE('',#10805,0.66);
#9263=CYLINDRICAL_SURFACE('',#10808,0.66);
#9264=CYLINDRICAL_SURFACE('',#10811,0.66);
#9265=CYLINDRICAL_SURFACE('',#10814,0.66);
#9266=CYLINDRICAL_SURFACE('',#10817,0.66);
#9267=CYLINDRICAL_SURFACE('',#10820,0.66);
#9268=CYLINDRICAL_SURFACE('',#10834,0.9);
#9269=CYLINDRICAL_SURFACE('',#10837,0.9);
#9270=CYLINDRICAL_SURFACE('',#10840,0.9);
#9271=CYLINDRICAL_SURFACE('',#10843,0.9);
#9272=CYLINDRICAL_SURFACE('',#10846,0.9);
#9273=CYLINDRICAL_SURFACE('',#10849,0.9);
#9274=CYLINDRICAL_SURFACE('',#10852,0.9);
#9275=CYLINDRICAL_SURFACE('',#10923,0.9);
#9276=CYLINDRICAL_SURFACE('',#10925,0.66);
#9277=CYLINDRICAL_SURFACE('',#10932,0.3);
#9278=CYLINDRICAL_SURFACE('',#10936,0.9);
#9279=CYLINDRICAL_SURFACE('',#10940,0.66);
#9280=CYLINDRICAL_SURFACE('',#10944,0.23);
#9281=CYLINDRICAL_SURFACE('',#10952,0.3);
#9282=CYLINDRICAL_SURFACE('',#10956,0.9);
#9283=CYLINDRICAL_SURFACE('',#10960,0.66);
#9284=CYLINDRICAL_SURFACE('',#10964,0.23);
#9285=CYLINDRICAL_SURFACE('',#10972,0.3);
#9286=CYLINDRICAL_SURFACE('',#10976,0.9);
#9287=CYLINDRICAL_SURFACE('',#10980,0.66);
#9288=CYLINDRICAL_SURFACE('',#10984,0.23);
#9289=CYLINDRICAL_SURFACE('',#11010,2.3);
#9290=CYLINDRICAL_SURFACE('',#11014,2.3);
#9291=CYLINDRICAL_SURFACE('',#11018,2.3);
#9292=CYLINDRICAL_SURFACE('',#11022,2.3);
#9293=CYLINDRICAL_SURFACE('',#11026,2.3);
#9294=CYLINDRICAL_SURFACE('',#11034,2.3);
#9295=CYLINDRICAL_SURFACE('',#11042,2.3);
#9296=CYLINDRICAL_SURFACE('',#11050,2.3);
#9297=CYLINDRICAL_SURFACE('',#11075,1.6);
#9298=CYLINDRICAL_SURFACE('',#11078,1.6);
#9299=CYLINDRICAL_SURFACE('',#11081,1.6);
#9300=CYLINDRICAL_SURFACE('',#11084,1.6);
#9301=STYLED_ITEM('',(#16735),#9621);
#9302=STYLED_ITEM('',(#16735),#9622);
#9303=STYLED_ITEM('',(#16735),#9623);
#9304=STYLED_ITEM('',(#16735),#9624);
#9305=STYLED_ITEM('',(#16735),#9625);
#9306=STYLED_ITEM('',(#16736),#9626);
#9307=STYLED_ITEM('',(#16736),#9627);
#9308=STYLED_ITEM('',(#16735),#9628);
#9309=STYLED_ITEM('',(#16736),#9629);
#9310=STYLED_ITEM('',(#16736),#9630);
#9311=STYLED_ITEM('',(#16737),#9631);
#9312=STYLED_ITEM('',(#16736),#9632);
#9313=STYLED_ITEM('',(#16736),#9633);
#9314=STYLED_ITEM('',(#16734),#127);
#9315=STYLED_ITEM('',(#16735),#9634);
#9316=STYLED_ITEM('',(#16735),#9635);
#9317=STYLED_ITEM('',(#16735),#9636);
#9318=STYLED_ITEM('',(#16735),#9637);
#9319=STYLED_ITEM('',(#16735),#9638);
#9320=STYLED_ITEM('',(#16735),#9639);
#9321=STYLED_ITEM('',(#16735),#9640);
#9322=STYLED_ITEM('',(#16735),#9641);
#9323=STYLED_ITEM('',(#16735),#9642);
#9324=STYLED_ITEM('',(#16735),#9643);
#9325=STYLED_ITEM('',(#16735),#9644);
#9326=STYLED_ITEM('',(#16735),#9645);
#9327=STYLED_ITEM('',(#16735),#9646);
#9328=STYLED_ITEM('',(#16735),#9647);
#9329=STYLED_ITEM('',(#16735),#9648);
#9330=STYLED_ITEM('',(#16735),#9649);
#9331=STYLED_ITEM('',(#16735),#9650);
#9332=STYLED_ITEM('',(#16735),#9651);
#9333=STYLED_ITEM('',(#16735),#9652);
#9334=STYLED_ITEM('',(#16735),#9653);
#9335=STYLED_ITEM('',(#16735),#9654);
#9336=STYLED_ITEM('',(#16735),#9655);
#9337=STYLED_ITEM('',(#16735),#9656);
#9338=STYLED_ITEM('',(#16735),#9657);
#9339=STYLED_ITEM('',(#16735),#9658);
#9340=STYLED_ITEM('',(#16735),#9659);
#9341=STYLED_ITEM('',(#16735),#9660);
#9342=STYLED_ITEM('',(#16735),#9661);
#9343=STYLED_ITEM('',(#16735),#9662);
#9344=STYLED_ITEM('',(#16735),#9663);
#9345=STYLED_ITEM('',(#16735),#9664);
#9346=STYLED_ITEM('',(#16735),#9665);
#9347=STYLED_ITEM('',(#16735),#9666);
#9348=STYLED_ITEM('',(#16735),#9667);
#9349=STYLED_ITEM('',(#16735),#9668);
#9350=STYLED_ITEM('',(#16735),#9669);
#9351=STYLED_ITEM('',(#16735),#9670);
#9352=STYLED_ITEM('',(#16735),#9671);
#9353=STYLED_ITEM('',(#16735),#9672);
#9354=STYLED_ITEM('',(#16735),#9673);
#9355=STYLED_ITEM('',(#16735),#9674);
#9356=STYLED_ITEM('',(#16735),#9675);
#9357=STYLED_ITEM('',(#16738),#9676);
#9358=STYLED_ITEM('',(#16738),#9677);
#9359=STYLED_ITEM('',(#16738),#9678);
#9360=STYLED_ITEM('',(#16738),#9679);
#9361=STYLED_ITEM('',(#16738),#9680);
#9362=STYLED_ITEM('',(#16738),#9681);
#9363=STYLED_ITEM('',(#16738),#9682);
#9364=STYLED_ITEM('',(#16738),#9683);
#9365=STYLED_ITEM('',(#16738),#9684);
#9366=STYLED_ITEM('',(#16738),#9685);
#9367=STYLED_ITEM('',(#16738),#9686);
#9368=STYLED_ITEM('',(#16738),#9687);
#9369=STYLED_ITEM('',(#16738),#9688);
#9370=STYLED_ITEM('',(#16738),#9689);
#9371=STYLED_ITEM('',(#16738),#9690);
#9372=STYLED_ITEM('',(#16738),#9691);
#9373=STYLED_ITEM('',(#16738),#9692);
#9374=STYLED_ITEM('',(#16738),#9693);
#9375=STYLED_ITEM('',(#16738),#9694);
#9376=STYLED_ITEM('',(#16738),#9695);
#9377=STYLED_ITEM('',(#16738),#9696);
#9378=STYLED_ITEM('',(#16738),#9697);
#9379=STYLED_ITEM('',(#16738),#9698);
#9380=STYLED_ITEM('',(#16738),#9699);
#9381=STYLED_ITEM('',(#16738),#9700);
#9382=STYLED_ITEM('',(#16738),#9701);
#9383=STYLED_ITEM('',(#16738),#9702);
#9384=STYLED_ITEM('',(#16738),#9703);
#9385=STYLED_ITEM('',(#16738),#9704);
#9386=STYLED_ITEM('',(#16738),#9705);
#9387=STYLED_ITEM('',(#16738),#9706);
#9388=STYLED_ITEM('',(#16738),#9707);
#9389=STYLED_ITEM('',(#16735),#9708);
#9390=STYLED_ITEM('',(#16735),#9709);
#9391=STYLED_ITEM('',(#16735),#9710);
#9392=STYLED_ITEM('',(#16735),#9711);
#9393=STYLED_ITEM('',(#16735),#9712);
#9394=STYLED_ITEM('',(#16735),#9713);
#9395=STYLED_ITEM('',(#16735),#9714);
#9396=STYLED_ITEM('',(#16735),#9715);
#9397=STYLED_ITEM('',(#16735),#9716);
#9398=STYLED_ITEM('',(#16735),#9717);
#9399=STYLED_ITEM('',(#16735),#9718);
#9400=STYLED_ITEM('',(#16735),#9719);
#9401=STYLED_ITEM('',(#16735),#9720);
#9402=STYLED_ITEM('',(#16735),#9721);
#9403=STYLED_ITEM('',(#16735),#9722);
#9404=STYLED_ITEM('',(#16735),#9723);
#9405=STYLED_ITEM('',(#16735),#9724);
#9406=STYLED_ITEM('',(#16735),#9725);
#9407=STYLED_ITEM('',(#16735),#9726);
#9408=STYLED_ITEM('',(#16735),#9727);
#9409=STYLED_ITEM('',(#16735),#9728);
#9410=STYLED_ITEM('',(#16735),#9729);
#9411=STYLED_ITEM('',(#16735),#9730);
#9412=STYLED_ITEM('',(#16735),#9731);
#9413=STYLED_ITEM('',(#16735),#9732);
#9414=STYLED_ITEM('',(#16735),#9733);
#9415=STYLED_ITEM('',(#16735),#9734);
#9416=STYLED_ITEM('',(#16735),#9735);
#9417=STYLED_ITEM('',(#16735),#9736);
#9418=STYLED_ITEM('',(#16735),#9737);
#9419=STYLED_ITEM('',(#16735),#9738);
#9420=STYLED_ITEM('',(#16735),#9739);
#9421=STYLED_ITEM('',(#16738),#9740);
#9422=STYLED_ITEM('',(#16738),#9741);
#9423=STYLED_ITEM('',(#16738),#9742);
#9424=STYLED_ITEM('',(#16738),#9743);
#9425=STYLED_ITEM('',(#16738),#9744);
#9426=STYLED_ITEM('',(#16738),#9745);
#9427=STYLED_ITEM('',(#16738),#9746);
#9428=STYLED_ITEM('',(#16738),#9747);
#9429=STYLED_ITEM('',(#16738),#9748);
#9430=STYLED_ITEM('',(#16738),#9749);
#9431=STYLED_ITEM('',(#16738),#9750);
#9432=STYLED_ITEM('',(#16738),#9751);
#9433=STYLED_ITEM('',(#16738),#9752);
#9434=STYLED_ITEM('',(#16738),#9753);
#9435=STYLED_ITEM('',(#16738),#9754);
#9436=STYLED_ITEM('',(#16738),#9755);
#9437=STYLED_ITEM('',(#16738),#9756);
#9438=STYLED_ITEM('',(#16738),#9757);
#9439=STYLED_ITEM('',(#16738),#9758);
#9440=STYLED_ITEM('',(#16738),#9759);
#9441=STYLED_ITEM('',(#16738),#9760);
#9442=STYLED_ITEM('',(#16738),#9761);
#9443=STYLED_ITEM('',(#16738),#9762);
#9444=STYLED_ITEM('',(#16738),#9763);
#9445=STYLED_ITEM('',(#16738),#9764);
#9446=STYLED_ITEM('',(#16738),#9765);
#9447=STYLED_ITEM('',(#16738),#9766);
#9448=STYLED_ITEM('',(#16738),#9767);
#9449=STYLED_ITEM('',(#16738),#9768);
#9450=STYLED_ITEM('',(#16738),#9769);
#9451=STYLED_ITEM('',(#16738),#9770);
#9452=STYLED_ITEM('',(#16738),#9771);
#9453=STYLED_ITEM('',(#16738),#9772);
#9454=STYLED_ITEM('',(#16738),#9773);
#9455=STYLED_ITEM('',(#16738),#9774);
#9456=STYLED_ITEM('',(#16738),#9775);
#9457=STYLED_ITEM('',(#16738),#9776);
#9458=STYLED_ITEM('',(#16738),#9777);
#9459=STYLED_ITEM('',(#16738),#9778);
#9460=STYLED_ITEM('',(#16738),#9779);
#9461=STYLED_ITEM('',(#16735),#9780);
#9462=STYLED_ITEM('',(#16735),#9781);
#9463=STYLED_ITEM('',(#16738),#9782);
#9464=STYLED_ITEM('',(#16738),#9783);
#9465=STYLED_ITEM('',(#16738),#9784);
#9466=STYLED_ITEM('',(#16738),#9785);
#9467=STYLED_ITEM('',(#16735),#9786);
#9468=STYLED_ITEM('',(#16735),#9787);
#9469=STYLED_ITEM('',(#16738),#9788);
#9470=STYLED_ITEM('',(#16738),#9789);
#9471=STYLED_ITEM('',(#16738),#9790);
#9472=STYLED_ITEM('',(#16738),#9791);
#9473=STYLED_ITEM('',(#16735),#9792);
#9474=STYLED_ITEM('',(#16735),#9793);
#9475=STYLED_ITEM('',(#16738),#9794);
#9476=STYLED_ITEM('',(#16738),#9795);
#9477=STYLED_ITEM('',(#16738),#9796);
#9478=STYLED_ITEM('',(#16738),#9797);
#9479=STYLED_ITEM('',(#16735),#9798);
#9480=STYLED_ITEM('',(#16735),#9799);
#9481=STYLED_ITEM('',(#16738),#9800);
#9482=STYLED_ITEM('',(#16738),#9801);
#9483=STYLED_ITEM('',(#16738),#9802);
#9484=STYLED_ITEM('',(#16738),#9803);
#9485=STYLED_ITEM('',(#16735),#9804);
#9486=STYLED_ITEM('',(#16735),#9805);
#9487=STYLED_ITEM('',(#16738),#9806);
#9488=STYLED_ITEM('',(#16738),#9807);
#9489=STYLED_ITEM('',(#16738),#9808);
#9490=STYLED_ITEM('',(#16738),#9809);
#9491=STYLED_ITEM('',(#16735),#9810);
#9492=STYLED_ITEM('',(#16735),#9811);
#9493=STYLED_ITEM('',(#16738),#9812);
#9494=STYLED_ITEM('',(#16738),#9813);
#9495=STYLED_ITEM('',(#16738),#9814);
#9496=STYLED_ITEM('',(#16738),#9815);
#9497=STYLED_ITEM('',(#16735),#9816);
#9498=STYLED_ITEM('',(#16735),#9817);
#9499=STYLED_ITEM('',(#16738),#9818);
#9500=STYLED_ITEM('',(#16738),#9819);
#9501=STYLED_ITEM('',(#16738),#9820);
#9502=STYLED_ITEM('',(#16738),#9821);
#9503=STYLED_ITEM('',(#16735),#9822);
#9504=STYLED_ITEM('',(#16735),#9823);
#9505=STYLED_ITEM('',(#16738),#9824);
#9506=STYLED_ITEM('',(#16738),#9825);
#9507=STYLED_ITEM('',(#16738),#9826);
#9508=STYLED_ITEM('',(#16738),#9827);
#9509=STYLED_ITEM('',(#16738),#9828);
#9510=STYLED_ITEM('',(#16738),#9829);
#9511=STYLED_ITEM('',(#16738),#9830);
#9512=STYLED_ITEM('',(#16738),#9831);
#9513=STYLED_ITEM('',(#16738),#9832);
#9514=STYLED_ITEM('',(#16738),#9833);
#9515=STYLED_ITEM('',(#16738),#9834);
#9516=STYLED_ITEM('',(#16738),#9835);
#9517=STYLED_ITEM('',(#16738),#9836);
#9518=STYLED_ITEM('',(#16738),#9837);
#9519=STYLED_ITEM('',(#16738),#9838);
#9520=STYLED_ITEM('',(#16738),#9839);
#9521=STYLED_ITEM('',(#16738),#9840);
#9522=STYLED_ITEM('',(#16738),#9841);
#9523=STYLED_ITEM('',(#16738),#9842);
#9524=STYLED_ITEM('',(#16738),#9843);
#9525=STYLED_ITEM('',(#16738),#9844);
#9526=STYLED_ITEM('',(#16738),#9845);
#9527=STYLED_ITEM('',(#16738),#9846);
#9528=STYLED_ITEM('',(#16738),#9847);
#9529=STYLED_ITEM('',(#16738),#9848);
#9530=STYLED_ITEM('',(#16738),#9849);
#9531=STYLED_ITEM('',(#16738),#9850);
#9532=STYLED_ITEM('',(#16738),#9851);
#9533=STYLED_ITEM('',(#16734),#128);
#9534=STYLED_ITEM('',(#16739),#129);
#9535=STYLED_ITEM('',(#16740),#130);
#9536=STYLED_ITEM('',(#16742),#9905);
#9537=STYLED_ITEM('',(#16742),#9906);
#9538=STYLED_ITEM('',(#16742),#9907);
#9539=STYLED_ITEM('',(#16742),#9908);
#9540=STYLED_ITEM('',(#16742),#9909);
#9541=STYLED_ITEM('',(#16742),#9910);
#9542=STYLED_ITEM('',(#16742),#9911);
#9543=STYLED_ITEM('',(#16742),#9912);
#9544=STYLED_ITEM('',(#16742),#9913);
#9545=STYLED_ITEM('',(#16741),#131);
#9546=STYLED_ITEM('',(#16742),#9914);
#9547=STYLED_ITEM('',(#16742),#9915);
#9548=STYLED_ITEM('',(#16742),#9916);
#9549=STYLED_ITEM('',(#16742),#9917);
#9550=STYLED_ITEM('',(#16742),#9918);
#9551=STYLED_ITEM('',(#16742),#9919);
#9552=STYLED_ITEM('',(#16742),#9920);
#9553=STYLED_ITEM('',(#16742),#9921);
#9554=STYLED_ITEM('',(#16742),#9922);
#9555=STYLED_ITEM('',(#16741),#132);
#9556=STYLED_ITEM('',(#16742),#9923);
#9557=STYLED_ITEM('',(#16742),#9924);
#9558=STYLED_ITEM('',(#16742),#9925);
#9559=STYLED_ITEM('',(#16742),#9926);
#9560=STYLED_ITEM('',(#16742),#9927);
#9561=STYLED_ITEM('',(#16742),#9928);
#9562=STYLED_ITEM('',(#16742),#9929);
#9563=STYLED_ITEM('',(#16742),#9930);
#9564=STYLED_ITEM('',(#16742),#9931);
#9565=STYLED_ITEM('',(#16741),#133);
#9566=STYLED_ITEM('',(#16742),#9932);
#9567=STYLED_ITEM('',(#16742),#9933);
#9568=STYLED_ITEM('',(#16742),#9934);
#9569=STYLED_ITEM('',(#16742),#9935);
#9570=STYLED_ITEM('',(#16742),#9936);
#9571=STYLED_ITEM('',(#16742),#9937);
#9572=STYLED_ITEM('',(#16742),#9938);
#9573=STYLED_ITEM('',(#16742),#9939);
#9574=STYLED_ITEM('',(#16742),#9940);
#9575=STYLED_ITEM('',(#16741),#134);
#9576=STYLED_ITEM('',(#16742),#9941);
#9577=STYLED_ITEM('',(#16742),#9942);
#9578=STYLED_ITEM('',(#16742),#9943);
#9579=STYLED_ITEM('',(#16742),#9944);
#9580=STYLED_ITEM('',(#16742),#9945);
#9581=STYLED_ITEM('',(#16742),#9946);
#9582=STYLED_ITEM('',(#16742),#9947);
#9583=STYLED_ITEM('',(#16742),#9948);
#9584=STYLED_ITEM('',(#16742),#9949);
#9585=STYLED_ITEM('',(#16741),#135);
#9586=STYLED_ITEM('',(#16741),#136);
#9587=STYLED_ITEM('',(#16742),#10044);
#9588=STYLED_ITEM('',(#16742),#10045);
#9589=STYLED_ITEM('',(#16742),#10046);
#9590=STYLED_ITEM('',(#16742),#10047);
#9591=STYLED_ITEM('',(#16742),#10048);
#9592=STYLED_ITEM('',(#16742),#10049);
#9593=STYLED_ITEM('',(#16742),#10050);
#9594=STYLED_ITEM('',(#16742),#10051);
#9595=STYLED_ITEM('',(#16742),#10052);
#9596=STYLED_ITEM('',(#16741),#137);
#9597=STYLED_ITEM('',(#16742),#10053);
#9598=STYLED_ITEM('',(#16742),#10054);
#9599=STYLED_ITEM('',(#16742),#10055);
#9600=STYLED_ITEM('',(#16742),#10056);
#9601=STYLED_ITEM('',(#16742),#10057);
#9602=STYLED_ITEM('',(#16742),#10058);
#9603=STYLED_ITEM('',(#16742),#10059);
#9604=STYLED_ITEM('',(#16742),#10060);
#9605=STYLED_ITEM('',(#16742),#10061);
#9606=STYLED_ITEM('',(#16741),#138);
#9607=STYLED_ITEM('',(#16742),#10062);
#9608=STYLED_ITEM('',(#16742),#10063);
#9609=STYLED_ITEM('',(#16742),#10064);
#9610=STYLED_ITEM('',(#16742),#10065);
#9611=STYLED_ITEM('',(#16742),#10066);
#9612=STYLED_ITEM('',(#16742),#10067);
#9613=STYLED_ITEM('',(#16742),#10068);
#9614=STYLED_ITEM('',(#16742),#10069);
#9615=STYLED_ITEM('',(#16742),#10070);
#9616=STYLED_ITEM('',(#16741),#139);
#9617=STYLED_ITEM('',(#16734),#140);
#9618=STYLED_ITEM('',(#16734),#141);
#9619=STYLED_ITEM('',(#16734),#142);
#9620=STYLED_ITEM('',(#16734),#143);
#9621=ADVANCED_FACE('',(#720),#9201,.T.);
#9622=ADVANCED_FACE('',(#721),#716,.T.);
#9623=ADVANCED_FACE('',(#722),#717,.T.);
#9624=ADVANCED_FACE('',(#723,#144,#145),#307,.F.);
#9625=ADVANCED_FACE('',(#724,#146),#308,.T.);
#9626=ADVANCED_FACE('',(#725),#9202,.T.);
#9627=ADVANCED_FACE('',(#726),#9203,.T.);
#9628=ADVANCED_FACE('',(#727),#9204,.F.);
#9629=ADVANCED_FACE('',(#728),#718,.T.);
#9630=ADVANCED_FACE('',(#729),#719,.T.);
#9631=ADVANCED_FACE('',(#730),#309,.T.);
#9632=ADVANCED_FACE('',(#731),#310,.F.);
#9633=ADVANCED_FACE('',(#732),#311,.F.);
#9634=ADVANCED_FACE('',(#733),#312,.F.);
#9635=ADVANCED_FACE('',(#734),#313,.F.);
#9636=ADVANCED_FACE('',(#735),#314,.F.);
#9637=ADVANCED_FACE('',(#736),#315,.F.);
#9638=ADVANCED_FACE('',(#737,#147,#148,#149,#150,#151,#152,#153,#154),#316,
 .T.);
#9639=ADVANCED_FACE('',(#738),#317,.F.);
#9640=ADVANCED_FACE('',(#739),#318,.T.);
#9641=ADVANCED_FACE('',(#740,#155,#156,#157,#158,#159,#160,#161,#162),#319,
 .F.);
#9642=ADVANCED_FACE('',(#741),#320,.T.);
#9643=ADVANCED_FACE('',(#742),#321,.F.);
#9644=ADVANCED_FACE('',(#743),#322,.T.);
#9645=ADVANCED_FACE('',(#744),#323,.T.);
#9646=ADVANCED_FACE('',(#745),#324,.T.);
#9647=ADVANCED_FACE('',(#746),#325,.T.);
#9648=ADVANCED_FACE('',(#747),#326,.T.);
#9649=ADVANCED_FACE('',(#748),#327,.T.);
#9650=ADVANCED_FACE('',(#749),#328,.T.);
#9651=ADVANCED_FACE('',(#750),#329,.T.);
#9652=ADVANCED_FACE('',(#751),#330,.T.);
#9653=ADVANCED_FACE('',(#752),#331,.T.);
#9654=ADVANCED_FACE('',(#753),#332,.T.);
#9655=ADVANCED_FACE('',(#754),#333,.T.);
#9656=ADVANCED_FACE('',(#755),#334,.T.);
#9657=ADVANCED_FACE('',(#756),#335,.T.);
#9658=ADVANCED_FACE('',(#757),#336,.T.);
#9659=ADVANCED_FACE('',(#758),#337,.T.);
#9660=ADVANCED_FACE('',(#759),#338,.T.);
#9661=ADVANCED_FACE('',(#760),#339,.T.);
#9662=ADVANCED_FACE('',(#761),#340,.T.);
#9663=ADVANCED_FACE('',(#762),#341,.T.);
#9664=ADVANCED_FACE('',(#763),#342,.T.);
#9665=ADVANCED_FACE('',(#764),#343,.T.);
#9666=ADVANCED_FACE('',(#765),#344,.T.);
#9667=ADVANCED_FACE('',(#766),#345,.T.);
#9668=ADVANCED_FACE('',(#767),#346,.T.);
#9669=ADVANCED_FACE('',(#768),#347,.T.);
#9670=ADVANCED_FACE('',(#769),#348,.T.);
#9671=ADVANCED_FACE('',(#770),#349,.T.);
#9672=ADVANCED_FACE('',(#771),#350,.T.);
#9673=ADVANCED_FACE('',(#772),#351,.T.);
#9674=ADVANCED_FACE('',(#773),#352,.T.);
#9675=ADVANCED_FACE('',(#774),#353,.T.);
#9676=ADVANCED_FACE('',(#775),#354,.T.);
#9677=ADVANCED_FACE('',(#776),#355,.F.);
#9678=ADVANCED_FACE('',(#777),#356,.T.);
#9679=ADVANCED_FACE('',(#778),#357,.T.);
#9680=ADVANCED_FACE('',(#779),#358,.T.);
#9681=ADVANCED_FACE('',(#780),#359,.F.);
#9682=ADVANCED_FACE('',(#781),#360,.T.);
#9683=ADVANCED_FACE('',(#782),#361,.T.);
#9684=ADVANCED_FACE('',(#783),#362,.T.);
#9685=ADVANCED_FACE('',(#784),#363,.F.);
#9686=ADVANCED_FACE('',(#785),#364,.T.);
#9687=ADVANCED_FACE('',(#786),#365,.T.);
#9688=ADVANCED_FACE('',(#787),#366,.T.);
#9689=ADVANCED_FACE('',(#788),#367,.F.);
#9690=ADVANCED_FACE('',(#789),#368,.T.);
#9691=ADVANCED_FACE('',(#790),#369,.T.);
#9692=ADVANCED_FACE('',(#791),#370,.T.);
#9693=ADVANCED_FACE('',(#792),#371,.F.);
#9694=ADVANCED_FACE('',(#793),#372,.T.);
#9695=ADVANCED_FACE('',(#794),#373,.T.);
#9696=ADVANCED_FACE('',(#795),#374,.T.);
#9697=ADVANCED_FACE('',(#796),#375,.F.);
#9698=ADVANCED_FACE('',(#797),#376,.T.);
#9699=ADVANCED_FACE('',(#798),#377,.T.);
#9700=ADVANCED_FACE('',(#799),#378,.T.);
#9701=ADVANCED_FACE('',(#800),#379,.F.);
#9702=ADVANCED_FACE('',(#801),#380,.T.);
#9703=ADVANCED_FACE('',(#802),#381,.T.);
#9704=ADVANCED_FACE('',(#803),#382,.T.);
#9705=ADVANCED_FACE('',(#804),#383,.F.);
#9706=ADVANCED_FACE('',(#805),#384,.T.);
#9707=ADVANCED_FACE('',(#806),#385,.T.);
#9708=ADVANCED_FACE('',(#807),#386,.F.);
#9709=ADVANCED_FACE('',(#808),#387,.F.);
#9710=ADVANCED_FACE('',(#809),#388,.F.);
#9711=ADVANCED_FACE('',(#810),#389,.F.);
#9712=ADVANCED_FACE('',(#811),#390,.F.);
#9713=ADVANCED_FACE('',(#812),#391,.F.);
#9714=ADVANCED_FACE('',(#813),#392,.F.);
#9715=ADVANCED_FACE('',(#814),#393,.F.);
#9716=ADVANCED_FACE('',(#815),#394,.F.);
#9717=ADVANCED_FACE('',(#816),#395,.F.);
#9718=ADVANCED_FACE('',(#817),#396,.F.);
#9719=ADVANCED_FACE('',(#818),#397,.F.);
#9720=ADVANCED_FACE('',(#819),#398,.F.);
#9721=ADVANCED_FACE('',(#820),#399,.F.);
#9722=ADVANCED_FACE('',(#821),#400,.F.);
#9723=ADVANCED_FACE('',(#822),#401,.F.);
#9724=ADVANCED_FACE('',(#823),#402,.F.);
#9725=ADVANCED_FACE('',(#824),#403,.F.);
#9726=ADVANCED_FACE('',(#825),#404,.F.);
#9727=ADVANCED_FACE('',(#826),#405,.F.);
#9728=ADVANCED_FACE('',(#827),#406,.F.);
#9729=ADVANCED_FACE('',(#828),#407,.F.);
#9730=ADVANCED_FACE('',(#829),#408,.F.);
#9731=ADVANCED_FACE('',(#830),#409,.F.);
#9732=ADVANCED_FACE('',(#831),#410,.F.);
#9733=ADVANCED_FACE('',(#832),#411,.F.);
#9734=ADVANCED_FACE('',(#833),#412,.F.);
#9735=ADVANCED_FACE('',(#834),#413,.F.);
#9736=ADVANCED_FACE('',(#835),#414,.F.);
#9737=ADVANCED_FACE('',(#836),#415,.F.);
#9738=ADVANCED_FACE('',(#837),#416,.F.);
#9739=ADVANCED_FACE('',(#838),#417,.F.);
#9740=ADVANCED_FACE('',(#839),#418,.T.);
#9741=ADVANCED_FACE('',(#840),#419,.T.);
#9742=ADVANCED_FACE('',(#841),#420,.T.);
#9743=ADVANCED_FACE('',(#842),#421,.T.);
#9744=ADVANCED_FACE('',(#843),#422,.T.);
#9745=ADVANCED_FACE('',(#844),#423,.T.);
#9746=ADVANCED_FACE('',(#845),#424,.T.);
#9747=ADVANCED_FACE('',(#846),#425,.T.);
#9748=ADVANCED_FACE('',(#847),#426,.T.);
#9749=ADVANCED_FACE('',(#848),#427,.T.);
#9750=ADVANCED_FACE('',(#849),#428,.T.);
#9751=ADVANCED_FACE('',(#850),#429,.T.);
#9752=ADVANCED_FACE('',(#851),#430,.T.);
#9753=ADVANCED_FACE('',(#852),#431,.T.);
#9754=ADVANCED_FACE('',(#853),#432,.T.);
#9755=ADVANCED_FACE('',(#854),#433,.T.);
#9756=ADVANCED_FACE('',(#855),#434,.T.);
#9757=ADVANCED_FACE('',(#856),#435,.T.);
#9758=ADVANCED_FACE('',(#857),#436,.T.);
#9759=ADVANCED_FACE('',(#858),#437,.T.);
#9760=ADVANCED_FACE('',(#859),#438,.T.);
#9761=ADVANCED_FACE('',(#860),#439,.T.);
#9762=ADVANCED_FACE('',(#861),#440,.T.);
#9763=ADVANCED_FACE('',(#862),#441,.T.);
#9764=ADVANCED_FACE('',(#863),#442,.T.);
#9765=ADVANCED_FACE('',(#864),#443,.T.);
#9766=ADVANCED_FACE('',(#865),#444,.T.);
#9767=ADVANCED_FACE('',(#866),#445,.T.);
#9768=ADVANCED_FACE('',(#867),#446,.T.);
#9769=ADVANCED_FACE('',(#868),#447,.T.);
#9770=ADVANCED_FACE('',(#869),#448,.T.);
#9771=ADVANCED_FACE('',(#870),#449,.T.);
#9772=ADVANCED_FACE('',(#871),#450,.T.);
#9773=ADVANCED_FACE('',(#872),#451,.T.);
#9774=ADVANCED_FACE('',(#873),#452,.T.);
#9775=ADVANCED_FACE('',(#874),#453,.T.);
#9776=ADVANCED_FACE('',(#875),#454,.T.);
#9777=ADVANCED_FACE('',(#876),#455,.T.);
#9778=ADVANCED_FACE('',(#877),#456,.T.);
#9779=ADVANCED_FACE('',(#878),#457,.T.);
#9780=ADVANCED_FACE('',(#879),#458,.T.);
#9781=ADVANCED_FACE('',(#880),#459,.T.);
#9782=ADVANCED_FACE('',(#881),#460,.T.);
#9783=ADVANCED_FACE('',(#882),#461,.T.);
#9784=ADVANCED_FACE('',(#883),#462,.F.);
#9785=ADVANCED_FACE('',(#884),#463,.T.);
#9786=ADVANCED_FACE('',(#885),#464,.T.);
#9787=ADVANCED_FACE('',(#886),#465,.T.);
#9788=ADVANCED_FACE('',(#887),#466,.T.);
#9789=ADVANCED_FACE('',(#888),#467,.T.);
#9790=ADVANCED_FACE('',(#889),#468,.F.);
#9791=ADVANCED_FACE('',(#890),#469,.T.);
#9792=ADVANCED_FACE('',(#891),#470,.T.);
#9793=ADVANCED_FACE('',(#892),#471,.T.);
#9794=ADVANCED_FACE('',(#893),#472,.T.);
#9795=ADVANCED_FACE('',(#894),#473,.T.);
#9796=ADVANCED_FACE('',(#895),#474,.F.);
#9797=ADVANCED_FACE('',(#896),#475,.T.);
#9798=ADVANCED_FACE('',(#897),#476,.T.);
#9799=ADVANCED_FACE('',(#898),#477,.T.);
#9800=ADVANCED_FACE('',(#899),#478,.T.);
#9801=ADVANCED_FACE('',(#900),#479,.T.);
#9802=ADVANCED_FACE('',(#901),#480,.F.);
#9803=ADVANCED_FACE('',(#902),#481,.T.);
#9804=ADVANCED_FACE('',(#903),#482,.T.);
#9805=ADVANCED_FACE('',(#904),#483,.T.);
#9806=ADVANCED_FACE('',(#905),#484,.T.);
#9807=ADVANCED_FACE('',(#906),#485,.T.);
#9808=ADVANCED_FACE('',(#907),#486,.F.);
#9809=ADVANCED_FACE('',(#908),#487,.T.);
#9810=ADVANCED_FACE('',(#909),#488,.T.);
#9811=ADVANCED_FACE('',(#910),#489,.T.);
#9812=ADVANCED_FACE('',(#911),#490,.T.);
#9813=ADVANCED_FACE('',(#912),#491,.T.);
#9814=ADVANCED_FACE('',(#913),#492,.F.);
#9815=ADVANCED_FACE('',(#914),#493,.T.);
#9816=ADVANCED_FACE('',(#915),#494,.T.);
#9817=ADVANCED_FACE('',(#916),#495,.T.);
#9818=ADVANCED_FACE('',(#917),#496,.T.);
#9819=ADVANCED_FACE('',(#918),#497,.T.);
#9820=ADVANCED_FACE('',(#919),#498,.F.);
#9821=ADVANCED_FACE('',(#920),#499,.T.);
#9822=ADVANCED_FACE('',(#921),#500,.T.);
#9823=ADVANCED_FACE('',(#922),#501,.T.);
#9824=ADVANCED_FACE('',(#923),#502,.T.);
#9825=ADVANCED_FACE('',(#924),#503,.T.);
#9826=ADVANCED_FACE('',(#925),#504,.F.);
#9827=ADVANCED_FACE('',(#926),#505,.T.);
#9828=ADVANCED_FACE('',(#927),#506,.T.);
#9829=ADVANCED_FACE('',(#928),#507,.T.);
#9830=ADVANCED_FACE('',(#929),#508,.T.);
#9831=ADVANCED_FACE('',(#930),#509,.T.);
#9832=ADVANCED_FACE('',(#931),#510,.T.);
#9833=ADVANCED_FACE('',(#932),#511,.T.);
#9834=ADVANCED_FACE('',(#933),#512,.T.);
#9835=ADVANCED_FACE('',(#934),#513,.T.);
#9836=ADVANCED_FACE('',(#935),#514,.T.);
#9837=ADVANCED_FACE('',(#936),#515,.T.);
#9838=ADVANCED_FACE('',(#937),#516,.T.);
#9839=ADVANCED_FACE('',(#938),#517,.T.);
#9840=ADVANCED_FACE('',(#939),#518,.T.);
#9841=ADVANCED_FACE('',(#940),#519,.T.);
#9842=ADVANCED_FACE('',(#941),#520,.T.);
#9843=ADVANCED_FACE('',(#942),#521,.T.);
#9844=ADVANCED_FACE('',(#943),#522,.T.);
#9845=ADVANCED_FACE('',(#944),#523,.T.);
#9846=ADVANCED_FACE('',(#945),#524,.T.);
#9847=ADVANCED_FACE('',(#946),#525,.T.);
#9848=ADVANCED_FACE('',(#947),#526,.T.);
#9849=ADVANCED_FACE('',(#948),#527,.T.);
#9850=ADVANCED_FACE('',(#949),#528,.T.);
#9851=ADVANCED_FACE('',(#950),#529,.T.);
#9852=ADVANCED_FACE('',(#951),#530,.T.);
#9853=ADVANCED_FACE('',(#952),#531,.T.);
#9854=ADVANCED_FACE('',(#953),#532,.T.);
#9855=ADVANCED_FACE('',(#954,#163,#164,#165,#166,#167,#168,#169,#170,#171,
#172,#173,#174,#175,#176,#177,#178,#179,#180,#181,#182,#183,#184,#185,#186,
#187,#188,#189,#190,#191,#192,#193,#194,#195,#196),#533,.F.);
#9856=ADVANCED_FACE('',(#955,#197,#198,#199,#200,#201,#202,#203,#204,#205,
#206,#207,#208,#209,#210,#211,#212,#213,#214,#215,#216,#217,#218,#219,#220,
#221,#222,#223,#224,#225,#226,#227,#228,#229,#230),#534,.T.);
#9857=ADVANCED_FACE('',(#956),#535,.T.);
#9858=ADVANCED_FACE('',(#957),#9205,.F.);
#9859=ADVANCED_FACE('',(#958),#9206,.F.);
#9860=ADVANCED_FACE('',(#959),#9207,.F.);
#9861=ADVANCED_FACE('',(#960),#9208,.F.);
#9862=ADVANCED_FACE('',(#961),#9209,.F.);
#9863=ADVANCED_FACE('',(#962),#9210,.F.);
#9864=ADVANCED_FACE('',(#963),#9211,.F.);
#9865=ADVANCED_FACE('',(#964),#9212,.F.);
#9866=ADVANCED_FACE('',(#965),#9213,.F.);
#9867=ADVANCED_FACE('',(#966),#9214,.F.);
#9868=ADVANCED_FACE('',(#967),#9215,.F.);
#9869=ADVANCED_FACE('',(#968),#9216,.F.);
#9870=ADVANCED_FACE('',(#969),#9217,.F.);
#9871=ADVANCED_FACE('',(#970),#9218,.F.);
#9872=ADVANCED_FACE('',(#971),#9219,.F.);
#9873=ADVANCED_FACE('',(#972),#9220,.F.);
#9874=ADVANCED_FACE('',(#973),#9221,.F.);
#9875=ADVANCED_FACE('',(#974),#9222,.F.);
#9876=ADVANCED_FACE('',(#975),#9223,.F.);
#9877=ADVANCED_FACE('',(#976),#9224,.F.);
#9878=ADVANCED_FACE('',(#977),#9225,.F.);
#9879=ADVANCED_FACE('',(#978),#9226,.F.);
#9880=ADVANCED_FACE('',(#979),#9227,.F.);
#9881=ADVANCED_FACE('',(#980),#9228,.F.);
#9882=ADVANCED_FACE('',(#981),#9229,.F.);
#9883=ADVANCED_FACE('',(#982),#9230,.F.);
#9884=ADVANCED_FACE('',(#983),#9231,.F.);
#9885=ADVANCED_FACE('',(#984),#9232,.F.);
#9886=ADVANCED_FACE('',(#985),#9233,.F.);
#9887=ADVANCED_FACE('',(#986),#9234,.F.);
#9888=ADVANCED_FACE('',(#987),#9235,.F.);
#9889=ADVANCED_FACE('',(#988),#9236,.F.);
#9890=ADVANCED_FACE('',(#989),#9237,.F.);
#9891=ADVANCED_FACE('',(#990),#9238,.F.);
#9892=ADVANCED_FACE('',(#991),#536,.T.);
#9893=ADVANCED_FACE('',(#992),#537,.T.);
#9894=ADVANCED_FACE('',(#993),#538,.F.);
#9895=ADVANCED_FACE('',(#994),#539,.F.);
#9896=ADVANCED_FACE('',(#995),#540,.T.);
#9897=ADVANCED_FACE('',(#996,#231,#232),#541,.F.);
#9898=ADVANCED_FACE('',(#997,#233,#234,#235),#542,.T.);
#9899=ADVANCED_FACE('',(#998),#543,.T.);
#9900=ADVANCED_FACE('',(#999),#9239,.F.);
#9901=ADVANCED_FACE('',(#1000),#9240,.F.);
#9902=ADVANCED_FACE('',(#1001),#544,.F.);
#9903=ADVANCED_FACE('',(#1002),#545,.F.);
#9904=ADVANCED_FACE('',(#1003),#546,.T.);
#9905=ADVANCED_FACE('',(#1004),#19,.T.);
#9906=ADVANCED_FACE('',(#1005),#9241,.T.);
#9907=ADVANCED_FACE('',(#1006,#236),#547,.T.);
#9908=ADVANCED_FACE('',(#1007),#9242,.T.);
#9909=ADVANCED_FACE('',(#1008,#237),#548,.T.);
#9910=ADVANCED_FACE('',(#1009),#9243,.T.);
#9911=ADVANCED_FACE('',(#1010),#11,.T.);
#9912=ADVANCED_FACE('',(#1011),#9244,.T.);
#9913=ADVANCED_FACE('',(#1012),#20,.T.);
#9914=ADVANCED_FACE('',(#1013),#21,.T.);
#9915=ADVANCED_FACE('',(#1014),#9245,.T.);
#9916=ADVANCED_FACE('',(#1015,#238),#549,.T.);
#9917=ADVANCED_FACE('',(#1016),#9246,.T.);
#9918=ADVANCED_FACE('',(#1017,#239),#550,.T.);
#9919=ADVANCED_FACE('',(#1018),#9247,.T.);
#9920=ADVANCED_FACE('',(#1019),#12,.T.);
#9921=ADVANCED_FACE('',(#1020),#9248,.T.);
#9922=ADVANCED_FACE('',(#1021),#22,.T.);
#9923=ADVANCED_FACE('',(#1022),#23,.T.);
#9924=ADVANCED_FACE('',(#1023),#9249,.T.);
#9925=ADVANCED_FACE('',(#1024,#240),#551,.T.);
#9926=ADVANCED_FACE('',(#1025),#9250,.T.);
#9927=ADVANCED_FACE('',(#1026,#241),#552,.T.);
#9928=ADVANCED_FACE('',(#1027),#9251,.T.);
#9929=ADVANCED_FACE('',(#1028),#13,.T.);
#9930=ADVANCED_FACE('',(#1029),#9252,.T.);
#9931=ADVANCED_FACE('',(#1030),#24,.T.);
#9932=ADVANCED_FACE('',(#1031),#25,.T.);
#9933=ADVANCED_FACE('',(#1032),#9253,.T.);
#9934=ADVANCED_FACE('',(#1033,#242),#553,.T.);
#9935=ADVANCED_FACE('',(#1034),#9254,.T.);
#9936=ADVANCED_FACE('',(#1035,#243),#554,.T.);
#9937=ADVANCED_FACE('',(#1036),#9255,.T.);
#9938=ADVANCED_FACE('',(#1037),#14,.T.);
#9939=ADVANCED_FACE('',(#1038),#9256,.T.);
#9940=ADVANCED_FACE('',(#1039),#26,.T.);
#9941=ADVANCED_FACE('',(#1040),#27,.T.);
#9942=ADVANCED_FACE('',(#1041),#9257,.T.);
#9943=ADVANCED_FACE('',(#1042,#244),#555,.T.);
#9944=ADVANCED_FACE('',(#1043),#9258,.T.);
#9945=ADVANCED_FACE('',(#1044,#245),#556,.T.);
#9946=ADVANCED_FACE('',(#1045),#9259,.T.);
#9947=ADVANCED_FACE('',(#1046),#15,.T.);
#9948=ADVANCED_FACE('',(#1047),#9260,.T.);
#9949=ADVANCED_FACE('',(#1048),#28,.T.);
#9950=ADVANCED_FACE('',(#1049),#9261,.F.);
#9951=ADVANCED_FACE('',(#1050),#9262,.F.);
#9952=ADVANCED_FACE('',(#1051),#9263,.F.);
#9953=ADVANCED_FACE('',(#1052),#9264,.F.);
#9954=ADVANCED_FACE('',(#1053),#9265,.F.);
#9955=ADVANCED_FACE('',(#1054),#9266,.F.);
#9956=ADVANCED_FACE('',(#1055),#9267,.F.);
#9957=ADVANCED_FACE('',(#1056,#246,#247,#248,#249,#250,#251,#252,#253),
#557,.T.);
#9958=ADVANCED_FACE('',(#1057,#254),#558,.T.);
#9959=ADVANCED_FACE('',(#1058),#9268,.F.);
#9960=ADVANCED_FACE('',(#1059,#255),#559,.T.);
#9961=ADVANCED_FACE('',(#1060),#9269,.F.);
#9962=ADVANCED_FACE('',(#1061,#256),#560,.T.);
#9963=ADVANCED_FACE('',(#1062),#9270,.F.);
#9964=ADVANCED_FACE('',(#1063,#257),#561,.T.);
#9965=ADVANCED_FACE('',(#1064),#9271,.F.);
#9966=ADVANCED_FACE('',(#1065,#258),#562,.T.);
#9967=ADVANCED_FACE('',(#1066),#9272,.F.);
#9968=ADVANCED_FACE('',(#1067,#259),#563,.T.);
#9969=ADVANCED_FACE('',(#1068),#9273,.F.);
#9970=ADVANCED_FACE('',(#1069,#260),#564,.T.);
#9971=ADVANCED_FACE('',(#1070),#9274,.F.);
#9972=ADVANCED_FACE('',(#1071,#261,#262,#263,#264,#265,#266,#267,#268),
#565,.F.);
#9973=ADVANCED_FACE('',(#1072),#566,.T.);
#9974=ADVANCED_FACE('',(#1073),#567,.T.);
#9975=ADVANCED_FACE('',(#1074),#568,.T.);
#9976=ADVANCED_FACE('',(#1075),#569,.T.);
#9977=ADVANCED_FACE('',(#1076),#570,.T.);
#9978=ADVANCED_FACE('',(#1077),#571,.T.);
#9979=ADVANCED_FACE('',(#1078),#572,.T.);
#9980=ADVANCED_FACE('',(#1079),#573,.T.);
#9981=ADVANCED_FACE('',(#1080),#574,.T.);
#9982=ADVANCED_FACE('',(#1081),#575,.T.);
#9983=ADVANCED_FACE('',(#1082),#576,.T.);
#9984=ADVANCED_FACE('',(#1083),#577,.T.);
#9985=ADVANCED_FACE('',(#1084),#578,.T.);
#9986=ADVANCED_FACE('',(#1085),#579,.T.);
#9987=ADVANCED_FACE('',(#1086),#580,.T.);
#9988=ADVANCED_FACE('',(#1087),#581,.T.);
#9989=ADVANCED_FACE('',(#1088),#582,.T.);
#9990=ADVANCED_FACE('',(#1089),#583,.T.);
#9991=ADVANCED_FACE('',(#1090),#584,.T.);
#9992=ADVANCED_FACE('',(#1091),#585,.T.);
#9993=ADVANCED_FACE('',(#1092),#586,.T.);
#9994=ADVANCED_FACE('',(#1093),#587,.T.);
#9995=ADVANCED_FACE('',(#1094),#588,.T.);
#9996=ADVANCED_FACE('',(#1095),#589,.T.);
#9997=ADVANCED_FACE('',(#1096),#590,.T.);
#9998=ADVANCED_FACE('',(#1097),#591,.T.);
#9999=ADVANCED_FACE('',(#1098),#592,.T.);
#10000=ADVANCED_FACE('',(#1099),#593,.T.);
#10001=ADVANCED_FACE('',(#1100),#594,.T.);
#10002=ADVANCED_FACE('',(#1101),#595,.T.);
#10003=ADVANCED_FACE('',(#1102),#596,.T.);
#10004=ADVANCED_FACE('',(#1103),#597,.T.);
#10005=ADVANCED_FACE('',(#1104),#598,.T.);
#10006=ADVANCED_FACE('',(#1105),#599,.T.);
#10007=ADVANCED_FACE('',(#1106),#600,.T.);
#10008=ADVANCED_FACE('',(#1107),#601,.T.);
#10009=ADVANCED_FACE('',(#1108),#602,.T.);
#10010=ADVANCED_FACE('',(#1109),#603,.T.);
#10011=ADVANCED_FACE('',(#1110),#604,.T.);
#10012=ADVANCED_FACE('',(#1111),#605,.T.);
#10013=ADVANCED_FACE('',(#1112),#606,.T.);
#10014=ADVANCED_FACE('',(#1113),#607,.T.);
#10015=ADVANCED_FACE('',(#1114),#608,.T.);
#10016=ADVANCED_FACE('',(#1115),#609,.T.);
#10017=ADVANCED_FACE('',(#1116),#610,.T.);
#10018=ADVANCED_FACE('',(#1117),#611,.T.);
#10019=ADVANCED_FACE('',(#1118),#612,.T.);
#10020=ADVANCED_FACE('',(#1119),#613,.T.);
#10021=ADVANCED_FACE('',(#1120),#614,.T.);
#10022=ADVANCED_FACE('',(#1121),#615,.T.);
#10023=ADVANCED_FACE('',(#1122),#616,.T.);
#10024=ADVANCED_FACE('',(#1123),#617,.T.);
#10025=ADVANCED_FACE('',(#1124),#618,.T.);
#10026=ADVANCED_FACE('',(#1125),#619,.T.);
#10027=ADVANCED_FACE('',(#1126),#620,.T.);
#10028=ADVANCED_FACE('',(#1127),#621,.T.);
#10029=ADVANCED_FACE('',(#1128),#622,.T.);
#10030=ADVANCED_FACE('',(#1129),#623,.T.);
#10031=ADVANCED_FACE('',(#1130),#624,.T.);
#10032=ADVANCED_FACE('',(#1131),#625,.T.);
#10033=ADVANCED_FACE('',(#1132),#626,.T.);
#10034=ADVANCED_FACE('',(#1133),#627,.T.);
#10035=ADVANCED_FACE('',(#1134),#628,.T.);
#10036=ADVANCED_FACE('',(#1135),#629,.T.);
#10037=ADVANCED_FACE('',(#1136),#630,.T.);
#10038=ADVANCED_FACE('',(#1137),#631,.T.);
#10039=ADVANCED_FACE('',(#1138),#632,.T.);
#10040=ADVANCED_FACE('',(#1139),#633,.T.);
#10041=ADVANCED_FACE('',(#1140),#9275,.F.);
#10042=ADVANCED_FACE('',(#1141),#9276,.F.);
#10043=ADVANCED_FACE('',(#1142,#269),#634,.T.);
#10044=ADVANCED_FACE('',(#1143),#29,.T.);
#10045=ADVANCED_FACE('',(#1144),#9277,.T.);
#10046=ADVANCED_FACE('',(#1145,#270),#635,.T.);
#10047=ADVANCED_FACE('',(#1146),#9278,.T.);
#10048=ADVANCED_FACE('',(#1147,#271),#636,.T.);
#10049=ADVANCED_FACE('',(#1148),#9279,.T.);
#10050=ADVANCED_FACE('',(#1149),#16,.T.);
#10051=ADVANCED_FACE('',(#1150),#9280,.T.);
#10052=ADVANCED_FACE('',(#1151),#30,.T.);
#10053=ADVANCED_FACE('',(#1152),#31,.T.);
#10054=ADVANCED_FACE('',(#1153),#9281,.T.);
#10055=ADVANCED_FACE('',(#1154,#272),#637,.T.);
#10056=ADVANCED_FACE('',(#1155),#9282,.T.);
#10057=ADVANCED_FACE('',(#1156,#273),#638,.T.);
#10058=ADVANCED_FACE('',(#1157),#9283,.T.);
#10059=ADVANCED_FACE('',(#1158),#17,.T.);
#10060=ADVANCED_FACE('',(#1159),#9284,.T.);
#10061=ADVANCED_FACE('',(#1160),#32,.T.);
#10062=ADVANCED_FACE('',(#1161),#33,.T.);
#10063=ADVANCED_FACE('',(#1162),#9285,.T.);
#10064=ADVANCED_FACE('',(#1163,#274),#639,.T.);
#10065=ADVANCED_FACE('',(#1164),#9286,.T.);
#10066=ADVANCED_FACE('',(#1165,#275),#640,.T.);
#10067=ADVANCED_FACE('',(#1166),#9287,.T.);
#10068=ADVANCED_FACE('',(#1167),#18,.T.);
#10069=ADVANCED_FACE('',(#1168),#9288,.T.);
#10070=ADVANCED_FACE('',(#1169),#34,.T.);
#10071=ADVANCED_FACE('',(#1170),#641,.F.);
#10072=ADVANCED_FACE('',(#1171),#642,.F.);
#10073=ADVANCED_FACE('',(#1172),#643,.F.);
#10074=ADVANCED_FACE('',(#1173),#644,.F.);
#10075=ADVANCED_FACE('',(#1174),#645,.F.);
#10076=ADVANCED_FACE('',(#1175),#646,.F.);
#10077=ADVANCED_FACE('',(#1176),#647,.F.);
#10078=ADVANCED_FACE('',(#1177),#648,.F.);
#10079=ADVANCED_FACE('',(#1178),#649,.F.);
#10080=ADVANCED_FACE('',(#1179),#650,.F.);
#10081=ADVANCED_FACE('',(#1180),#651,.F.);
#10082=ADVANCED_FACE('',(#1181),#652,.F.);
#10083=ADVANCED_FACE('',(#1182),#9289,.F.);
#10084=ADVANCED_FACE('',(#1183),#653,.T.);
#10085=ADVANCED_FACE('',(#1184),#9290,.F.);
#10086=ADVANCED_FACE('',(#1185),#654,.T.);
#10087=ADVANCED_FACE('',(#1186),#9291,.F.);
#10088=ADVANCED_FACE('',(#1187),#655,.T.);
#10089=ADVANCED_FACE('',(#1188),#9292,.F.);
#10090=ADVANCED_FACE('',(#1189),#656,.T.);
#10091=ADVANCED_FACE('',(#1190),#9293,.F.);
#10092=ADVANCED_FACE('',(#1191),#657,.T.);
#10093=ADVANCED_FACE('',(#1192),#658,.T.);
#10094=ADVANCED_FACE('',(#1193),#659,.T.);
#10095=ADVANCED_FACE('',(#1194,#276),#660,.T.);
#10096=ADVANCED_FACE('',(#1195,#277),#661,.F.);
#10097=ADVANCED_FACE('',(#1196),#9294,.F.);
#10098=ADVANCED_FACE('',(#1197),#662,.T.);
#10099=ADVANCED_FACE('',(#1198),#663,.T.);
#10100=ADVANCED_FACE('',(#1199,#278),#664,.T.);
#10101=ADVANCED_FACE('',(#1200,#279),#665,.F.);
#10102=ADVANCED_FACE('',(#1201,#280),#666,.T.);
#10103=ADVANCED_FACE('',(#1202),#9295,.F.);
#10104=ADVANCED_FACE('',(#1203),#667,.T.);
#10105=ADVANCED_FACE('',(#1204),#668,.T.);
#10106=ADVANCED_FACE('',(#1205),#669,.T.);
#10107=ADVANCED_FACE('',(#1206,#281),#670,.T.);
#10108=ADVANCED_FACE('',(#1207,#282),#671,.F.);
#10109=ADVANCED_FACE('',(#1208),#9296,.F.);
#10110=ADVANCED_FACE('',(#1209),#672,.T.);
#10111=ADVANCED_FACE('',(#1210),#673,.T.);
#10112=ADVANCED_FACE('',(#1211,#283),#674,.T.);
#10113=ADVANCED_FACE('',(#1212,#284),#675,.F.);
#10114=ADVANCED_FACE('',(#1213,#285,#286),#676,.T.);
#10115=ADVANCED_FACE('',(#1214,#287),#677,.F.);
#10116=ADVANCED_FACE('',(#1215),#678,.F.);
#10117=ADVANCED_FACE('',(#1216,#288),#679,.T.);
#10118=ADVANCED_FACE('',(#1217),#680,.T.);
#10119=ADVANCED_FACE('',(#1218),#681,.T.);
#10120=ADVANCED_FACE('',(#1219),#682,.T.);
#10121=ADVANCED_FACE('',(#1220),#683,.T.);
#10122=ADVANCED_FACE('',(#1221),#684,.T.);
#10123=ADVANCED_FACE('',(#1222),#685,.T.);
#10124=ADVANCED_FACE('',(#1223),#686,.T.);
#10125=ADVANCED_FACE('',(#1224),#687,.T.);
#10126=ADVANCED_FACE('',(#1225,#289,#290,#291,#292,#293),#688,.T.);
#10127=ADVANCED_FACE('',(#1226,#294),#689,.T.);
#10128=ADVANCED_FACE('',(#1227),#690,.T.);
#10129=ADVANCED_FACE('',(#1228,#295),#691,.T.);
#10130=ADVANCED_FACE('',(#1229,#296),#692,.T.);
#10131=ADVANCED_FACE('',(#1230),#693,.T.);
#10132=ADVANCED_FACE('',(#1231),#9297,.F.);
#10133=ADVANCED_FACE('',(#1232),#9298,.F.);
#10134=ADVANCED_FACE('',(#1233),#9299,.F.);
#10135=ADVANCED_FACE('',(#1234),#9300,.F.);
#10136=ADVANCED_FACE('',(#1235),#694,.T.);
#10137=ADVANCED_FACE('',(#1236),#695,.T.);
#10138=ADVANCED_FACE('',(#1237),#696,.T.);
#10139=ADVANCED_FACE('',(#1238),#697,.T.);
#10140=ADVANCED_FACE('',(#1239),#698,.T.);
#10141=ADVANCED_FACE('',(#1240),#699,.T.);
#10142=ADVANCED_FACE('',(#1241),#700,.T.);
#10143=ADVANCED_FACE('',(#1242),#701,.T.);
#10144=ADVANCED_FACE('',(#1243,#297,#298,#299,#300,#301),#702,.T.);
#10145=ADVANCED_FACE('',(#1244,#302,#303,#304,#305,#306),#703,.F.);
#10146=ADVANCED_FACE('',(#1245),#704,.T.);
#10147=ADVANCED_FACE('',(#1246),#705,.T.);
#10148=ADVANCED_FACE('',(#1247),#706,.T.);
#10149=ADVANCED_FACE('',(#1248),#707,.T.);
#10150=ADVANCED_FACE('',(#1249),#708,.T.);
#10151=ADVANCED_FACE('',(#1250),#709,.F.);
#10152=ADVANCED_FACE('',(#1251),#710,.T.);
#10153=ADVANCED_FACE('',(#1252),#711,.T.);
#10154=ADVANCED_FACE('',(#1253),#712,.T.);
#10155=ADVANCED_FACE('',(#1254),#713,.T.);
#10156=ADVANCED_FACE('',(#1255),#714,.T.);
#10157=ADVANCED_FACE('',(#1256),#715,.F.);
#10158=CLOSED_SHELL('',(#9621,#9622,#9623,#9624,#9625,#9626,#9627,#9628,
#9629,#9630,#9631,#9632,#9633));
#10159=CLOSED_SHELL('',(#9634,#9635,#9636,#9637,#9638,#9639,#9640,#9641,
#9642,#9643,#9644,#9645,#9646,#9647,#9648,#9649,#9650,#9651,#9652,#9653,
#9654,#9655,#9656,#9657,#9658,#9659,#9660,#9661,#9662,#9663,#9664,#9665,
#9666,#9667,#9668,#9669,#9670,#9671,#9672,#9673,#9674,#9675,#9676,#9677,
#9678,#9679,#9680,#9681,#9682,#9683,#9684,#9685,#9686,#9687,#9688,#9689,
#9690,#9691,#9692,#9693,#9694,#9695,#9696,#9697,#9698,#9699,#9700,#9701,
#9702,#9703,#9704,#9705,#9706,#9707,#9708,#9709,#9710,#9711,#9712,#9713,
#9714,#9715,#9716,#9717,#9718,#9719,#9720,#9721,#9722,#9723,#9724,#9725,
#9726,#9727,#9728,#9729,#9730,#9731,#9732,#9733,#9734,#9735,#9736,#9737,
#9738,#9739,#9740,#9741,#9742,#9743,#9744,#9745,#9746,#9747,#9748,#9749,
#9750,#9751,#9752,#9753,#9754,#9755,#9756,#9757,#9758,#9759,#9760,#9761,
#9762,#9763,#9764,#9765,#9766,#9767,#9768,#9769,#9770,#9771,#9772,#9773,
#9774,#9775,#9776,#9777,#9778,#9779,#9780,#9781,#9782,#9783,#9784,#9785,
#9786,#9787,#9788,#9789,#9790,#9791,#9792,#9793,#9794,#9795,#9796,#9797,
#9798,#9799,#9800,#9801,#9802,#9803,#9804,#9805,#9806,#9807,#9808,#9809,
#9810,#9811,#9812,#9813,#9814,#9815,#9816,#9817,#9818,#9819,#9820,#9821,
#9822,#9823,#9824,#9825,#9826,#9827,#9828,#9829,#9830,#9831,#9832,#9833,
#9834,#9835,#9836,#9837,#9838,#9839,#9840,#9841,#9842,#9843,#9844,#9845,
#9846,#9847,#9848,#9849,#9850,#9851));
#10160=CLOSED_SHELL('',(#9852,#9853,#9854,#9855,#9856,#9857,#9858,#9859,
#9860,#9861,#9862,#9863,#9864,#9865,#9866,#9867,#9868,#9869,#9870,#9871,
#9872,#9873,#9874,#9875,#9876,#9877,#9878,#9879,#9880,#9881,#9882,#9883,
#9884,#9885,#9886,#9887,#9888,#9889,#9890,#9891));
#10161=CLOSED_SHELL('',(#9892,#9893,#9894,#9895,#9896,#9897,#9898,#9899,
#9900,#9901,#9902,#9903,#9904));
#10162=CLOSED_SHELL('',(#9905,#9906,#9907,#9908,#9909,#9910,#9911,#9912,
#9913));
#10163=CLOSED_SHELL('',(#9914,#9915,#9916,#9917,#9918,#9919,#9920,#9921,
#9922));
#10164=CLOSED_SHELL('',(#9923,#9924,#9925,#9926,#9927,#9928,#9929,#9930,
#9931));
#10165=CLOSED_SHELL('',(#9932,#9933,#9934,#9935,#9936,#9937,#9938,#9939,
#9940));
#10166=CLOSED_SHELL('',(#9941,#9942,#9943,#9944,#9945,#9946,#9947,#9948,
#9949));
#10167=CLOSED_SHELL('',(#9950,#9951,#9952,#9953,#9954,#9955,#9956,#9957,
#9958,#9959,#9960,#9961,#9962,#9963,#9964,#9965,#9966,#9967,#9968,#9969,
#9970,#9971,#9972,#9973,#9974,#9975,#9976,#9977,#9978,#9979,#9980,#9981,
#9982,#9983,#9984,#9985,#9986,#9987,#9988,#9989,#9990,#9991,#9992,#9993,
#9994,#9995,#9996,#9997,#9998,#9999,#10000,#10001,#10002,#10003,#10004,
#10005,#10006,#10007,#10008,#10009,#10010,#10011,#10012,#10013,#10014,#10015,
#10016,#10017,#10018,#10019,#10020,#10021,#10022,#10023,#10024,#10025,#10026,
#10027,#10028,#10029,#10030,#10031,#10032,#10033,#10034,#10035,#10036,#10037,
#10038,#10039,#10040,#10041,#10042,#10043));
#10168=CLOSED_SHELL('',(#10044,#10045,#10046,#10047,#10048,#10049,#10050,
#10051,#10052));
#10169=CLOSED_SHELL('',(#10053,#10054,#10055,#10056,#10057,#10058,#10059,
#10060,#10061));
#10170=CLOSED_SHELL('',(#10062,#10063,#10064,#10065,#10066,#10067,#10068,
#10069,#10070));
#10171=CLOSED_SHELL('',(#10071,#10072,#10073,#10074,#10075,#10076,#10077,
#10078,#10079,#10080,#10081,#10082,#10083,#10084,#10085,#10086,#10087,#10088,
#10089,#10090,#10091,#10092,#10093,#10094,#10095,#10096,#10097,#10098,#10099,
#10100,#10101,#10102,#10103,#10104,#10105,#10106,#10107,#10108,#10109,#10110,
#10111,#10112,#10113,#10114,#10115,#10116,#10117,#10118,#10119,#10120,#10121,
#10122,#10123,#10124,#10125,#10126,#10127,#10128,#10129,#10130,#10131));
#10172=CLOSED_SHELL('',(#10132,#10133,#10134,#10135,#10136,#10137,#10138,
#10139,#10140,#10141,#10142,#10143,#10144,#10145));
#10173=CLOSED_SHELL('',(#10146,#10147,#10148,#10149,#10150,#10151));
#10174=CLOSED_SHELL('',(#10152,#10153,#10154,#10155,#10156,#10157));
#10175=DERIVED_UNIT_ELEMENT(#10201,1.);
#10176=DERIVED_UNIT_ELEMENT(#16592,-3.);
#10177=DERIVED_UNIT_ELEMENT(#10201,1.);
#10178=DERIVED_UNIT_ELEMENT(#16592,-3.);
#10179=DERIVED_UNIT_ELEMENT(#10201,1.);
#10180=DERIVED_UNIT_ELEMENT(#16592,-3.);
#10181=DERIVED_UNIT_ELEMENT(#10201,1.);
#10182=DERIVED_UNIT_ELEMENT(#16592,-3.);
#10183=DERIVED_UNIT_ELEMENT(#10201,1.);
#10184=DERIVED_UNIT_ELEMENT(#16592,-3.);
#10185=DERIVED_UNIT_ELEMENT(#10201,1.);
#10186=DERIVED_UNIT_ELEMENT(#16592,-3.);
#10187=DERIVED_UNIT_ELEMENT(#10201,1.);
#10188=DERIVED_UNIT_ELEMENT(#16592,-3.);
#10189=DERIVED_UNIT_ELEMENT(#10201,1.);
#10190=DERIVED_UNIT_ELEMENT(#16592,-3.);
#10191=DERIVED_UNIT_ELEMENT(#10201,1.);
#10192=DERIVED_UNIT_ELEMENT(#16592,-3.);
#10193=DERIVED_UNIT_ELEMENT(#10201,1.);
#10194=DERIVED_UNIT_ELEMENT(#16592,-3.);
#10195=DERIVED_UNIT_ELEMENT(#10201,1.);
#10196=DERIVED_UNIT_ELEMENT(#16592,-3.);
#10197=DERIVED_UNIT_ELEMENT(#10201,1.);
#10198=DERIVED_UNIT_ELEMENT(#16592,-3.);
#10199=DERIVED_UNIT_ELEMENT(#10201,1.);
#10200=DERIVED_UNIT_ELEMENT(#16592,-3.);
#10201=(
MASS_UNIT()
NAMED_UNIT(*)
SI_UNIT(.KILO.,.GRAM.)
);
#10202=DERIVED_UNIT((#10175,#10176));
#10203=DERIVED_UNIT((#10177,#10178));
#10204=DERIVED_UNIT((#10179,#10180));
#10205=DERIVED_UNIT((#10181,#10182));
#10206=DERIVED_UNIT((#10183,#10184));
#10207=DERIVED_UNIT((#10185,#10186));
#10208=DERIVED_UNIT((#10187,#10188));
#10209=DERIVED_UNIT((#10189,#10190));
#10210=DERIVED_UNIT((#10191,#10192));
#10211=DERIVED_UNIT((#10193,#10194));
#10212=DERIVED_UNIT((#10195,#10196));
#10213=DERIVED_UNIT((#10197,#10198));
#10214=DERIVED_UNIT((#10199,#10200));
#10215=MEASURE_REPRESENTATION_ITEM('density measure',
POSITIVE_RATIO_MEASURE(7850.),#10202);
#10216=MEASURE_REPRESENTATION_ITEM('density measure',
POSITIVE_RATIO_MEASURE(7850.),#10203);
#10217=MEASURE_REPRESENTATION_ITEM('density measure',
POSITIVE_RATIO_MEASURE(7850.),#10204);
#10218=MEASURE_REPRESENTATION_ITEM('density measure',
POSITIVE_RATIO_MEASURE(7850.),#10205);
#10219=MEASURE_REPRESENTATION_ITEM('density measure',
POSITIVE_RATIO_MEASURE(7850.),#10206);
#10220=MEASURE_REPRESENTATION_ITEM('density measure',
POSITIVE_RATIO_MEASURE(7850.),#10207);
#10221=MEASURE_REPRESENTATION_ITEM('density measure',
POSITIVE_RATIO_MEASURE(7850.),#10208);
#10222=MEASURE_REPRESENTATION_ITEM('density measure',
POSITIVE_RATIO_MEASURE(7850.),#10209);
#10223=MEASURE_REPRESENTATION_ITEM('density measure',
POSITIVE_RATIO_MEASURE(7850.),#10210);
#10224=MEASURE_REPRESENTATION_ITEM('density measure',
POSITIVE_RATIO_MEASURE(7850.),#10211);
#10225=MEASURE_REPRESENTATION_ITEM('density measure',
POSITIVE_RATIO_MEASURE(7850.),#10212);
#10226=MEASURE_REPRESENTATION_ITEM('density measure',
POSITIVE_RATIO_MEASURE(7850.),#10213);
#10227=MEASURE_REPRESENTATION_ITEM('density measure',
POSITIVE_RATIO_MEASURE(7850.),#10214);
#10228=PROPERTY_DEFINITION_REPRESENTATION(#10293,#10254);
#10229=PROPERTY_DEFINITION_REPRESENTATION(#10294,#10255);
#10230=PROPERTY_DEFINITION_REPRESENTATION(#10295,#10256);
#10231=PROPERTY_DEFINITION_REPRESENTATION(#10296,#10257);
#10232=PROPERTY_DEFINITION_REPRESENTATION(#10297,#10258);
#10233=PROPERTY_DEFINITION_REPRESENTATION(#10298,#10259);
#10234=PROPERTY_DEFINITION_REPRESENTATION(#10299,#10260);
#10235=PROPERTY_DEFINITION_REPRESENTATION(#10300,#10261);
#10236=PROPERTY_DEFINITION_REPRESENTATION(#10301,#10262);
#10237=PROPERTY_DEFINITION_REPRESENTATION(#10302,#10263);
#10238=PROPERTY_DEFINITION_REPRESENTATION(#10303,#10264);
#10239=PROPERTY_DEFINITION_REPRESENTATION(#10304,#10265);
#10240=PROPERTY_DEFINITION_REPRESENTATION(#10305,#10266);
#10241=PROPERTY_DEFINITION_REPRESENTATION(#10306,#10267);
#10242=PROPERTY_DEFINITION_REPRESENTATION(#10307,#10268);
#10243=PROPERTY_DEFINITION_REPRESENTATION(#10308,#10269);
#10244=PROPERTY_DEFINITION_REPRESENTATION(#10309,#10270);
#10245=PROPERTY_DEFINITION_REPRESENTATION(#10310,#10271);
#10246=PROPERTY_DEFINITION_REPRESENTATION(#10311,#10272);
#10247=PROPERTY_DEFINITION_REPRESENTATION(#10312,#10273);
#10248=PROPERTY_DEFINITION_REPRESENTATION(#10313,#10274);
#10249=PROPERTY_DEFINITION_REPRESENTATION(#10314,#10275);
#10250=PROPERTY_DEFINITION_REPRESENTATION(#10315,#10276);
#10251=PROPERTY_DEFINITION_REPRESENTATION(#10316,#10277);
#10252=PROPERTY_DEFINITION_REPRESENTATION(#10317,#10278);
#10253=PROPERTY_DEFINITION_REPRESENTATION(#10318,#10279);
#10254=REPRESENTATION('material name',(#10280),#16575);
#10255=REPRESENTATION('density',(#10215),#16575);
#10256=REPRESENTATION('material name',(#10281),#16577);
#10257=REPRESENTATION('density',(#10216),#16577);
#10258=REPRESENTATION('material name',(#10282),#16578);
#10259=REPRESENTATION('density',(#10217),#16578);
#10260=REPRESENTATION('material name',(#10283),#16580);
#10261=REPRESENTATION('density',(#10218),#16580);
#10262=REPRESENTATION('material name',(#10284),#16581);
#10263=REPRESENTATION('density',(#10219),#16581);
#10264=REPRESENTATION('material name',(#10285),#16582);
#10265=REPRESENTATION('density',(#10220),#16582);
#10266=REPRESENTATION('material name',(#10286),#16583);
#10267=REPRESENTATION('density',(#10221),#16583);
#10268=REPRESENTATION('material name',(#10287),#16584);
#10269=REPRESENTATION('density',(#10222),#16584);
#10270=REPRESENTATION('material name',(#10288),#16585);
#10271=REPRESENTATION('density',(#10223),#16585);
#10272=REPRESENTATION('material name',(#10289),#16586);
#10273=REPRESENTATION('density',(#10224),#16586);
#10274=REPRESENTATION('material name',(#10290),#16587);
#10275=REPRESENTATION('density',(#10225),#16587);
#10276=REPRESENTATION('material name',(#10291),#16588);
#10277=REPRESENTATION('density',(#10226),#16588);
#10278=REPRESENTATION('material name',(#10292),#16589);
#10279=REPRESENTATION('density',(#10227),#16589);
#10280=DESCRIPTIVE_REPRESENTATION_ITEM('Steel','Steel');
#10281=DESCRIPTIVE_REPRESENTATION_ITEM('Steel','Steel');
#10282=DESCRIPTIVE_REPRESENTATION_ITEM('Steel','Steel');
#10283=DESCRIPTIVE_REPRESENTATION_ITEM('Steel','Steel');
#10284=DESCRIPTIVE_REPRESENTATION_ITEM('Steel','Steel');
#10285=DESCRIPTIVE_REPRESENTATION_ITEM('Steel','Steel');
#10286=DESCRIPTIVE_REPRESENTATION_ITEM('Steel','Steel');
#10287=DESCRIPTIVE_REPRESENTATION_ITEM('Steel','Steel');
#10288=DESCRIPTIVE_REPRESENTATION_ITEM('Steel','Steel');
#10289=DESCRIPTIVE_REPRESENTATION_ITEM('Steel','Steel');
#10290=DESCRIPTIVE_REPRESENTATION_ITEM('Steel','Steel');
#10291=DESCRIPTIVE_REPRESENTATION_ITEM('Steel','Steel');
#10292=DESCRIPTIVE_REPRESENTATION_ITEM('Steel','Steel');
#10293=PROPERTY_DEFINITION('material property','material name',#16665);
#10294=PROPERTY_DEFINITION('material property','density of part',#16665);
#10295=PROPERTY_DEFINITION('material property','material name',#16667);
#10296=PROPERTY_DEFINITION('material property','density of part',#16667);
#10297=PROPERTY_DEFINITION('material property','material name',#16668);
#10298=PROPERTY_DEFINITION('material property','density of part',#16668);
#10299=PROPERTY_DEFINITION('material property','material name',#16670);
#10300=PROPERTY_DEFINITION('material property','density of part',#16670);
#10301=PROPERTY_DEFINITION('material property','material name',#16671);
#10302=PROPERTY_DEFINITION('material property','density of part',#16671);
#10303=PROPERTY_DEFINITION('material property','material name',#16672);
#10304=PROPERTY_DEFINITION('material property','density of part',#16672);
#10305=PROPERTY_DEFINITION('material property','material name',#16673);
#10306=PROPERTY_DEFINITION('material property','density of part',#16673);
#10307=PROPERTY_DEFINITION('material property','material name',#16674);
#10308=PROPERTY_DEFINITION('material property','density of part',#16674);
#10309=PROPERTY_DEFINITION('material property','material name',#16675);
#10310=PROPERTY_DEFINITION('material property','density of part',#16675);
#10311=PROPERTY_DEFINITION('material property','material name',#16676);
#10312=PROPERTY_DEFINITION('material property','density of part',#16676);
#10313=PROPERTY_DEFINITION('material property','material name',#16677);
#10314=PROPERTY_DEFINITION('material property','density of part',#16677);
#10315=PROPERTY_DEFINITION('material property','material name',#16678);
#10316=PROPERTY_DEFINITION('material property','density of part',#16678);
#10317=PROPERTY_DEFINITION('material property','material name',#16679);
#10318=PROPERTY_DEFINITION('material property','density of part',#16679);
#10319=AXIS2_PLACEMENT_3D('',#13797,#11113,#11114);
#10320=AXIS2_PLACEMENT_3D('',#13798,#11115,#11116);
#10321=AXIS2_PLACEMENT_3D('',#13799,#11117,#11118);
#10322=AXIS2_PLACEMENT_3D('',#13800,#11119,#11120);
#10323=AXIS2_PLACEMENT_3D('',#13802,#11121,#11122);
#10324=AXIS2_PLACEMENT_3D('',#13805,#11124,#11125);
#10325=AXIS2_PLACEMENT_3D('',#13806,#11126,#11127);
#10326=AXIS2_PLACEMENT_3D('',#13808,#11128,#11129);
#10327=AXIS2_PLACEMENT_3D('',#13809,#11130,#11131);
#10328=AXIS2_PLACEMENT_3D('',#13810,#11132,#11133);
#10329=AXIS2_PLACEMENT_3D('',#13812,#11134,#11135);
#10330=AXIS2_PLACEMENT_3D('',#13813,#11136,#11137);
#10331=AXIS2_PLACEMENT_3D('',#13814,#11138,#11139);
#10332=AXIS2_PLACEMENT_3D('',#13816,#11140,#11141);
#10333=AXIS2_PLACEMENT_3D('',#13818,#11142,#11143);
#10334=AXIS2_PLACEMENT_3D('',#13819,#11144,#11145);
#10335=AXIS2_PLACEMENT_3D('',#13821,#11146,#11147);
#10336=AXIS2_PLACEMENT_3D('',#13822,#11148,#11149);
#10337=AXIS2_PLACEMENT_3D('',#13825,#11151,#11152);
#10338=AXIS2_PLACEMENT_3D('',#13826,#11153,#11154);
#10339=AXIS2_PLACEMENT_3D('',#13829,#11156,#11157);
#10340=AXIS2_PLACEMENT_3D('',#13830,#11158,#11159);
#10341=AXIS2_PLACEMENT_3D('',#13833,#11161,#11162);
#10342=AXIS2_PLACEMENT_3D('',#13834,#11163,#11164);
#10343=AXIS2_PLACEMENT_3D('',#13836,#11165,#11166);
#10344=AXIS2_PLACEMENT_3D('',#13837,#11167,#11168);
#10345=AXIS2_PLACEMENT_3D('',#13838,#11169,#11170);
#10346=AXIS2_PLACEMENT_3D('',#13840,#11171,#11172);
#10347=AXIS2_PLACEMENT_3D('',#13841,#11173,#11174);
#10348=AXIS2_PLACEMENT_3D('',#13842,#11175,#11176);
#10349=AXIS2_PLACEMENT_3D('',#13843,#11177,#11178);
#10350=AXIS2_PLACEMENT_3D('',#13844,#11179,#11180);
#10351=AXIS2_PLACEMENT_3D('',#13845,#11181,#11182);
#10352=AXIS2_PLACEMENT_3D('',#13846,#11183,#11184);
#10353=AXIS2_PLACEMENT_3D('',#13847,#11185,#11186);
#10354=AXIS2_PLACEMENT_3D('',#13848,#11187,#11188);
#10355=AXIS2_PLACEMENT_3D('',#13857,#11193,#11194);
#10356=AXIS2_PLACEMENT_3D('',#13871,#11202,#11203);
#10357=AXIS2_PLACEMENT_3D('',#13885,#11211,#11212);
#10358=AXIS2_PLACEMENT_3D('',#13887,#11214,#11215);
#10359=AXIS2_PLACEMENT_3D('',#13953,#11249,#11250);
#10360=AXIS2_PLACEMENT_3D('',#13956,#11253,#11254);
#10361=AXIS2_PLACEMENT_3D('',#13958,#11256,#11257);
#10362=AXIS2_PLACEMENT_3D('',#14088,#11323,#11324);
#10363=AXIS2_PLACEMENT_3D('',#14089,#11325,#11326);
#10364=AXIS2_PLACEMENT_3D('',#14090,#11327,#11328);
#10365=AXIS2_PLACEMENT_3D('',#14096,#11332,#11333);
#10366=AXIS2_PLACEMENT_3D('',#14100,#11336,#11337);
#10367=AXIS2_PLACEMENT_3D('',#14104,#11340,#11341);
#10368=AXIS2_PLACEMENT_3D('',#14106,#11343,#11344);
#10369=AXIS2_PLACEMENT_3D('',#14112,#11348,#11349);
#10370=AXIS2_PLACEMENT_3D('',#14116,#11352,#11353);
#10371=AXIS2_PLACEMENT_3D('',#14120,#11356,#11357);
#10372=AXIS2_PLACEMENT_3D('',#14122,#11359,#11360);
#10373=AXIS2_PLACEMENT_3D('',#14128,#11364,#11365);
#10374=AXIS2_PLACEMENT_3D('',#14132,#11368,#11369);
#10375=AXIS2_PLACEMENT_3D('',#14136,#11372,#11373);
#10376=AXIS2_PLACEMENT_3D('',#14138,#11375,#11376);
#10377=AXIS2_PLACEMENT_3D('',#14144,#11380,#11381);
#10378=AXIS2_PLACEMENT_3D('',#14148,#11384,#11385);
#10379=AXIS2_PLACEMENT_3D('',#14152,#11388,#11389);
#10380=AXIS2_PLACEMENT_3D('',#14154,#11391,#11392);
#10381=AXIS2_PLACEMENT_3D('',#14160,#11396,#11397);
#10382=AXIS2_PLACEMENT_3D('',#14164,#11400,#11401);
#10383=AXIS2_PLACEMENT_3D('',#14168,#11404,#11405);
#10384=AXIS2_PLACEMENT_3D('',#14170,#11407,#11408);
#10385=AXIS2_PLACEMENT_3D('',#14176,#11412,#11413);
#10386=AXIS2_PLACEMENT_3D('',#14180,#11416,#11417);
#10387=AXIS2_PLACEMENT_3D('',#14184,#11420,#11421);
#10388=AXIS2_PLACEMENT_3D('',#14186,#11423,#11424);
#10389=AXIS2_PLACEMENT_3D('',#14192,#11428,#11429);
#10390=AXIS2_PLACEMENT_3D('',#14196,#11432,#11433);
#10391=AXIS2_PLACEMENT_3D('',#14200,#11436,#11437);
#10392=AXIS2_PLACEMENT_3D('',#14202,#11439,#11440);
#10393=AXIS2_PLACEMENT_3D('',#14208,#11444,#11445);
#10394=AXIS2_PLACEMENT_3D('',#14212,#11448,#11449);
#10395=AXIS2_PLACEMENT_3D('',#14216,#11452,#11453);
#10396=AXIS2_PLACEMENT_3D('',#14218,#11455,#11456);
#10397=AXIS2_PLACEMENT_3D('',#14220,#11458,#11459);
#10398=AXIS2_PLACEMENT_3D('',#14230,#11465,#11466);
#10399=AXIS2_PLACEMENT_3D('',#14232,#11468,#11469);
#10400=AXIS2_PLACEMENT_3D('',#14242,#11475,#11476);
#10401=AXIS2_PLACEMENT_3D('',#14244,#11478,#11479);
#10402=AXIS2_PLACEMENT_3D('',#14254,#11485,#11486);
#10403=AXIS2_PLACEMENT_3D('',#14256,#11488,#11489);
#10404=AXIS2_PLACEMENT_3D('',#14266,#11495,#11496);
#10405=AXIS2_PLACEMENT_3D('',#14268,#11498,#11499);
#10406=AXIS2_PLACEMENT_3D('',#14278,#11505,#11506);
#10407=AXIS2_PLACEMENT_3D('',#14280,#11508,#11509);
#10408=AXIS2_PLACEMENT_3D('',#14290,#11515,#11516);
#10409=AXIS2_PLACEMENT_3D('',#14292,#11518,#11519);
#10410=AXIS2_PLACEMENT_3D('',#14302,#11525,#11526);
#10411=AXIS2_PLACEMENT_3D('',#14304,#11528,#11529);
#10412=AXIS2_PLACEMENT_3D('',#14314,#11535,#11536);
#10413=AXIS2_PLACEMENT_3D('',#14316,#11538,#11539);
#10414=AXIS2_PLACEMENT_3D('',#14326,#11545,#11546);
#10415=AXIS2_PLACEMENT_3D('',#14328,#11548,#11549);
#10416=AXIS2_PLACEMENT_3D('',#14338,#11555,#11556);
#10417=AXIS2_PLACEMENT_3D('',#14340,#11558,#11559);
#10418=AXIS2_PLACEMENT_3D('',#14350,#11565,#11566);
#10419=AXIS2_PLACEMENT_3D('',#14352,#11568,#11569);
#10420=AXIS2_PLACEMENT_3D('',#14362,#11575,#11576);
#10421=AXIS2_PLACEMENT_3D('',#14364,#11578,#11579);
#10422=AXIS2_PLACEMENT_3D('',#14374,#11585,#11586);
#10423=AXIS2_PLACEMENT_3D('',#14376,#11588,#11589);
#10424=AXIS2_PLACEMENT_3D('',#14386,#11595,#11596);
#10425=AXIS2_PLACEMENT_3D('',#14388,#11598,#11599);
#10426=AXIS2_PLACEMENT_3D('',#14398,#11605,#11606);
#10427=AXIS2_PLACEMENT_3D('',#14400,#11608,#11609);
#10428=AXIS2_PLACEMENT_3D('',#14410,#11615,#11616);
#10429=AXIS2_PLACEMENT_3D('',#14416,#11620,#11621);
#10430=AXIS2_PLACEMENT_3D('',#14428,#11628,#11629);
#10431=AXIS2_PLACEMENT_3D('',#14432,#11632,#11633);
#10432=AXIS2_PLACEMENT_3D('',#14442,#11639,#11640);
#10433=AXIS2_PLACEMENT_3D('',#14448,#11644,#11645);
#10434=AXIS2_PLACEMENT_3D('',#14460,#11652,#11653);
#10435=AXIS2_PLACEMENT_3D('',#14464,#11656,#11657);
#10436=AXIS2_PLACEMENT_3D('',#14474,#11663,#11664);
#10437=AXIS2_PLACEMENT_3D('',#14480,#11668,#11669);
#10438=AXIS2_PLACEMENT_3D('',#14492,#11676,#11677);
#10439=AXIS2_PLACEMENT_3D('',#14496,#11680,#11681);
#10440=AXIS2_PLACEMENT_3D('',#14506,#11687,#11688);
#10441=AXIS2_PLACEMENT_3D('',#14512,#11692,#11693);
#10442=AXIS2_PLACEMENT_3D('',#14524,#11700,#11701);
#10443=AXIS2_PLACEMENT_3D('',#14528,#11704,#11705);
#10444=AXIS2_PLACEMENT_3D('',#14538,#11711,#11712);
#10445=AXIS2_PLACEMENT_3D('',#14544,#11716,#11717);
#10446=AXIS2_PLACEMENT_3D('',#14556,#11724,#11725);
#10447=AXIS2_PLACEMENT_3D('',#14560,#11728,#11729);
#10448=AXIS2_PLACEMENT_3D('',#14570,#11735,#11736);
#10449=AXIS2_PLACEMENT_3D('',#14576,#11740,#11741);
#10450=AXIS2_PLACEMENT_3D('',#14588,#11748,#11749);
#10451=AXIS2_PLACEMENT_3D('',#14592,#11752,#11753);
#10452=AXIS2_PLACEMENT_3D('',#14602,#11759,#11760);
#10453=AXIS2_PLACEMENT_3D('',#14608,#11764,#11765);
#10454=AXIS2_PLACEMENT_3D('',#14620,#11772,#11773);
#10455=AXIS2_PLACEMENT_3D('',#14624,#11776,#11777);
#10456=AXIS2_PLACEMENT_3D('',#14634,#11783,#11784);
#10457=AXIS2_PLACEMENT_3D('',#14640,#11788,#11789);
#10458=AXIS2_PLACEMENT_3D('',#14652,#11796,#11797);
#10459=AXIS2_PLACEMENT_3D('',#14656,#11800,#11801);
#10460=AXIS2_PLACEMENT_3D('',#14666,#11807,#11808);
#10461=AXIS2_PLACEMENT_3D('',#14668,#11810,#11811);
#10462=AXIS2_PLACEMENT_3D('',#14670,#11813,#11814);
#10463=AXIS2_PLACEMENT_3D('',#14672,#11816,#11817);
#10464=AXIS2_PLACEMENT_3D('',#14674,#11819,#11820);
#10465=AXIS2_PLACEMENT_3D('',#14675,#11821,#11822);
#10466=AXIS2_PLACEMENT_3D('',#14677,#11824,#11825);
#10467=AXIS2_PLACEMENT_3D('',#14679,#11827,#11828);
#10468=AXIS2_PLACEMENT_3D('',#14681,#11830,#11831);
#10469=AXIS2_PLACEMENT_3D('',#14683,#11833,#11834);
#10470=AXIS2_PLACEMENT_3D('',#14684,#11835,#11836);
#10471=AXIS2_PLACEMENT_3D('',#14686,#11838,#11839);
#10472=AXIS2_PLACEMENT_3D('',#14688,#11841,#11842);
#10473=AXIS2_PLACEMENT_3D('',#14690,#11844,#11845);
#10474=AXIS2_PLACEMENT_3D('',#14692,#11847,#11848);
#10475=AXIS2_PLACEMENT_3D('',#14693,#11849,#11850);
#10476=AXIS2_PLACEMENT_3D('',#14695,#11852,#11853);
#10477=AXIS2_PLACEMENT_3D('',#14697,#11855,#11856);
#10478=AXIS2_PLACEMENT_3D('',#14699,#11858,#11859);
#10479=AXIS2_PLACEMENT_3D('',#14701,#11861,#11862);
#10480=AXIS2_PLACEMENT_3D('',#14702,#11863,#11864);
#10481=AXIS2_PLACEMENT_3D('',#14704,#11866,#11867);
#10482=AXIS2_PLACEMENT_3D('',#14706,#11869,#11870);
#10483=AXIS2_PLACEMENT_3D('',#14708,#11872,#11873);
#10484=AXIS2_PLACEMENT_3D('',#14710,#11875,#11876);
#10485=AXIS2_PLACEMENT_3D('',#14711,#11877,#11878);
#10486=AXIS2_PLACEMENT_3D('',#14713,#11880,#11881);
#10487=AXIS2_PLACEMENT_3D('',#14715,#11883,#11884);
#10488=AXIS2_PLACEMENT_3D('',#14717,#11886,#11887);
#10489=AXIS2_PLACEMENT_3D('',#14719,#11889,#11890);
#10490=AXIS2_PLACEMENT_3D('',#14720,#11891,#11892);
#10491=AXIS2_PLACEMENT_3D('',#14722,#11894,#11895);
#10492=AXIS2_PLACEMENT_3D('',#14724,#11897,#11898);
#10493=AXIS2_PLACEMENT_3D('',#14726,#11900,#11901);
#10494=AXIS2_PLACEMENT_3D('',#14728,#11903,#11904);
#10495=AXIS2_PLACEMENT_3D('',#14729,#11905,#11906);
#10496=AXIS2_PLACEMENT_3D('',#14731,#11908,#11909);
#10497=AXIS2_PLACEMENT_3D('',#14733,#11911,#11912);
#10498=AXIS2_PLACEMENT_3D('',#14735,#11914,#11915);
#10499=AXIS2_PLACEMENT_3D('',#14737,#11917,#11918);
#10500=AXIS2_PLACEMENT_3D('',#14738,#11919,#11920);
#10501=AXIS2_PLACEMENT_3D('',#14740,#11922,#11923);
#10502=AXIS2_PLACEMENT_3D('',#14742,#11925,#11926);
#10503=AXIS2_PLACEMENT_3D('',#14752,#11932,#11933);
#10504=AXIS2_PLACEMENT_3D('',#14756,#11936,#11937);
#10505=AXIS2_PLACEMENT_3D('',#14764,#11942,#11943);
#10506=AXIS2_PLACEMENT_3D('',#14766,#11945,#11946);
#10507=AXIS2_PLACEMENT_3D('',#14768,#11948,#11949);
#10508=AXIS2_PLACEMENT_3D('',#14770,#11951,#11952);
#10509=AXIS2_PLACEMENT_3D('',#14780,#11958,#11959);
#10510=AXIS2_PLACEMENT_3D('',#14784,#11962,#11963);
#10511=AXIS2_PLACEMENT_3D('',#14792,#11968,#11969);
#10512=AXIS2_PLACEMENT_3D('',#14794,#11971,#11972);
#10513=AXIS2_PLACEMENT_3D('',#14796,#11974,#11975);
#10514=AXIS2_PLACEMENT_3D('',#14798,#11977,#11978);
#10515=AXIS2_PLACEMENT_3D('',#14808,#11984,#11985);
#10516=AXIS2_PLACEMENT_3D('',#14812,#11988,#11989);
#10517=AXIS2_PLACEMENT_3D('',#14820,#11994,#11995);
#10518=AXIS2_PLACEMENT_3D('',#14822,#11997,#11998);
#10519=AXIS2_PLACEMENT_3D('',#14824,#12000,#12001);
#10520=AXIS2_PLACEMENT_3D('',#14826,#12003,#12004);
#10521=AXIS2_PLACEMENT_3D('',#14836,#12010,#12011);
#10522=AXIS2_PLACEMENT_3D('',#14840,#12014,#12015);
#10523=AXIS2_PLACEMENT_3D('',#14848,#12020,#12021);
#10524=AXIS2_PLACEMENT_3D('',#14850,#12023,#12024);
#10525=AXIS2_PLACEMENT_3D('',#14852,#12026,#12027);
#10526=AXIS2_PLACEMENT_3D('',#14854,#12029,#12030);
#10527=AXIS2_PLACEMENT_3D('',#14864,#12036,#12037);
#10528=AXIS2_PLACEMENT_3D('',#14868,#12040,#12041);
#10529=AXIS2_PLACEMENT_3D('',#14876,#12046,#12047);
#10530=AXIS2_PLACEMENT_3D('',#14878,#12049,#12050);
#10531=AXIS2_PLACEMENT_3D('',#14880,#12052,#12053);
#10532=AXIS2_PLACEMENT_3D('',#14882,#12055,#12056);
#10533=AXIS2_PLACEMENT_3D('',#14892,#12062,#12063);
#10534=AXIS2_PLACEMENT_3D('',#14896,#12066,#12067);
#10535=AXIS2_PLACEMENT_3D('',#14904,#12072,#12073);
#10536=AXIS2_PLACEMENT_3D('',#14906,#12075,#12076);
#10537=AXIS2_PLACEMENT_3D('',#14908,#12078,#12079);
#10538=AXIS2_PLACEMENT_3D('',#14910,#12081,#12082);
#10539=AXIS2_PLACEMENT_3D('',#14920,#12088,#12089);
#10540=AXIS2_PLACEMENT_3D('',#14924,#12092,#12093);
#10541=AXIS2_PLACEMENT_3D('',#14932,#12098,#12099);
#10542=AXIS2_PLACEMENT_3D('',#14934,#12101,#12102);
#10543=AXIS2_PLACEMENT_3D('',#14936,#12104,#12105);
#10544=AXIS2_PLACEMENT_3D('',#14938,#12107,#12108);
#10545=AXIS2_PLACEMENT_3D('',#14948,#12114,#12115);
#10546=AXIS2_PLACEMENT_3D('',#14952,#12118,#12119);
#10547=AXIS2_PLACEMENT_3D('',#14960,#12124,#12125);
#10548=AXIS2_PLACEMENT_3D('',#14962,#12127,#12128);
#10549=AXIS2_PLACEMENT_3D('',#14964,#12130,#12131);
#10550=AXIS2_PLACEMENT_3D('',#14966,#12133,#12134);
#10551=AXIS2_PLACEMENT_3D('',#14967,#12135,#12136);
#10552=AXIS2_PLACEMENT_3D('',#14969,#12138,#12139);
#10553=AXIS2_PLACEMENT_3D('',#14971,#12141,#12142);
#10554=AXIS2_PLACEMENT_3D('',#14972,#12143,#12144);
#10555=AXIS2_PLACEMENT_3D('',#14974,#12146,#12147);
#10556=AXIS2_PLACEMENT_3D('',#14976,#12149,#12150);
#10557=AXIS2_PLACEMENT_3D('',#14977,#12151,#12152);
#10558=AXIS2_PLACEMENT_3D('',#14979,#12154,#12155);
#10559=AXIS2_PLACEMENT_3D('',#14981,#12157,#12158);
#10560=AXIS2_PLACEMENT_3D('',#14982,#12159,#12160);
#10561=AXIS2_PLACEMENT_3D('',#14984,#12162,#12163);
#10562=AXIS2_PLACEMENT_3D('',#14986,#12165,#12166);
#10563=AXIS2_PLACEMENT_3D('',#14987,#12167,#12168);
#10564=AXIS2_PLACEMENT_3D('',#14989,#12170,#12171);
#10565=AXIS2_PLACEMENT_3D('',#14991,#12173,#12174);
#10566=AXIS2_PLACEMENT_3D('',#14992,#12175,#12176);
#10567=AXIS2_PLACEMENT_3D('',#14994,#12178,#12179);
#10568=AXIS2_PLACEMENT_3D('',#14996,#12181,#12182);
#10569=AXIS2_PLACEMENT_3D('',#14997,#12183,#12184);
#10570=AXIS2_PLACEMENT_3D('',#14999,#12186,#12187);
#10571=AXIS2_PLACEMENT_3D('',#15001,#12189,#12190);
#10572=AXIS2_PLACEMENT_3D('',#15002,#12191,#12192);
#10573=AXIS2_PLACEMENT_3D('',#15003,#12193,#12194);
#10574=AXIS2_PLACEMENT_3D('',#15004,#12195,#12196);
#10575=AXIS2_PLACEMENT_3D('',#15013,#12201,#12202);
#10576=AXIS2_PLACEMENT_3D('',#15019,#12206,#12207);
#10577=AXIS2_PLACEMENT_3D('',#15025,#12211,#12212);
#10578=AXIS2_PLACEMENT_3D('',#15028,#12214,#12215);
#10579=AXIS2_PLACEMENT_3D('',#15030,#12216,#12217);
#10580=AXIS2_PLACEMENT_3D('',#15032,#12218,#12219);
#10581=AXIS2_PLACEMENT_3D('',#15034,#12220,#12221);
#10582=AXIS2_PLACEMENT_3D('',#15036,#12222,#12223);
#10583=AXIS2_PLACEMENT_3D('',#15038,#12224,#12225);
#10584=AXIS2_PLACEMENT_3D('',#15040,#12226,#12227);
#10585=AXIS2_PLACEMENT_3D('',#15042,#12228,#12229);
#10586=AXIS2_PLACEMENT_3D('',#15044,#12230,#12231);
#10587=AXIS2_PLACEMENT_3D('',#15046,#12232,#12233);
#10588=AXIS2_PLACEMENT_3D('',#15048,#12234,#12235);
#10589=AXIS2_PLACEMENT_3D('',#15050,#12236,#12237);
#10590=AXIS2_PLACEMENT_3D('',#15052,#12238,#12239);
#10591=AXIS2_PLACEMENT_3D('',#15054,#12240,#12241);
#10592=AXIS2_PLACEMENT_3D('',#15056,#12242,#12243);
#10593=AXIS2_PLACEMENT_3D('',#15058,#12244,#12245);
#10594=AXIS2_PLACEMENT_3D('',#15060,#12246,#12247);
#10595=AXIS2_PLACEMENT_3D('',#15062,#12248,#12249);
#10596=AXIS2_PLACEMENT_3D('',#15064,#12250,#12251);
#10597=AXIS2_PLACEMENT_3D('',#15066,#12252,#12253);
#10598=AXIS2_PLACEMENT_3D('',#15068,#12254,#12255);
#10599=AXIS2_PLACEMENT_3D('',#15070,#12256,#12257);
#10600=AXIS2_PLACEMENT_3D('',#15072,#12258,#12259);
#10601=AXIS2_PLACEMENT_3D('',#15074,#12260,#12261);
#10602=AXIS2_PLACEMENT_3D('',#15076,#12262,#12263);
#10603=AXIS2_PLACEMENT_3D('',#15078,#12264,#12265);
#10604=AXIS2_PLACEMENT_3D('',#15080,#12266,#12267);
#10605=AXIS2_PLACEMENT_3D('',#15082,#12268,#12269);
#10606=AXIS2_PLACEMENT_3D('',#15084,#12270,#12271);
#10607=AXIS2_PLACEMENT_3D('',#15086,#12272,#12273);
#10608=AXIS2_PLACEMENT_3D('',#15088,#12274,#12275);
#10609=AXIS2_PLACEMENT_3D('',#15090,#12276,#12277);
#10610=AXIS2_PLACEMENT_3D('',#15092,#12278,#12279);
#10611=AXIS2_PLACEMENT_3D('',#15094,#12280,#12281);
#10612=AXIS2_PLACEMENT_3D('',#15095,#12282,#12283);
#10613=AXIS2_PLACEMENT_3D('',#15098,#12285,#12286);
#10614=AXIS2_PLACEMENT_3D('',#15100,#12287,#12288);
#10615=AXIS2_PLACEMENT_3D('',#15102,#12289,#12290);
#10616=AXIS2_PLACEMENT_3D('',#15104,#12291,#12292);
#10617=AXIS2_PLACEMENT_3D('',#15106,#12293,#12294);
#10618=AXIS2_PLACEMENT_3D('',#15108,#12295,#12296);
#10619=AXIS2_PLACEMENT_3D('',#15110,#12297,#12298);
#10620=AXIS2_PLACEMENT_3D('',#15112,#12299,#12300);
#10621=AXIS2_PLACEMENT_3D('',#15114,#12301,#12302);
#10622=AXIS2_PLACEMENT_3D('',#15116,#12303,#12304);
#10623=AXIS2_PLACEMENT_3D('',#15118,#12305,#12306);
#10624=AXIS2_PLACEMENT_3D('',#15120,#12307,#12308);
#10625=AXIS2_PLACEMENT_3D('',#15122,#12309,#12310);
#10626=AXIS2_PLACEMENT_3D('',#15124,#12311,#12312);
#10627=AXIS2_PLACEMENT_3D('',#15126,#12313,#12314);
#10628=AXIS2_PLACEMENT_3D('',#15128,#12315,#12316);
#10629=AXIS2_PLACEMENT_3D('',#15130,#12317,#12318);
#10630=AXIS2_PLACEMENT_3D('',#15132,#12319,#12320);
#10631=AXIS2_PLACEMENT_3D('',#15134,#12321,#12322);
#10632=AXIS2_PLACEMENT_3D('',#15136,#12323,#12324);
#10633=AXIS2_PLACEMENT_3D('',#15138,#12325,#12326);
#10634=AXIS2_PLACEMENT_3D('',#15140,#12327,#12328);
#10635=AXIS2_PLACEMENT_3D('',#15142,#12329,#12330);
#10636=AXIS2_PLACEMENT_3D('',#15144,#12331,#12332);
#10637=AXIS2_PLACEMENT_3D('',#15146,#12333,#12334);
#10638=AXIS2_PLACEMENT_3D('',#15148,#12335,#12336);
#10639=AXIS2_PLACEMENT_3D('',#15150,#12337,#12338);
#10640=AXIS2_PLACEMENT_3D('',#15152,#12339,#12340);
#10641=AXIS2_PLACEMENT_3D('',#15154,#12341,#12342);
#10642=AXIS2_PLACEMENT_3D('',#15156,#12343,#12344);
#10643=AXIS2_PLACEMENT_3D('',#15158,#12345,#12346);
#10644=AXIS2_PLACEMENT_3D('',#15160,#12347,#12348);
#10645=AXIS2_PLACEMENT_3D('',#15162,#12349,#12350);
#10646=AXIS2_PLACEMENT_3D('',#15164,#12351,#12352);
#10647=AXIS2_PLACEMENT_3D('',#15165,#12353,#12354);
#10648=AXIS2_PLACEMENT_3D('',#15166,#12355,#12356);
#10649=AXIS2_PLACEMENT_3D('',#15168,#12358,#12359);
#10650=AXIS2_PLACEMENT_3D('',#15170,#12361,#12362);
#10651=AXIS2_PLACEMENT_3D('',#15172,#12364,#12365);
#10652=AXIS2_PLACEMENT_3D('',#15174,#12367,#12368);
#10653=AXIS2_PLACEMENT_3D('',#15176,#12370,#12371);
#10654=AXIS2_PLACEMENT_3D('',#15178,#12373,#12374);
#10655=AXIS2_PLACEMENT_3D('',#15180,#12376,#12377);
#10656=AXIS2_PLACEMENT_3D('',#15182,#12379,#12380);
#10657=AXIS2_PLACEMENT_3D('',#15184,#12382,#12383);
#10658=AXIS2_PLACEMENT_3D('',#15186,#12385,#12386);
#10659=AXIS2_PLACEMENT_3D('',#15188,#12388,#12389);
#10660=AXIS2_PLACEMENT_3D('',#15190,#12391,#12392);
#10661=AXIS2_PLACEMENT_3D('',#15192,#12394,#12395);
#10662=AXIS2_PLACEMENT_3D('',#15194,#12397,#12398);
#10663=AXIS2_PLACEMENT_3D('',#15196,#12400,#12401);
#10664=AXIS2_PLACEMENT_3D('',#15198,#12403,#12404);
#10665=AXIS2_PLACEMENT_3D('',#15200,#12406,#12407);
#10666=AXIS2_PLACEMENT_3D('',#15202,#12409,#12410);
#10667=AXIS2_PLACEMENT_3D('',#15204,#12412,#12413);
#10668=AXIS2_PLACEMENT_3D('',#15206,#12415,#12416);
#10669=AXIS2_PLACEMENT_3D('',#15208,#12418,#12419);
#10670=AXIS2_PLACEMENT_3D('',#15210,#12421,#12422);
#10671=AXIS2_PLACEMENT_3D('',#15212,#12424,#12425);
#10672=AXIS2_PLACEMENT_3D('',#15214,#12427,#12428);
#10673=AXIS2_PLACEMENT_3D('',#15216,#12430,#12431);
#10674=AXIS2_PLACEMENT_3D('',#15218,#12433,#12434);
#10675=AXIS2_PLACEMENT_3D('',#15220,#12436,#12437);
#10676=AXIS2_PLACEMENT_3D('',#15222,#12439,#12440);
#10677=AXIS2_PLACEMENT_3D('',#15224,#12442,#12443);
#10678=AXIS2_PLACEMENT_3D('',#15226,#12445,#12446);
#10679=AXIS2_PLACEMENT_3D('',#15228,#12448,#12449);
#10680=AXIS2_PLACEMENT_3D('',#15230,#12451,#12452);
#10681=AXIS2_PLACEMENT_3D('',#15232,#12454,#12455);
#10682=AXIS2_PLACEMENT_3D('',#15234,#12457,#12458);
#10683=AXIS2_PLACEMENT_3D('',#15235,#12459,#12460);
#10684=AXIS2_PLACEMENT_3D('',#15236,#12461,#12462);
#10685=AXIS2_PLACEMENT_3D('',#15245,#12467,#12468);
#10686=AXIS2_PLACEMENT_3D('',#15251,#12472,#12473);
#10687=AXIS2_PLACEMENT_3D('',#15255,#12476,#12477);
#10688=AXIS2_PLACEMENT_3D('',#15259,#12480,#12481);
#10689=AXIS2_PLACEMENT_3D('',#15261,#12483,#12484);
#10690=AXIS2_PLACEMENT_3D('',#15271,#12489,#12490);
#10691=AXIS2_PLACEMENT_3D('',#15273,#12491,#12492);
#10692=AXIS2_PLACEMENT_3D('',#15274,#12493,#12494);
#10693=AXIS2_PLACEMENT_3D('',#15284,#12499,#12500);
#10694=AXIS2_PLACEMENT_3D('',#15286,#12501,#12502);
#10695=AXIS2_PLACEMENT_3D('',#15287,#12503,#12504);
#10696=AXIS2_PLACEMENT_3D('',#15290,#12507,#12508);
#10697=AXIS2_PLACEMENT_3D('',#15292,#12510,#12511);
#10698=AXIS2_PLACEMENT_3D('',#15294,#12513,#12514);
#10699=AXIS2_PLACEMENT_3D('',#15296,#12516,#12517);
#10700=AXIS2_PLACEMENT_3D('',#15298,#12519,#12520);
#10701=AXIS2_PLACEMENT_3D('',#15299,#12521,#12522);
#10702=AXIS2_PLACEMENT_3D('',#15300,#12523,#12524);
#10703=AXIS2_PLACEMENT_3D('',#15302,#12525,#12526);
#10704=AXIS2_PLACEMENT_3D('',#15304,#12527,#12528);
#10705=AXIS2_PLACEMENT_3D('',#15305,#12529,#12530);
#10706=AXIS2_PLACEMENT_3D('',#15308,#12532,#12533);
#10707=AXIS2_PLACEMENT_3D('',#15309,#12534,#12535);
#10708=AXIS2_PLACEMENT_3D('',#15311,#12536,#12537);
#10709=AXIS2_PLACEMENT_3D('',#15312,#12538,#12539);
#10710=AXIS2_PLACEMENT_3D('',#15315,#12541,#12542);
#10711=AXIS2_PLACEMENT_3D('',#15316,#12543,#12544);
#10712=AXIS2_PLACEMENT_3D('',#15318,#12545,#12546);
#10713=AXIS2_PLACEMENT_3D('',#15319,#12547,#12548);
#10714=AXIS2_PLACEMENT_3D('',#15322,#12550,#12551);
#10715=AXIS2_PLACEMENT_3D('',#15323,#12552,#12553);
#10716=AXIS2_PLACEMENT_3D('',#15326,#12555,#12556);
#10717=AXIS2_PLACEMENT_3D('',#15327,#12557,#12558);
#10718=AXIS2_PLACEMENT_3D('',#15330,#12560,#12561);
#10719=AXIS2_PLACEMENT_3D('',#15331,#12562,#12563);
#10720=AXIS2_PLACEMENT_3D('',#15333,#12564,#12565);
#10721=AXIS2_PLACEMENT_3D('',#15334,#12566,#12567);
#10722=AXIS2_PLACEMENT_3D('',#15335,#12568,#12569);
#10723=AXIS2_PLACEMENT_3D('',#15337,#12570,#12571);
#10724=AXIS2_PLACEMENT_3D('',#15339,#12572,#12573);
#10725=AXIS2_PLACEMENT_3D('',#15340,#12574,#12575);
#10726=AXIS2_PLACEMENT_3D('',#15343,#12577,#12578);
#10727=AXIS2_PLACEMENT_3D('',#15344,#12579,#12580);
#10728=AXIS2_PLACEMENT_3D('',#15346,#12581,#12582);
#10729=AXIS2_PLACEMENT_3D('',#15347,#12583,#12584);
#10730=AXIS2_PLACEMENT_3D('',#15350,#12586,#12587);
#10731=AXIS2_PLACEMENT_3D('',#15351,#12588,#12589);
#10732=AXIS2_PLACEMENT_3D('',#15353,#12590,#12591);
#10733=AXIS2_PLACEMENT_3D('',#15354,#12592,#12593);
#10734=AXIS2_PLACEMENT_3D('',#15357,#12595,#12596);
#10735=AXIS2_PLACEMENT_3D('',#15358,#12597,#12598);
#10736=AXIS2_PLACEMENT_3D('',#15361,#12600,#12601);
#10737=AXIS2_PLACEMENT_3D('',#15362,#12602,#12603);
#10738=AXIS2_PLACEMENT_3D('',#15365,#12605,#12606);
#10739=AXIS2_PLACEMENT_3D('',#15366,#12607,#12608);
#10740=AXIS2_PLACEMENT_3D('',#15368,#12609,#12610);
#10741=AXIS2_PLACEMENT_3D('',#15369,#12611,#12612);
#10742=AXIS2_PLACEMENT_3D('',#15370,#12613,#12614);
#10743=AXIS2_PLACEMENT_3D('',#15372,#12615,#12616);
#10744=AXIS2_PLACEMENT_3D('',#15374,#12617,#12618);
#10745=AXIS2_PLACEMENT_3D('',#15375,#12619,#12620);
#10746=AXIS2_PLACEMENT_3D('',#15378,#12622,#12623);
#10747=AXIS2_PLACEMENT_3D('',#15379,#12624,#12625);
#10748=AXIS2_PLACEMENT_3D('',#15381,#12626,#12627);
#10749=AXIS2_PLACEMENT_3D('',#15382,#12628,#12629);
#10750=AXIS2_PLACEMENT_3D('',#15385,#12631,#12632);
#10751=AXIS2_PLACEMENT_3D('',#15386,#12633,#12634);
#10752=AXIS2_PLACEMENT_3D('',#15388,#12635,#12636);
#10753=AXIS2_PLACEMENT_3D('',#15389,#12637,#12638);
#10754=AXIS2_PLACEMENT_3D('',#15392,#12640,#12641);
#10755=AXIS2_PLACEMENT_3D('',#15393,#12642,#12643);
#10756=AXIS2_PLACEMENT_3D('',#15396,#12645,#12646);
#10757=AXIS2_PLACEMENT_3D('',#15397,#12647,#12648);
#10758=AXIS2_PLACEMENT_3D('',#15400,#12650,#12651);
#10759=AXIS2_PLACEMENT_3D('',#15401,#12652,#12653);
#10760=AXIS2_PLACEMENT_3D('',#15403,#12654,#12655);
#10761=AXIS2_PLACEMENT_3D('',#15404,#12656,#12657);
#10762=AXIS2_PLACEMENT_3D('',#15405,#12658,#12659);
#10763=AXIS2_PLACEMENT_3D('',#15407,#12660,#12661);
#10764=AXIS2_PLACEMENT_3D('',#15409,#12662,#12663);
#10765=AXIS2_PLACEMENT_3D('',#15410,#12664,#12665);
#10766=AXIS2_PLACEMENT_3D('',#15413,#12667,#12668);
#10767=AXIS2_PLACEMENT_3D('',#15414,#12669,#12670);
#10768=AXIS2_PLACEMENT_3D('',#15416,#12671,#12672);
#10769=AXIS2_PLACEMENT_3D('',#15417,#12673,#12674);
#10770=AXIS2_PLACEMENT_3D('',#15420,#12676,#12677);
#10771=AXIS2_PLACEMENT_3D('',#15421,#12678,#12679);
#10772=AXIS2_PLACEMENT_3D('',#15423,#12680,#12681);
#10773=AXIS2_PLACEMENT_3D('',#15424,#12682,#12683);
#10774=AXIS2_PLACEMENT_3D('',#15427,#12685,#12686);
#10775=AXIS2_PLACEMENT_3D('',#15428,#12687,#12688);
#10776=AXIS2_PLACEMENT_3D('',#15431,#12690,#12691);
#10777=AXIS2_PLACEMENT_3D('',#15432,#12692,#12693);
#10778=AXIS2_PLACEMENT_3D('',#15435,#12695,#12696);
#10779=AXIS2_PLACEMENT_3D('',#15436,#12697,#12698);
#10780=AXIS2_PLACEMENT_3D('',#15438,#12699,#12700);
#10781=AXIS2_PLACEMENT_3D('',#15439,#12701,#12702);
#10782=AXIS2_PLACEMENT_3D('',#15440,#12703,#12704);
#10783=AXIS2_PLACEMENT_3D('',#15442,#12705,#12706);
#10784=AXIS2_PLACEMENT_3D('',#15444,#12707,#12708);
#10785=AXIS2_PLACEMENT_3D('',#15445,#12709,#12710);
#10786=AXIS2_PLACEMENT_3D('',#15448,#12712,#12713);
#10787=AXIS2_PLACEMENT_3D('',#15449,#12714,#12715);
#10788=AXIS2_PLACEMENT_3D('',#15451,#12716,#12717);
#10789=AXIS2_PLACEMENT_3D('',#15452,#12718,#12719);
#10790=AXIS2_PLACEMENT_3D('',#15455,#12721,#12722);
#10791=AXIS2_PLACEMENT_3D('',#15456,#12723,#12724);
#10792=AXIS2_PLACEMENT_3D('',#15458,#12725,#12726);
#10793=AXIS2_PLACEMENT_3D('',#15459,#12727,#12728);
#10794=AXIS2_PLACEMENT_3D('',#15462,#12730,#12731);
#10795=AXIS2_PLACEMENT_3D('',#15463,#12732,#12733);
#10796=AXIS2_PLACEMENT_3D('',#15466,#12735,#12736);
#10797=AXIS2_PLACEMENT_3D('',#15467,#12737,#12738);
#10798=AXIS2_PLACEMENT_3D('',#15470,#12740,#12741);
#10799=AXIS2_PLACEMENT_3D('',#15471,#12742,#12743);
#10800=AXIS2_PLACEMENT_3D('',#15473,#12744,#12745);
#10801=AXIS2_PLACEMENT_3D('',#15474,#12746,#12747);
#10802=AXIS2_PLACEMENT_3D('',#15475,#12748,#12749);
#10803=AXIS2_PLACEMENT_3D('',#15477,#12750,#12751);
#10804=AXIS2_PLACEMENT_3D('',#15480,#12753,#12754);
#10805=AXIS2_PLACEMENT_3D('',#15481,#12755,#12756);
#10806=AXIS2_PLACEMENT_3D('',#15483,#12757,#12758);
#10807=AXIS2_PLACEMENT_3D('',#15486,#12760,#12761);
#10808=AXIS2_PLACEMENT_3D('',#15487,#12762,#12763);
#10809=AXIS2_PLACEMENT_3D('',#15489,#12764,#12765);
#10810=AXIS2_PLACEMENT_3D('',#15492,#12767,#12768);
#10811=AXIS2_PLACEMENT_3D('',#15493,#12769,#12770);
#10812=AXIS2_PLACEMENT_3D('',#15495,#12771,#12772);
#10813=AXIS2_PLACEMENT_3D('',#15498,#12774,#12775);
#10814=AXIS2_PLACEMENT_3D('',#15499,#12776,#12777);
#10815=AXIS2_PLACEMENT_3D('',#15501,#12778,#12779);
#10816=AXIS2_PLACEMENT_3D('',#15504,#12781,#12782);
#10817=AXIS2_PLACEMENT_3D('',#15505,#12783,#12784);
#10818=AXIS2_PLACEMENT_3D('',#15507,#12785,#12786);
#10819=AXIS2_PLACEMENT_3D('',#15510,#12788,#12789);
#10820=AXIS2_PLACEMENT_3D('',#15511,#12790,#12791);
#10821=AXIS2_PLACEMENT_3D('',#15513,#12792,#12793);
#10822=AXIS2_PLACEMENT_3D('',#15516,#12795,#12796);
#10823=AXIS2_PLACEMENT_3D('',#15517,#12797,#12798);
#10824=AXIS2_PLACEMENT_3D('',#15655,#12867,#12868);
#10825=AXIS2_PLACEMENT_3D('',#15657,#12869,#12870);
#10826=AXIS2_PLACEMENT_3D('',#15659,#12871,#12872);
#10827=AXIS2_PLACEMENT_3D('',#15661,#12873,#12874);
#10828=AXIS2_PLACEMENT_3D('',#15663,#12875,#12876);
#10829=AXIS2_PLACEMENT_3D('',#15665,#12877,#12878);
#10830=AXIS2_PLACEMENT_3D('',#15667,#12879,#12880);
#10831=AXIS2_PLACEMENT_3D('',#15669,#12881,#12882);
#10832=AXIS2_PLACEMENT_3D('',#15670,#12883,#12884);
#10833=AXIS2_PLACEMENT_3D('',#15672,#12885,#12886);
#10834=AXIS2_PLACEMENT_3D('',#15673,#12887,#12888);
#10835=AXIS2_PLACEMENT_3D('',#15675,#12890,#12891);
#10836=AXIS2_PLACEMENT_3D('',#15677,#12892,#12893);
#10837=AXIS2_PLACEMENT_3D('',#15678,#12894,#12895);
#10838=AXIS2_PLACEMENT_3D('',#15680,#12897,#12898);
#10839=AXIS2_PLACEMENT_3D('',#15682,#12899,#12900);
#10840=AXIS2_PLACEMENT_3D('',#15683,#12901,#12902);
#10841=AXIS2_PLACEMENT_3D('',#15685,#12904,#12905);
#10842=AXIS2_PLACEMENT_3D('',#15687,#12906,#12907);
#10843=AXIS2_PLACEMENT_3D('',#15688,#12908,#12909);
#10844=AXIS2_PLACEMENT_3D('',#15690,#12911,#12912);
#10845=AXIS2_PLACEMENT_3D('',#15692,#12913,#12914);
#10846=AXIS2_PLACEMENT_3D('',#15693,#12915,#12916);
#10847=AXIS2_PLACEMENT_3D('',#15695,#12918,#12919);
#10848=AXIS2_PLACEMENT_3D('',#15697,#12920,#12921);
#10849=AXIS2_PLACEMENT_3D('',#15698,#12922,#12923);
#10850=AXIS2_PLACEMENT_3D('',#15700,#12925,#12926);
#10851=AXIS2_PLACEMENT_3D('',#15702,#12927,#12928);
#10852=AXIS2_PLACEMENT_3D('',#15703,#12929,#12930);
#10853=AXIS2_PLACEMENT_3D('',#15705,#12932,#12933);
#10854=AXIS2_PLACEMENT_3D('',#15843,#13002,#13003);
#10855=AXIS2_PLACEMENT_3D('',#15844,#13004,#13005);
#10856=AXIS2_PLACEMENT_3D('',#15847,#13008,#13009);
#10857=AXIS2_PLACEMENT_3D('',#15849,#13011,#13012);
#10858=AXIS2_PLACEMENT_3D('',#15851,#13014,#13015);
#10859=AXIS2_PLACEMENT_3D('',#15853,#13017,#13018);
#10860=AXIS2_PLACEMENT_3D('',#15855,#13020,#13021);
#10861=AXIS2_PLACEMENT_3D('',#15857,#13023,#13024);
#10862=AXIS2_PLACEMENT_3D('',#15859,#13026,#13027);
#10863=AXIS2_PLACEMENT_3D('',#15861,#13029,#13030);
#10864=AXIS2_PLACEMENT_3D('',#15863,#13032,#13033);
#10865=AXIS2_PLACEMENT_3D('',#15865,#13035,#13036);
#10866=AXIS2_PLACEMENT_3D('',#15867,#13038,#13039);
#10867=AXIS2_PLACEMENT_3D('',#15869,#13041,#13042);
#10868=AXIS2_PLACEMENT_3D('',#15871,#13044,#13045);
#10869=AXIS2_PLACEMENT_3D('',#15873,#13047,#13048);
#10870=AXIS2_PLACEMENT_3D('',#15875,#13050,#13051);
#10871=AXIS2_PLACEMENT_3D('',#15877,#13053,#13054);
#10872=AXIS2_PLACEMENT_3D('',#15879,#13056,#13057);
#10873=AXIS2_PLACEMENT_3D('',#15881,#13059,#13060);
#10874=AXIS2_PLACEMENT_3D('',#15883,#13062,#13063);
#10875=AXIS2_PLACEMENT_3D('',#15885,#13065,#13066);
#10876=AXIS2_PLACEMENT_3D('',#15887,#13068,#13069);
#10877=AXIS2_PLACEMENT_3D('',#15889,#13071,#13072);
#10878=AXIS2_PLACEMENT_3D('',#15891,#13074,#13075);
#10879=AXIS2_PLACEMENT_3D('',#15893,#13077,#13078);
#10880=AXIS2_PLACEMENT_3D('',#15895,#13080,#13081);
#10881=AXIS2_PLACEMENT_3D('',#15897,#13083,#13084);
#10882=AXIS2_PLACEMENT_3D('',#15899,#13086,#13087);
#10883=AXIS2_PLACEMENT_3D('',#15901,#13089,#13090);
#10884=AXIS2_PLACEMENT_3D('',#15903,#13092,#13093);
#10885=AXIS2_PLACEMENT_3D('',#15905,#13095,#13096);
#10886=AXIS2_PLACEMENT_3D('',#15907,#13098,#13099);
#10887=AXIS2_PLACEMENT_3D('',#15909,#13101,#13102);
#10888=AXIS2_PLACEMENT_3D('',#15911,#13104,#13105);
#10889=AXIS2_PLACEMENT_3D('',#15913,#13107,#13108);
#10890=AXIS2_PLACEMENT_3D('',#15915,#13110,#13111);
#10891=AXIS2_PLACEMENT_3D('',#15917,#13113,#13114);
#10892=AXIS2_PLACEMENT_3D('',#15919,#13116,#13117);
#10893=AXIS2_PLACEMENT_3D('',#15921,#13119,#13120);
#10894=AXIS2_PLACEMENT_3D('',#15923,#13122,#13123);
#10895=AXIS2_PLACEMENT_3D('',#15925,#13125,#13126);
#10896=AXIS2_PLACEMENT_3D('',#15927,#13128,#13129);
#10897=AXIS2_PLACEMENT_3D('',#15929,#13131,#13132);
#10898=AXIS2_PLACEMENT_3D('',#15931,#13134,#13135);
#10899=AXIS2_PLACEMENT_3D('',#15933,#13137,#13138);
#10900=AXIS2_PLACEMENT_3D('',#15935,#13140,#13141);
#10901=AXIS2_PLACEMENT_3D('',#15937,#13143,#13144);
#10902=AXIS2_PLACEMENT_3D('',#15939,#13146,#13147);
#10903=AXIS2_PLACEMENT_3D('',#15941,#13149,#13150);
#10904=AXIS2_PLACEMENT_3D('',#15943,#13152,#13153);
#10905=AXIS2_PLACEMENT_3D('',#15945,#13155,#13156);
#10906=AXIS2_PLACEMENT_3D('',#15947,#13158,#13159);
#10907=AXIS2_PLACEMENT_3D('',#15949,#13161,#13162);
#10908=AXIS2_PLACEMENT_3D('',#15951,#13164,#13165);
#10909=AXIS2_PLACEMENT_3D('',#15953,#13167,#13168);
#10910=AXIS2_PLACEMENT_3D('',#15955,#13170,#13171);
#10911=AXIS2_PLACEMENT_3D('',#15957,#13173,#13174);
#10912=AXIS2_PLACEMENT_3D('',#15959,#13176,#13177);
#10913=AXIS2_PLACEMENT_3D('',#15961,#13179,#13180);
#10914=AXIS2_PLACEMENT_3D('',#15963,#13182,#13183);
#10915=AXIS2_PLACEMENT_3D('',#15965,#13185,#13186);
#10916=AXIS2_PLACEMENT_3D('',#15967,#13188,#13189);
#10917=AXIS2_PLACEMENT_3D('',#15969,#13191,#13192);
#10918=AXIS2_PLACEMENT_3D('',#15971,#13194,#13195);
#10919=AXIS2_PLACEMENT_3D('',#15973,#13197,#13198);
#10920=AXIS2_PLACEMENT_3D('',#15975,#13200,#13201);
#10921=AXIS2_PLACEMENT_3D('',#15977,#13203,#13204);
#10922=AXIS2_PLACEMENT_3D('',#15979,#13206,#13207);
#10923=AXIS2_PLACEMENT_3D('',#15980,#13208,#13209);
#10924=AXIS2_PLACEMENT_3D('',#15982,#13210,#13211);
#10925=AXIS2_PLACEMENT_3D('',#15984,#13213,#13214);
#10926=AXIS2_PLACEMENT_3D('',#15987,#13216,#13217);
#10927=AXIS2_PLACEMENT_3D('',#15988,#13218,#13219);
#10928=AXIS2_PLACEMENT_3D('',#15989,#13220,#13221);
#10929=AXIS2_PLACEMENT_3D('',#15990,#13222,#13223);
#10930=AXIS2_PLACEMENT_3D('',#15992,#13224,#13225);
#10931=AXIS2_PLACEMENT_3D('',#15994,#13226,#13227);
#10932=AXIS2_PLACEMENT_3D('',#15995,#13228,#13229);
#10933=AXIS2_PLACEMENT_3D('',#15998,#13231,#13232);
#10934=AXIS2_PLACEMENT_3D('',#15999,#13233,#13234);
#10935=AXIS2_PLACEMENT_3D('',#16001,#13235,#13236);
#10936=AXIS2_PLACEMENT_3D('',#16002,#13237,#13238);
#10937=AXIS2_PLACEMENT_3D('',#16005,#13240,#13241);
#10938=AXIS2_PLACEMENT_3D('',#16006,#13242,#13243);
#10939=AXIS2_PLACEMENT_3D('',#16008,#13244,#13245);
#10940=AXIS2_PLACEMENT_3D('',#16009,#13246,#13247);
#10941=AXIS2_PLACEMENT_3D('',#16012,#13249,#13250);
#10942=AXIS2_PLACEMENT_3D('',#16013,#13251,#13252);
#10943=AXIS2_PLACEMENT_3D('',#16016,#13254,#13255);
#10944=AXIS2_PLACEMENT_3D('',#16017,#13256,#13257);
#10945=AXIS2_PLACEMENT_3D('',#16020,#13259,#13260);
#10946=AXIS2_PLACEMENT_3D('',#16021,#13261,#13262);
#10947=AXIS2_PLACEMENT_3D('',#16023,#13263,#13264);
#10948=AXIS2_PLACEMENT_3D('',#16024,#13265,#13266);
#10949=AXIS2_PLACEMENT_3D('',#16025,#13267,#13268);
#10950=AXIS2_PLACEMENT_3D('',#16027,#13269,#13270);
#10951=AXIS2_PLACEMENT_3D('',#16029,#13271,#13272);
#10952=AXIS2_PLACEMENT_3D('',#16030,#13273,#13274);
#10953=AXIS2_PLACEMENT_3D('',#16033,#13276,#13277);
#10954=AXIS2_PLACEMENT_3D('',#16034,#13278,#13279);
#10955=AXIS2_PLACEMENT_3D('',#16036,#13280,#13281);
#10956=AXIS2_PLACEMENT_3D('',#16037,#13282,#13283);
#10957=AXIS2_PLACEMENT_3D('',#16040,#13285,#13286);
#10958=AXIS2_PLACEMENT_3D('',#16041,#13287,#13288);
#10959=AXIS2_PLACEMENT_3D('',#16043,#13289,#13290);
#10960=AXIS2_PLACEMENT_3D('',#16044,#13291,#13292);
#10961=AXIS2_PLACEMENT_3D('',#16047,#13294,#13295);
#10962=AXIS2_PLACEMENT_3D('',#16048,#13296,#13297);
#10963=AXIS2_PLACEMENT_3D('',#16051,#13299,#13300);
#10964=AXIS2_PLACEMENT_3D('',#16052,#13301,#13302);
#10965=AXIS2_PLACEMENT_3D('',#16055,#13304,#13305);
#10966=AXIS2_PLACEMENT_3D('',#16056,#13306,#13307);
#10967=AXIS2_PLACEMENT_3D('',#16058,#13308,#13309);
#10968=AXIS2_PLACEMENT_3D('',#16059,#13310,#13311);
#10969=AXIS2_PLACEMENT_3D('',#16060,#13312,#13313);
#10970=AXIS2_PLACEMENT_3D('',#16062,#13314,#13315);
#10971=AXIS2_PLACEMENT_3D('',#16064,#13316,#13317);
#10972=AXIS2_PLACEMENT_3D('',#16065,#13318,#13319);
#10973=AXIS2_PLACEMENT_3D('',#16068,#13321,#13322);
#10974=AXIS2_PLACEMENT_3D('',#16069,#13323,#13324);
#10975=AXIS2_PLACEMENT_3D('',#16071,#13325,#13326);
#10976=AXIS2_PLACEMENT_3D('',#16072,#13327,#13328);
#10977=AXIS2_PLACEMENT_3D('',#16075,#13330,#13331);
#10978=AXIS2_PLACEMENT_3D('',#16076,#13332,#13333);
#10979=AXIS2_PLACEMENT_3D('',#16078,#13334,#13335);
#10980=AXIS2_PLACEMENT_3D('',#16079,#13336,#13337);
#10981=AXIS2_PLACEMENT_3D('',#16082,#13339,#13340);
#10982=AXIS2_PLACEMENT_3D('',#16083,#13341,#13342);
#10983=AXIS2_PLACEMENT_3D('',#16086,#13344,#13345);
#10984=AXIS2_PLACEMENT_3D('',#16087,#13346,#13347);
#10985=AXIS2_PLACEMENT_3D('',#16090,#13349,#13350);
#10986=AXIS2_PLACEMENT_3D('',#16091,#13351,#13352);
#10987=AXIS2_PLACEMENT_3D('',#16093,#13353,#13354);
#10988=AXIS2_PLACEMENT_3D('',#16094,#13355,#13356);
#10989=AXIS2_PLACEMENT_3D('',#16095,#13357,#13358);
#10990=AXIS2_PLACEMENT_3D('',#16096,#13359,#13360);
#10991=AXIS2_PLACEMENT_3D('',#16097,#13361,#13362);
#10992=AXIS2_PLACEMENT_3D('',#16098,#13363,#13364);
#10993=AXIS2_PLACEMENT_3D('',#16099,#13365,#13366);
#10994=AXIS2_PLACEMENT_3D('',#16100,#13367,#13368);
#10995=AXIS2_PLACEMENT_3D('',#16101,#13369,#13370);
#10996=AXIS2_PLACEMENT_3D('',#16102,#13371,#13372);
#10997=AXIS2_PLACEMENT_3D('',#16103,#13373,#13374);
#10998=AXIS2_PLACEMENT_3D('',#16104,#13375,#13376);
#10999=AXIS2_PLACEMENT_3D('',#16113,#13381,#13382);
#11000=AXIS2_PLACEMENT_3D('',#16119,#13386,#13387);
#11001=AXIS2_PLACEMENT_3D('',#16125,#13391,#13392);
#11002=AXIS2_PLACEMENT_3D('',#16128,#13395,#13396);
#11003=AXIS2_PLACEMENT_3D('',#16137,#13401,#13402);
#11004=AXIS2_PLACEMENT_3D('',#16143,#13406,#13407);
#11005=AXIS2_PLACEMENT_3D('',#16149,#13411,#13412);
#11006=AXIS2_PLACEMENT_3D('',#16152,#13415,#13416);
#11007=AXIS2_PLACEMENT_3D('',#16161,#13421,#13422);
#11008=AXIS2_PLACEMENT_3D('',#16167,#13426,#13427);
#11009=AXIS2_PLACEMENT_3D('',#16173,#13431,#13432);
#11010=AXIS2_PLACEMENT_3D('',#16176,#13435,#13436);
#11011=AXIS2_PLACEMENT_3D('',#16178,#13437,#13438);
#11012=AXIS2_PLACEMENT_3D('',#16181,#13440,#13441);
#11013=AXIS2_PLACEMENT_3D('',#16182,#13442,#13443);
#11014=AXIS2_PLACEMENT_3D('',#16183,#13444,#13445);
#11015=AXIS2_PLACEMENT_3D('',#16185,#13446,#13447);
#11016=AXIS2_PLACEMENT_3D('',#16188,#13449,#13450);
#11017=AXIS2_PLACEMENT_3D('',#16189,#13451,#13452);
#11018=AXIS2_PLACEMENT_3D('',#16190,#13453,#13454);
#11019=AXIS2_PLACEMENT_3D('',#16192,#13455,#13456);
#11020=AXIS2_PLACEMENT_3D('',#16195,#13458,#13459);
#11021=AXIS2_PLACEMENT_3D('',#16196,#13460,#13461);
#11022=AXIS2_PLACEMENT_3D('',#16197,#13462,#13463);
#11023=AXIS2_PLACEMENT_3D('',#16199,#13464,#13465);
#11024=AXIS2_PLACEMENT_3D('',#16202,#13467,#13468);
#11025=AXIS2_PLACEMENT_3D('',#16203,#13469,#13470);
#11026=AXIS2_PLACEMENT_3D('',#16204,#13471,#13472);
#11027=AXIS2_PLACEMENT_3D('',#16206,#13473,#13474);
#11028=AXIS2_PLACEMENT_3D('',#16209,#13476,#13477);
#11029=AXIS2_PLACEMENT_3D('',#16210,#13478,#13479);
#11030=AXIS2_PLACEMENT_3D('',#16219,#13484,#13485);
#11031=AXIS2_PLACEMENT_3D('',#16225,#13489,#13490);
#11032=AXIS2_PLACEMENT_3D('',#16231,#13494,#13495);
#11033=AXIS2_PLACEMENT_3D('',#16233,#13497,#13498);
#11034=AXIS2_PLACEMENT_3D('',#16235,#13500,#13501);
#11035=AXIS2_PLACEMENT_3D('',#16237,#13502,#13503);
#11036=AXIS2_PLACEMENT_3D('',#16240,#13505,#13506);
#11037=AXIS2_PLACEMENT_3D('',#16241,#13507,#13508);
#11038=AXIS2_PLACEMENT_3D('',#16250,#13513,#13514);
#11039=AXIS2_PLACEMENT_3D('',#16256,#13518,#13519);
#11040=AXIS2_PLACEMENT_3D('',#16260,#13522,#13523);
#11041=AXIS2_PLACEMENT_3D('',#16264,#13526,#13527);
#11042=AXIS2_PLACEMENT_3D('',#16282,#13537,#13538);
#11043=AXIS2_PLACEMENT_3D('',#16284,#13539,#13540);
#11044=AXIS2_PLACEMENT_3D('',#16287,#13542,#13543);
#11045=AXIS2_PLACEMENT_3D('',#16288,#13544,#13545);
#11046=AXIS2_PLACEMENT_3D('',#16297,#13550,#13551);
#11047=AXIS2_PLACEMENT_3D('',#16303,#13555,#13556);
#11048=AXIS2_PLACEMENT_3D('',#16309,#13560,#13561);
#11049=AXIS2_PLACEMENT_3D('',#16311,#13563,#13564);
#11050=AXIS2_PLACEMENT_3D('',#16313,#13566,#13567);
#11051=AXIS2_PLACEMENT_3D('',#16315,#13568,#13569);
#11052=AXIS2_PLACEMENT_3D('',#16318,#13571,#13572);
#11053=AXIS2_PLACEMENT_3D('',#16319,#13573,#13574);
#11054=AXIS2_PLACEMENT_3D('',#16328,#13579,#13580);
#11055=AXIS2_PLACEMENT_3D('',#16331,#13583,#13584);
#11056=AXIS2_PLACEMENT_3D('',#16333,#13586,#13587);
#11057=AXIS2_PLACEMENT_3D('',#16335,#13589,#13590);
#11058=AXIS2_PLACEMENT_3D('',#16345,#13596,#13597);
#11059=AXIS2_PLACEMENT_3D('',#16359,#13605,#13606);
#11060=AXIS2_PLACEMENT_3D('',#16372,#13614,#13615);
#11061=AXIS2_PLACEMENT_3D('',#16377,#13619,#13620);
#11062=AXIS2_PLACEMENT_3D('',#16383,#13624,#13625);
#11063=AXIS2_PLACEMENT_3D('',#16385,#13627,#13628);
#11064=AXIS2_PLACEMENT_3D('',#16389,#13631,#13632);
#11065=AXIS2_PLACEMENT_3D('',#16391,#13634,#13635);
#11066=AXIS2_PLACEMENT_3D('',#16392,#13636,#13637);
#11067=AXIS2_PLACEMENT_3D('',#16396,#13640,#13641);
#11068=AXIS2_PLACEMENT_3D('',#16398,#13643,#13644);
#11069=AXIS2_PLACEMENT_3D('',#16399,#13645,#13646);
#11070=AXIS2_PLACEMENT_3D('',#16408,#13651,#13652);
#11071=AXIS2_PLACEMENT_3D('',#16414,#13656,#13657);
#11072=AXIS2_PLACEMENT_3D('',#16418,#13660,#13661);
#11073=AXIS2_PLACEMENT_3D('',#16422,#13664,#13665);
#11074=AXIS2_PLACEMENT_3D('',#16424,#13667,#13668);
#11075=AXIS2_PLACEMENT_3D('',#16425,#13669,#13670);
#11076=AXIS2_PLACEMENT_3D('',#16427,#13671,#13672);
#11077=AXIS2_PLACEMENT_3D('',#16430,#13674,#13675);
#11078=AXIS2_PLACEMENT_3D('',#16431,#13676,#13677);
#11079=AXIS2_PLACEMENT_3D('',#16433,#13678,#13679);
#11080=AXIS2_PLACEMENT_3D('',#16436,#13681,#13682);
#11081=AXIS2_PLACEMENT_3D('',#16437,#13683,#13684);
#11082=AXIS2_PLACEMENT_3D('',#16439,#13685,#13686);
#11083=AXIS2_PLACEMENT_3D('',#16442,#13688,#13689);
#11084=AXIS2_PLACEMENT_3D('',#16443,#13690,#13691);
#11085=AXIS2_PLACEMENT_3D('',#16445,#13692,#13693);
#11086=AXIS2_PLACEMENT_3D('',#16448,#13695,#13696);
#11087=AXIS2_PLACEMENT_3D('',#16449,#13697,#13698);
#11088=AXIS2_PLACEMENT_3D('',#16458,#13703,#13704);
#11089=AXIS2_PLACEMENT_3D('',#16464,#13708,#13709);
#11090=AXIS2_PLACEMENT_3D('',#16470,#13713,#13714);
#11091=AXIS2_PLACEMENT_3D('',#16473,#13717,#13718);
#11092=AXIS2_PLACEMENT_3D('',#16482,#13723,#13724);
#11093=AXIS2_PLACEMENT_3D('',#16488,#13728,#13729);
#11094=AXIS2_PLACEMENT_3D('',#16494,#13733,#13734);
#11095=AXIS2_PLACEMENT_3D('',#16497,#13737,#13738);
#11096=AXIS2_PLACEMENT_3D('',#16498,#13739,#13740);
#11097=AXIS2_PLACEMENT_3D('',#16499,#13741,#13742);
#11098=AXIS2_PLACEMENT_3D('',#16508,#13747,#13748);
#11099=AXIS2_PLACEMENT_3D('',#16514,#13752,#13753);
#11100=AXIS2_PLACEMENT_3D('',#16520,#13757,#13758);
#11101=AXIS2_PLACEMENT_3D('',#16523,#13761,#13762);
#11102=AXIS2_PLACEMENT_3D('',#16524,#13763,#13764);
#11103=AXIS2_PLACEMENT_3D('',#16525,#13765,#13766);
#11104=AXIS2_PLACEMENT_3D('',#16534,#13771,#13772);
#11105=AXIS2_PLACEMENT_3D('',#16540,#13776,#13777);
#11106=AXIS2_PLACEMENT_3D('',#16546,#13781,#13782);
#11107=AXIS2_PLACEMENT_3D('',#16549,#13785,#13786);
#11108=AXIS2_PLACEMENT_3D('',#16550,#13787,#13788);
#11109=AXIS2_PLACEMENT_3D('',#16551,#13789,#13790);
#11110=AXIS2_PLACEMENT_3D('',#16552,#13791,#13792);
#11111=AXIS2_PLACEMENT_3D('',#16553,#13793,#13794);
#11112=AXIS2_PLACEMENT_3D('',#16554,#13795,#13796);
#11113=DIRECTION('axis',(0.,0.,1.));
#11114=DIRECTION('refdir',(1.,0.,0.));
#11115=DIRECTION('axis',(0.,0.,1.));
#11116=DIRECTION('refdir',(1.,0.,0.));
#11117=DIRECTION('axis',(0.,0.,1.));
#11118=DIRECTION('refdir',(1.,0.,0.));
#11119=DIRECTION('center_axis',(0.,0.,-1.));
#11120=DIRECTION('ref_axis',(1.,0.,0.));
#11121=DIRECTION('center_axis',(-8.559688641721E-35,6.014522413226E-35,
1.));
#11122=DIRECTION('ref_axis',(1.,6.690258951221E-52,8.559688641721E-35));
#11123=DIRECTION('',(0.,0.,1.));
#11124=DIRECTION('center_axis',(-8.559688641721E-35,6.014522413226E-35,
1.));
#11125=DIRECTION('ref_axis',(1.,8.259101077374E-51,8.559688641721E-35));
#11126=DIRECTION('center_axis',(8.559688641721E-35,-6.014522413226E-35,
-1.));
#11127=DIRECTION('ref_axis',(1.,4.45460785015366E-52,0.));
#11128=DIRECTION('center_axis',(-8.559688641721E-35,6.014522413226E-35,
1.));
#11129=DIRECTION('ref_axis',(1.,6.690258951221E-52,8.559688641721E-35));
#11130=DIRECTION('center_axis',(1.22464679914735E-16,1.,-6.014522413226E-35));
#11131=DIRECTION('ref_axis',(-1.,1.22464679914735E-16,0.));
#11132=DIRECTION('center_axis',(-8.559688641721E-35,6.014522413226E-35,
1.));
#11133=DIRECTION('ref_axis',(1.,7.12737256024586E-51,0.));
#11134=DIRECTION('center_axis',(-8.559688641721E-35,6.014522413226E-35,
1.));
#11135=DIRECTION('ref_axis',(1.,8.259101077374E-51,8.559688641721E-35));
#11136=DIRECTION('center_axis',(1.22464679914735E-16,-1.,6.014522413226E-35));
#11137=DIRECTION('ref_axis',(-1.,-1.22464679914735E-16,0.));
#11138=DIRECTION('center_axis',(-8.559688641721E-35,6.014522413226E-35,
1.));
#11139=DIRECTION('ref_axis',(1.,0.,8.559688641721E-35));
#11140=DIRECTION('center_axis',(0.,0.,1.));
#11141=DIRECTION('ref_axis',(1.,0.,0.));
#11142=DIRECTION('center_axis',(0.,0.,1.));
#11143=DIRECTION('ref_axis',(1.,0.,0.));
#11144=DIRECTION('center_axis',(-8.559688641721E-35,6.014522413226E-35,
1.));
#11145=DIRECTION('ref_axis',(1.,0.,8.559688641721E-35));
#11146=DIRECTION('center_axis',(0.,0.,-1.));
#11147=DIRECTION('ref_axis',(1.,0.,0.));
#11148=DIRECTION('center_axis',(0.,0.,1.));
#11149=DIRECTION('ref_axis',(1.,0.,0.));
#11150=DIRECTION('',(0.,0.,-1.));
#11151=DIRECTION('center_axis',(0.,0.,1.));
#11152=DIRECTION('ref_axis',(1.,0.,0.));
#11153=DIRECTION('center_axis',(0.,0.,1.));
#11154=DIRECTION('ref_axis',(1.,0.,0.));
#11155=DIRECTION('',(0.,0.,-1.));
#11156=DIRECTION('center_axis',(-1.19708830782E-30,3.357113761597E-32,1.));
#11157=DIRECTION('ref_axis',(1.,3.013010401886E-31,1.19708830782E-30));
#11158=DIRECTION('center_axis',(0.,0.,-1.));
#11159=DIRECTION('ref_axis',(1.,0.,0.));
#11160=DIRECTION('',(0.,0.,-1.));
#11161=DIRECTION('center_axis',(0.,0.,1.));
#11162=DIRECTION('ref_axis',(1.,0.,0.));
#11163=DIRECTION('center_axis',(0.,0.,-1.));
#11164=DIRECTION('ref_axis',(1.,0.,0.));
#11165=DIRECTION('center_axis',(0.,0.,1.));
#11166=DIRECTION('ref_axis',(1.,0.,0.));
#11167=DIRECTION('center_axis',(1.22464679914735E-16,1.,0.));
#11168=DIRECTION('ref_axis',(-1.,1.22464679914735E-16,0.));
#11169=DIRECTION('center_axis',(1.19708830782E-30,-3.357113761597E-32,-1.));
#11170=DIRECTION('ref_axis',(1.,3.013010401886E-31,0.));
#11171=DIRECTION('center_axis',(-1.19708830782E-30,3.357113761597E-32,1.));
#11172=DIRECTION('ref_axis',(1.,3.013010401886E-31,1.19708830782E-30));
#11173=DIRECTION('center_axis',(1.22464679914735E-16,1.,-3.35711376159698E-32));
#11174=DIRECTION('ref_axis',(-1.,1.22464679914735E-16,0.));
#11175=DIRECTION('center_axis',(-4.930380657631E-31,-1.632186346944E-32,
1.));
#11176=DIRECTION('ref_axis',(1.,0.,4.930380657631E-31));
#11177=DIRECTION('center_axis',(0.,0.,1.));
#11178=DIRECTION('ref_axis',(1.,0.,0.));
#11179=DIRECTION('center_axis',(-1.19708830782E-30,3.357113761597E-32,1.));
#11180=DIRECTION('ref_axis',(1.,0.,1.19708830782E-30));
#11181=DIRECTION('',(-1.,2.96707103331073E-14,1.47451495458029E-16));
#11182=DIRECTION('',(-1.21219891447772E-16,8.30822362783656E-17,-0.999999999999997));
#11183=DIRECTION('axis',(0.,0.,1.));
#11184=DIRECTION('refdir',(1.,0.,0.));
#11185=DIRECTION('axis',(0.,0.,1.));
#11186=DIRECTION('refdir',(1.,0.,0.));
#11187=DIRECTION('center_axis',(-1.,1.110223024625E-16,0.));
#11188=DIRECTION('ref_axis',(1.110223024625E-16,1.,0.));
#11189=DIRECTION('',(0.,0.,1.));
#11190=DIRECTION('',(1.110223024625E-16,1.,0.));
#11191=DIRECTION('',(0.,0.,1.));
#11192=DIRECTION('',(1.110223024625E-16,1.,0.));
#11193=DIRECTION('center_axis',(1.110223024625E-16,1.,0.));
#11194=DIRECTION('ref_axis',(1.,-1.110223024625E-16,0.));
#11195=DIRECTION('',(1.,-1.110223024625E-16,0.));
#11196=DIRECTION('',(0.,0.,1.));
#11197=DIRECTION('',(1.,-1.110223024625E-16,0.));
#11198=DIRECTION('',(0.,0.,1.));
#11199=DIRECTION('',(1.,-1.110223024625E-16,0.));
#11200=DIRECTION('',(1.,-1.110223024625E-16,0.));
#11201=DIRECTION('',(0.,0.,1.));
#11202=DIRECTION('center_axis',(-1.110223024625E-16,-1.,0.));
#11203=DIRECTION('ref_axis',(-1.,1.110223024625E-16,0.));
#11204=DIRECTION('',(-1.,1.110223024625E-16,0.));
#11205=DIRECTION('',(0.,0.,1.));
#11206=DIRECTION('',(-1.,1.110223024625E-16,0.));
#11207=DIRECTION('',(0.,0.,1.));
#11208=DIRECTION('',(-1.,1.110223024625E-16,0.));
#11209=DIRECTION('',(0.,0.,1.));
#11210=DIRECTION('',(-1.,1.110223024625E-16,0.));
#11211=DIRECTION('center_axis',(0.,0.,1.));
#11212=DIRECTION('ref_axis',(1.110223024625E-16,1.,0.));
#11213=DIRECTION('',(1.110223024625E-16,1.,0.));
#11214=DIRECTION('center_axis',(0.,0.,1.));
#11215=DIRECTION('ref_axis',(1.110223024625E-16,1.,0.));
#11216=DIRECTION('',(-1.110223024625E-16,-1.,0.));
#11217=DIRECTION('',(1.110223024625E-16,1.,0.));
#11218=DIRECTION('',(1.,-1.110223024625E-16,0.));
#11219=DIRECTION('',(-1.110223024625E-16,-1.,0.));
#11220=DIRECTION('',(-1.,1.110223024625E-16,0.));
#11221=DIRECTION('',(1.110223024625E-16,1.,0.));
#11222=DIRECTION('',(1.,-1.110223024625E-16,0.));
#11223=DIRECTION('',(-1.110223024625E-16,-1.,0.));
#11224=DIRECTION('',(-1.,1.110223024625E-16,0.));
#11225=DIRECTION('',(1.110223024625E-16,1.,0.));
#11226=DIRECTION('',(1.,-1.110223024625E-16,0.));
#11227=DIRECTION('',(-1.110223024625E-16,-1.,0.));
#11228=DIRECTION('',(-1.,1.110223024625E-16,0.));
#11229=DIRECTION('',(1.110223024625E-16,1.,0.));
#11230=DIRECTION('',(1.,-1.110223024625E-16,0.));
#11231=DIRECTION('',(-1.110223024625E-16,-1.,0.));
#11232=DIRECTION('',(-1.,1.110223024625E-16,0.));
#11233=DIRECTION('',(1.110223024625E-16,1.,0.));
#11234=DIRECTION('',(1.,-1.110223024625E-16,0.));
#11235=DIRECTION('',(-1.110223024625E-16,-1.,0.));
#11236=DIRECTION('',(-1.,1.110223024625E-16,0.));
#11237=DIRECTION('',(1.110223024625E-16,1.,0.));
#11238=DIRECTION('',(1.,-1.110223024625E-16,0.));
#11239=DIRECTION('',(-1.110223024625E-16,-1.,0.));
#11240=DIRECTION('',(-1.,1.110223024625E-16,0.));
#11241=DIRECTION('',(1.110223024625E-16,1.,0.));
#11242=DIRECTION('',(1.,-1.110223024625E-16,0.));
#11243=DIRECTION('',(-1.110223024625E-16,-1.,0.));
#11244=DIRECTION('',(-1.,1.110223024625E-16,0.));
#11245=DIRECTION('',(1.110223024625E-16,1.,0.));
#11246=DIRECTION('',(1.,-1.110223024625E-16,0.));
#11247=DIRECTION('',(-1.110223024625E-16,-1.,0.));
#11248=DIRECTION('',(-1.,1.110223024625E-16,0.));
#11249=DIRECTION('center_axis',(0.,0.,1.));
#11250=DIRECTION('ref_axis',(1.110223024625E-16,1.,0.));
#11251=DIRECTION('',(-1.110223024625E-16,-1.,0.));
#11252=DIRECTION('',(-1.110223024625E-16,-1.,0.));
#11253=DIRECTION('center_axis',(1.,-1.110223024625E-16,0.));
#11254=DIRECTION('ref_axis',(-1.110223024625E-16,-1.,0.));
#11255=DIRECTION('',(-1.110223024625E-16,-1.,0.));
#11256=DIRECTION('center_axis',(0.,0.,1.));
#11257=DIRECTION('ref_axis',(1.110223024625E-16,1.,0.));
#11258=DIRECTION('',(1.110223024625E-16,1.,0.));
#11259=DIRECTION('',(1.,-1.110223024625E-16,0.));
#11260=DIRECTION('',(-1.110223024625E-16,-1.,0.));
#11261=DIRECTION('',(-1.110223024625E-16,-1.,0.));
#11262=DIRECTION('',(-1.110223024625E-16,-1.,0.));
#11263=DIRECTION('',(1.,-1.110223024625E-16,0.));
#11264=DIRECTION('',(1.110223024625E-16,1.,0.));
#11265=DIRECTION('',(-1.110223024625E-16,-1.,0.));
#11266=DIRECTION('',(1.110223024625E-16,1.,0.));
#11267=DIRECTION('',(1.,-1.110223024625E-16,0.));
#11268=DIRECTION('',(-1.110223024625E-16,-1.,0.));
#11269=DIRECTION('',(-1.110223024625E-16,-1.,0.));
#11270=DIRECTION('',(-1.110223024625E-16,-1.,0.));
#11271=DIRECTION('',(1.,-1.110223024625E-16,0.));
#11272=DIRECTION('',(1.110223024625E-16,1.,0.));
#11273=DIRECTION('',(-1.110223024625E-16,-1.,0.));
#11274=DIRECTION('',(1.110223024625E-16,1.,0.));
#11275=DIRECTION('',(1.,-1.110223024625E-16,0.));
#11276=DIRECTION('',(-1.110223024625E-16,-1.,0.));
#11277=DIRECTION('',(-1.110223024625E-16,-1.,0.));
#11278=DIRECTION('',(-1.110223024625E-16,-1.,0.));
#11279=DIRECTION('',(1.,-1.110223024625E-16,0.));
#11280=DIRECTION('',(1.110223024625E-16,1.,0.));
#11281=DIRECTION('',(-1.110223024625E-16,-1.,0.));
#11282=DIRECTION('',(1.110223024625E-16,1.,0.));
#11283=DIRECTION('',(1.,-1.110223024625E-16,0.));
#11284=DIRECTION('',(-1.110223024625E-16,-1.,0.));
#11285=DIRECTION('',(-1.110223024625E-16,-1.,0.));
#11286=DIRECTION('',(-1.110223024625E-16,-1.,0.));
#11287=DIRECTION('',(1.,-1.110223024625E-16,0.));
#11288=DIRECTION('',(1.110223024625E-16,1.,0.));
#11289=DIRECTION('',(-1.110223024625E-16,-1.,0.));
#11290=DIRECTION('',(1.110223024625E-16,1.,0.));
#11291=DIRECTION('',(1.,-1.110223024625E-16,0.));
#11292=DIRECTION('',(-1.110223024625E-16,-1.,0.));
#11293=DIRECTION('',(-1.110223024625E-16,-1.,0.));
#11294=DIRECTION('',(-1.110223024625E-16,-1.,0.));
#11295=DIRECTION('',(1.,-1.110223024625E-16,0.));
#11296=DIRECTION('',(1.110223024625E-16,1.,0.));
#11297=DIRECTION('',(-1.110223024625E-16,-1.,0.));
#11298=DIRECTION('',(1.110223024625E-16,1.,0.));
#11299=DIRECTION('',(1.,-1.110223024625E-16,0.));
#11300=DIRECTION('',(-1.110223024625E-16,-1.,0.));
#11301=DIRECTION('',(-1.110223024625E-16,-1.,0.));
#11302=DIRECTION('',(-1.110223024625E-16,-1.,0.));
#11303=DIRECTION('',(1.,-1.110223024625E-16,0.));
#11304=DIRECTION('',(1.110223024625E-16,1.,0.));
#11305=DIRECTION('',(-1.110223024625E-16,-1.,0.));
#11306=DIRECTION('',(1.110223024625E-16,1.,0.));
#11307=DIRECTION('',(1.,-1.110223024625E-16,0.));
#11308=DIRECTION('',(-1.110223024625E-16,-1.,0.));
#11309=DIRECTION('',(-1.110223024625E-16,-1.,0.));
#11310=DIRECTION('',(-1.110223024625E-16,-1.,0.));
#11311=DIRECTION('',(1.,-1.110223024625E-16,0.));
#11312=DIRECTION('',(1.110223024625E-16,1.,0.));
#11313=DIRECTION('',(-1.110223024625E-16,-1.,0.));
#11314=DIRECTION('',(1.110223024625E-16,1.,0.));
#11315=DIRECTION('',(1.,-1.110223024625E-16,0.));
#11316=DIRECTION('',(-1.110223024625E-16,-1.,0.));
#11317=DIRECTION('',(-1.110223024625E-16,-1.,0.));
#11318=DIRECTION('',(-1.110223024625E-16,-1.,0.));
#11319=DIRECTION('',(1.,-1.110223024625E-16,0.));
#11320=DIRECTION('',(1.110223024625E-16,1.,0.));
#11321=DIRECTION('',(-1.110223024625E-16,-1.,0.));
#11322=DIRECTION('',(1.110223024625E-16,1.,0.));
#11323=DIRECTION('center_axis',(-1.,1.110223024625E-16,0.));
#11324=DIRECTION('ref_axis',(1.110223024625E-16,1.,0.));
#11325=DIRECTION('center_axis',(1.,-1.110223024625E-16,0.));
#11326=DIRECTION('ref_axis',(-1.110223024625E-16,-1.,0.));
#11327=DIRECTION('center_axis',(-0.707106781186548,7.85046229340898E-17,
0.707106781186548));
#11328=DIRECTION('ref_axis',(1.11022302462451E-16,1.,7.55765725056662E-29));
#11329=DIRECTION('',(-0.577350269189626,0.577350269189626,-0.577350269189626));
#11330=DIRECTION('',(-0.577350269189626,-0.577350269189626,-0.577350269189626));
#11331=DIRECTION('',(1.110223024625E-16,1.,0.));
#11332=DIRECTION('center_axis',(-7.85046229340898E-17,-0.707106781186548,
0.707106781186548));
#11333=DIRECTION('ref_axis',(-1.,1.11022302462451E-16,7.55765725056662E-29));
#11334=DIRECTION('',(0.577350269189626,-0.577350269189626,-0.577350269189626));
#11335=DIRECTION('',(-1.,1.110223024625E-16,0.));
#11336=DIRECTION('center_axis',(0.707106781186548,-7.85046229340898E-17,
0.707106781186548));
#11337=DIRECTION('ref_axis',(-1.11022302462451E-16,-1.,7.55765725056662E-29));
#11338=DIRECTION('',(0.577350269189626,0.577350269189626,-0.577350269189626));
#11339=DIRECTION('',(-1.110223024625E-16,-1.,0.));
#11340=DIRECTION('center_axis',(7.85046229340898E-17,0.707106781186548,
0.707106781186548));
#11341=DIRECTION('ref_axis',(1.,-1.11022302462451E-16,7.55765725056662E-29));
#11342=DIRECTION('',(1.,-1.110223024625E-16,0.));
#11343=DIRECTION('center_axis',(-0.707106781186548,7.85046229340898E-17,
0.707106781186548));
#11344=DIRECTION('ref_axis',(1.11022302462451E-16,1.,7.55765725056662E-29));
#11345=DIRECTION('',(-0.577350269189626,0.577350269189626,-0.577350269189626));
#11346=DIRECTION('',(-0.577350269189626,-0.577350269189626,-0.577350269189626));
#11347=DIRECTION('',(1.110223024625E-16,1.,0.));
#11348=DIRECTION('center_axis',(-7.85046229340898E-17,-0.707106781186548,
0.707106781186548));
#11349=DIRECTION('ref_axis',(-1.,1.11022302462451E-16,7.55765725056662E-29));
#11350=DIRECTION('',(0.577350269189626,-0.577350269189626,-0.577350269189626));
#11351=DIRECTION('',(-1.,1.110223024625E-16,0.));
#11352=DIRECTION('center_axis',(0.707106781186548,-7.85046229340898E-17,
0.707106781186548));
#11353=DIRECTION('ref_axis',(-1.11022302462451E-16,-1.,7.55765725056662E-29));
#11354=DIRECTION('',(0.577350269189626,0.577350269189626,-0.577350269189626));
#11355=DIRECTION('',(-1.110223024625E-16,-1.,0.));
#11356=DIRECTION('center_axis',(7.85046229340898E-17,0.707106781186548,
0.707106781186548));
#11357=DIRECTION('ref_axis',(1.,-1.11022302462451E-16,7.55765725056662E-29));
#11358=DIRECTION('',(1.,-1.110223024625E-16,0.));
#11359=DIRECTION('center_axis',(-0.707106781186548,7.85046229340898E-17,
0.707106781186548));
#11360=DIRECTION('ref_axis',(1.11022302462451E-16,1.,7.55765725056662E-29));
#11361=DIRECTION('',(-0.577350269189626,0.577350269189626,-0.577350269189626));
#11362=DIRECTION('',(-0.577350269189626,-0.577350269189626,-0.577350269189626));
#11363=DIRECTION('',(1.110223024625E-16,1.,0.));
#11364=DIRECTION('center_axis',(-7.85046229340898E-17,-0.707106781186548,
0.707106781186548));
#11365=DIRECTION('ref_axis',(-1.,1.11022302462451E-16,7.55765725056662E-29));
#11366=DIRECTION('',(0.577350269189626,-0.577350269189626,-0.577350269189626));
#11367=DIRECTION('',(-1.,1.110223024625E-16,0.));
#11368=DIRECTION('center_axis',(0.707106781186548,-7.85046229340898E-17,
0.707106781186548));
#11369=DIRECTION('ref_axis',(-1.11022302462451E-16,-1.,7.55765725056662E-29));
#11370=DIRECTION('',(0.577350269189626,0.577350269189626,-0.577350269189626));
#11371=DIRECTION('',(-1.110223024625E-16,-1.,0.));
#11372=DIRECTION('center_axis',(7.85046229340898E-17,0.707106781186548,
0.707106781186548));
#11373=DIRECTION('ref_axis',(1.,-1.11022302462451E-16,7.55765725056662E-29));
#11374=DIRECTION('',(1.,-1.110223024625E-16,0.));
#11375=DIRECTION('center_axis',(-0.707106781186548,7.85046229340898E-17,
0.707106781186548));
#11376=DIRECTION('ref_axis',(1.11022302462451E-16,1.,7.55765725056662E-29));
#11377=DIRECTION('',(-0.577350269189626,0.577350269189626,-0.577350269189626));
#11378=DIRECTION('',(-0.577350269189626,-0.577350269189626,-0.577350269189626));
#11379=DIRECTION('',(1.110223024625E-16,1.,0.));
#11380=DIRECTION('center_axis',(-7.85046229340898E-17,-0.707106781186548,
0.707106781186548));
#11381=DIRECTION('ref_axis',(-1.,1.11022302462451E-16,7.55765725056662E-29));
#11382=DIRECTION('',(0.577350269189626,-0.577350269189626,-0.577350269189626));
#11383=DIRECTION('',(-1.,1.110223024625E-16,0.));
#11384=DIRECTION('center_axis',(0.707106781186548,-7.85046229340898E-17,
0.707106781186548));
#11385=DIRECTION('ref_axis',(-1.11022302462451E-16,-1.,7.55765725056662E-29));
#11386=DIRECTION('',(0.577350269189626,0.577350269189626,-0.577350269189626));
#11387=DIRECTION('',(-1.110223024625E-16,-1.,0.));
#11388=DIRECTION('center_axis',(7.85046229340898E-17,0.707106781186548,
0.707106781186548));
#11389=DIRECTION('ref_axis',(1.,-1.11022302462451E-16,7.55765725056662E-29));
#11390=DIRECTION('',(1.,-1.110223024625E-16,0.));
#11391=DIRECTION('center_axis',(-0.707106781186548,7.85046229340898E-17,
0.707106781186548));
#11392=DIRECTION('ref_axis',(1.11022302462451E-16,1.,7.55765725056662E-29));
#11393=DIRECTION('',(-0.577350269189626,0.577350269189626,-0.577350269189626));
#11394=DIRECTION('',(-0.577350269189626,-0.577350269189626,-0.577350269189626));
#11395=DIRECTION('',(1.110223024625E-16,1.,0.));
#11396=DIRECTION('center_axis',(-7.85046229340898E-17,-0.707106781186548,
0.707106781186548));
#11397=DIRECTION('ref_axis',(-1.,1.11022302462451E-16,7.55765725056662E-29));
#11398=DIRECTION('',(0.577350269189626,-0.577350269189626,-0.577350269189626));
#11399=DIRECTION('',(-1.,1.110223024625E-16,0.));
#11400=DIRECTION('center_axis',(0.707106781186548,-7.85046229340898E-17,
0.707106781186548));
#11401=DIRECTION('ref_axis',(-1.11022302462451E-16,-1.,7.55765725056662E-29));
#11402=DIRECTION('',(0.577350269189626,0.577350269189626,-0.577350269189626));
#11403=DIRECTION('',(-1.110223024625E-16,-1.,0.));
#11404=DIRECTION('center_axis',(7.85046229340898E-17,0.707106781186548,
0.707106781186548));
#11405=DIRECTION('ref_axis',(1.,-1.11022302462451E-16,7.55765725056662E-29));
#11406=DIRECTION('',(1.,-1.110223024625E-16,0.));
#11407=DIRECTION('center_axis',(-0.707106781186548,7.85046229340898E-17,
0.707106781186548));
#11408=DIRECTION('ref_axis',(1.11022302462451E-16,1.,7.55765725056662E-29));
#11409=DIRECTION('',(-0.577350269189626,0.577350269189626,-0.577350269189626));
#11410=DIRECTION('',(-0.577350269189626,-0.577350269189626,-0.577350269189626));
#11411=DIRECTION('',(1.110223024625E-16,1.,0.));
#11412=DIRECTION('center_axis',(-7.85046229340898E-17,-0.707106781186548,
0.707106781186548));
#11413=DIRECTION('ref_axis',(-1.,1.11022302462451E-16,7.55765725056662E-29));
#11414=DIRECTION('',(0.577350269189626,-0.577350269189626,-0.577350269189626));
#11415=DIRECTION('',(-1.,1.110223024625E-16,0.));
#11416=DIRECTION('center_axis',(0.707106781186548,-7.85046229340898E-17,
0.707106781186548));
#11417=DIRECTION('ref_axis',(-1.11022302462451E-16,-1.,7.55765725056662E-29));
#11418=DIRECTION('',(0.577350269189626,0.577350269189626,-0.577350269189626));
#11419=DIRECTION('',(-1.110223024625E-16,-1.,0.));
#11420=DIRECTION('center_axis',(7.85046229340898E-17,0.707106781186548,
0.707106781186548));
#11421=DIRECTION('ref_axis',(1.,-1.11022302462451E-16,7.55765725056662E-29));
#11422=DIRECTION('',(1.,-1.110223024625E-16,0.));
#11423=DIRECTION('center_axis',(-0.707106781186548,7.85046229340898E-17,
0.707106781186548));
#11424=DIRECTION('ref_axis',(1.11022302462451E-16,1.,7.55765725056662E-29));
#11425=DIRECTION('',(-0.577350269189626,0.577350269189626,-0.577350269189626));
#11426=DIRECTION('',(-0.577350269189626,-0.577350269189626,-0.577350269189626));
#11427=DIRECTION('',(1.110223024625E-16,1.,0.));
#11428=DIRECTION('center_axis',(-7.85046229340898E-17,-0.707106781186548,
0.707106781186548));
#11429=DIRECTION('ref_axis',(-1.,1.11022302462451E-16,7.55765725056662E-29));
#11430=DIRECTION('',(0.577350269189626,-0.577350269189626,-0.577350269189626));
#11431=DIRECTION('',(-1.,1.110223024625E-16,0.));
#11432=DIRECTION('center_axis',(0.707106781186548,-7.85046229340898E-17,
0.707106781186548));
#11433=DIRECTION('ref_axis',(-1.11022302462451E-16,-1.,7.55765725056662E-29));
#11434=DIRECTION('',(0.577350269189626,0.577350269189626,-0.577350269189626));
#11435=DIRECTION('',(-1.110223024625E-16,-1.,0.));
#11436=DIRECTION('center_axis',(7.85046229340898E-17,0.707106781186548,
0.707106781186548));
#11437=DIRECTION('ref_axis',(1.,-1.11022302462451E-16,7.55765725056662E-29));
#11438=DIRECTION('',(1.,-1.110223024625E-16,0.));
#11439=DIRECTION('center_axis',(-0.707106781186548,7.85046229340898E-17,
0.707106781186548));
#11440=DIRECTION('ref_axis',(1.11022302462451E-16,1.,7.55765725056662E-29));
#11441=DIRECTION('',(-0.577350269189626,0.577350269189626,-0.577350269189626));
#11442=DIRECTION('',(-0.577350269189626,-0.577350269189626,-0.577350269189626));
#11443=DIRECTION('',(1.110223024625E-16,1.,0.));
#11444=DIRECTION('center_axis',(-7.85046229340898E-17,-0.707106781186548,
0.707106781186548));
#11445=DIRECTION('ref_axis',(-1.,1.11022302462451E-16,7.55765725056662E-29));
#11446=DIRECTION('',(0.577350269189626,-0.577350269189626,-0.577350269189626));
#11447=DIRECTION('',(-1.,1.110223024625E-16,0.));
#11448=DIRECTION('center_axis',(0.707106781186548,-7.85046229340898E-17,
0.707106781186548));
#11449=DIRECTION('ref_axis',(-1.11022302462451E-16,-1.,7.55765725056662E-29));
#11450=DIRECTION('',(0.577350269189626,0.577350269189626,-0.577350269189626));
#11451=DIRECTION('',(-1.110223024625E-16,-1.,0.));
#11452=DIRECTION('center_axis',(7.85046229340898E-17,0.707106781186548,
0.707106781186548));
#11453=DIRECTION('ref_axis',(1.,-1.11022302462451E-16,7.55765725056662E-29));
#11454=DIRECTION('',(1.,-1.110223024625E-16,0.));
#11455=DIRECTION('center_axis',(0.,0.,-1.));
#11456=DIRECTION('ref_axis',(-1.110223024625E-16,-1.,0.));
#11457=DIRECTION('',(1.,-1.110223024625E-16,0.));
#11458=DIRECTION('center_axis',(-1.,1.110223024625E-16,0.));
#11459=DIRECTION('ref_axis',(0.,0.,1.));
#11460=DIRECTION('',(0.,0.,1.));
#11461=DIRECTION('',(-2.69268635207408E-17,-0.242535625036098,0.970142500145391));
#11462=DIRECTION('',(-1.110223024625E-16,-1.,0.));
#11463=DIRECTION('',(-2.69268635207408E-17,-0.242535625036098,-0.970142500145391));
#11464=DIRECTION('',(0.,0.,-1.));
#11465=DIRECTION('center_axis',(0.,0.,-1.));
#11466=DIRECTION('ref_axis',(-1.110223024625E-16,-1.,0.));
#11467=DIRECTION('',(1.,-1.110223024625E-16,0.));
#11468=DIRECTION('center_axis',(-1.,1.110223024625E-16,0.));
#11469=DIRECTION('ref_axis',(0.,0.,1.));
#11470=DIRECTION('',(0.,0.,1.));
#11471=DIRECTION('',(0.,0.,-1.));
#11472=DIRECTION('',(-2.69268635207408E-17,-0.242535625036098,-0.970142500145391));
#11473=DIRECTION('',(1.110223024625E-16,1.,0.));
#11474=DIRECTION('',(-2.69268635207408E-17,-0.242535625036098,0.970142500145391));
#11475=DIRECTION('center_axis',(0.,0.,-1.));
#11476=DIRECTION('ref_axis',(-1.110223024625E-16,-1.,0.));
#11477=DIRECTION('',(1.,-1.110223024625E-16,0.));
#11478=DIRECTION('center_axis',(-1.,1.110223024625E-16,0.));
#11479=DIRECTION('ref_axis',(0.,0.,1.));
#11480=DIRECTION('',(0.,0.,1.));
#11481=DIRECTION('',(-2.69268635207408E-17,-0.242535625036098,0.970142500145391));
#11482=DIRECTION('',(-1.110223024625E-16,-1.,0.));
#11483=DIRECTION('',(-2.69268635207408E-17,-0.242535625036098,-0.970142500145391));
#11484=DIRECTION('',(0.,0.,-1.));
#11485=DIRECTION('center_axis',(0.,0.,-1.));
#11486=DIRECTION('ref_axis',(-1.110223024625E-16,-1.,0.));
#11487=DIRECTION('',(1.,-1.110223024625E-16,0.));
#11488=DIRECTION('center_axis',(-1.,1.110223024625E-16,0.));
#11489=DIRECTION('ref_axis',(0.,0.,1.));
#11490=DIRECTION('',(0.,0.,1.));
#11491=DIRECTION('',(0.,0.,-1.));
#11492=DIRECTION('',(-2.69268635207408E-17,-0.242535625036098,-0.970142500145391));
#11493=DIRECTION('',(1.110223024625E-16,1.,0.));
#11494=DIRECTION('',(-2.69268635207408E-17,-0.242535625036098,0.970142500145391));
#11495=DIRECTION('center_axis',(0.,0.,-1.));
#11496=DIRECTION('ref_axis',(-1.110223024625E-16,-1.,0.));
#11497=DIRECTION('',(1.,-1.110223024625E-16,0.));
#11498=DIRECTION('center_axis',(-1.,1.110223024625E-16,0.));
#11499=DIRECTION('ref_axis',(0.,0.,1.));
#11500=DIRECTION('',(0.,0.,1.));
#11501=DIRECTION('',(-2.69268635207408E-17,-0.242535625036098,0.970142500145391));
#11502=DIRECTION('',(-1.110223024625E-16,-1.,0.));
#11503=DIRECTION('',(-2.69268635207408E-17,-0.242535625036098,-0.970142500145391));
#11504=DIRECTION('',(0.,0.,-1.));
#11505=DIRECTION('center_axis',(0.,0.,-1.));
#11506=DIRECTION('ref_axis',(-1.110223024625E-16,-1.,0.));
#11507=DIRECTION('',(1.,-1.110223024625E-16,0.));
#11508=DIRECTION('center_axis',(-1.,1.110223024625E-16,0.));
#11509=DIRECTION('ref_axis',(0.,0.,1.));
#11510=DIRECTION('',(0.,0.,1.));
#11511=DIRECTION('',(0.,0.,-1.));
#11512=DIRECTION('',(-2.69268635207408E-17,-0.242535625036098,-0.970142500145391));
#11513=DIRECTION('',(1.110223024625E-16,1.,0.));
#11514=DIRECTION('',(-2.69268635207408E-17,-0.242535625036098,0.970142500145391));
#11515=DIRECTION('center_axis',(0.,0.,-1.));
#11516=DIRECTION('ref_axis',(-1.110223024625E-16,-1.,0.));
#11517=DIRECTION('',(1.,-1.110223024625E-16,0.));
#11518=DIRECTION('center_axis',(-1.,1.110223024625E-16,0.));
#11519=DIRECTION('ref_axis',(0.,0.,1.));
#11520=DIRECTION('',(0.,0.,1.));
#11521=DIRECTION('',(-2.69268635207408E-17,-0.242535625036098,0.970142500145391));
#11522=DIRECTION('',(-1.110223024625E-16,-1.,0.));
#11523=DIRECTION('',(-2.69268635207408E-17,-0.242535625036098,-0.970142500145391));
#11524=DIRECTION('',(0.,0.,-1.));
#11525=DIRECTION('center_axis',(0.,0.,-1.));
#11526=DIRECTION('ref_axis',(-1.110223024625E-16,-1.,0.));
#11527=DIRECTION('',(1.,-1.110223024625E-16,0.));
#11528=DIRECTION('center_axis',(-1.,1.110223024625E-16,0.));
#11529=DIRECTION('ref_axis',(0.,0.,1.));
#11530=DIRECTION('',(0.,0.,1.));
#11531=DIRECTION('',(0.,0.,-1.));
#11532=DIRECTION('',(-2.69268635207408E-17,-0.242535625036098,-0.970142500145391));
#11533=DIRECTION('',(1.110223024625E-16,1.,0.));
#11534=DIRECTION('',(-2.69268635207408E-17,-0.242535625036098,0.970142500145391));
#11535=DIRECTION('center_axis',(0.,0.,-1.));
#11536=DIRECTION('ref_axis',(-1.110223024625E-16,-1.,0.));
#11537=DIRECTION('',(1.,-1.110223024625E-16,0.));
#11538=DIRECTION('center_axis',(-1.,1.110223024625E-16,0.));
#11539=DIRECTION('ref_axis',(0.,0.,1.));
#11540=DIRECTION('',(0.,0.,1.));
#11541=DIRECTION('',(-2.69268635207408E-17,-0.242535625036098,0.970142500145391));
#11542=DIRECTION('',(-1.110223024625E-16,-1.,0.));
#11543=DIRECTION('',(-2.69268635207408E-17,-0.242535625036098,-0.970142500145391));
#11544=DIRECTION('',(0.,0.,-1.));
#11545=DIRECTION('center_axis',(0.,0.,-1.));
#11546=DIRECTION('ref_axis',(-1.110223024625E-16,-1.,0.));
#11547=DIRECTION('',(1.,-1.110223024625E-16,0.));
#11548=DIRECTION('center_axis',(-1.,1.110223024625E-16,0.));
#11549=DIRECTION('ref_axis',(0.,0.,1.));
#11550=DIRECTION('',(0.,0.,1.));
#11551=DIRECTION('',(0.,0.,-1.));
#11552=DIRECTION('',(-2.69268635207408E-17,-0.242535625036098,-0.970142500145391));
#11553=DIRECTION('',(1.110223024625E-16,1.,0.));
#11554=DIRECTION('',(-2.69268635207408E-17,-0.242535625036098,0.970142500145391));
#11555=DIRECTION('center_axis',(0.,0.,-1.));
#11556=DIRECTION('ref_axis',(-1.110223024625E-16,-1.,0.));
#11557=DIRECTION('',(1.,-1.110223024625E-16,0.));
#11558=DIRECTION('center_axis',(-1.,1.110223024625E-16,0.));
#11559=DIRECTION('ref_axis',(0.,0.,1.));
#11560=DIRECTION('',(0.,0.,1.));
#11561=DIRECTION('',(-2.69268635207408E-17,-0.242535625036098,0.970142500145391));
#11562=DIRECTION('',(-1.110223024625E-16,-1.,0.));
#11563=DIRECTION('',(-2.69268635207408E-17,-0.242535625036098,-0.970142500145391));
#11564=DIRECTION('',(0.,0.,-1.));
#11565=DIRECTION('center_axis',(0.,0.,-1.));
#11566=DIRECTION('ref_axis',(-1.110223024625E-16,-1.,0.));
#11567=DIRECTION('',(1.,-1.110223024625E-16,0.));
#11568=DIRECTION('center_axis',(-1.,1.110223024625E-16,0.));
#11569=DIRECTION('ref_axis',(0.,0.,1.));
#11570=DIRECTION('',(0.,0.,1.));
#11571=DIRECTION('',(0.,0.,-1.));
#11572=DIRECTION('',(-2.69268635207408E-17,-0.242535625036098,-0.970142500145391));
#11573=DIRECTION('',(1.110223024625E-16,1.,0.));
#11574=DIRECTION('',(-2.69268635207408E-17,-0.242535625036098,0.970142500145391));
#11575=DIRECTION('center_axis',(0.,0.,-1.));
#11576=DIRECTION('ref_axis',(-1.110223024625E-16,-1.,0.));
#11577=DIRECTION('',(1.,-1.110223024625E-16,0.));
#11578=DIRECTION('center_axis',(-1.,1.110223024625E-16,0.));
#11579=DIRECTION('ref_axis',(0.,0.,1.));
#11580=DIRECTION('',(0.,0.,1.));
#11581=DIRECTION('',(-2.69268635207408E-17,-0.242535625036098,0.970142500145391));
#11582=DIRECTION('',(-1.110223024625E-16,-1.,0.));
#11583=DIRECTION('',(-2.69268635207408E-17,-0.242535625036098,-0.970142500145391));
#11584=DIRECTION('',(0.,0.,-1.));
#11585=DIRECTION('center_axis',(0.,0.,-1.));
#11586=DIRECTION('ref_axis',(-1.110223024625E-16,-1.,0.));
#11587=DIRECTION('',(1.,-1.110223024625E-16,0.));
#11588=DIRECTION('center_axis',(-1.,1.110223024625E-16,0.));
#11589=DIRECTION('ref_axis',(0.,0.,1.));
#11590=DIRECTION('',(0.,0.,1.));
#11591=DIRECTION('',(0.,0.,-1.));
#11592=DIRECTION('',(-2.69268635207408E-17,-0.242535625036098,-0.970142500145391));
#11593=DIRECTION('',(1.110223024625E-16,1.,0.));
#11594=DIRECTION('',(-2.69268635207408E-17,-0.242535625036098,0.970142500145391));
#11595=DIRECTION('center_axis',(0.,0.,-1.));
#11596=DIRECTION('ref_axis',(-1.110223024625E-16,-1.,0.));
#11597=DIRECTION('',(1.,-1.110223024625E-16,0.));
#11598=DIRECTION('center_axis',(-1.,1.110223024625E-16,0.));
#11599=DIRECTION('ref_axis',(0.,0.,1.));
#11600=DIRECTION('',(0.,0.,1.));
#11601=DIRECTION('',(-2.69268635207408E-17,-0.242535625036098,0.970142500145391));
#11602=DIRECTION('',(-1.110223024625E-16,-1.,0.));
#11603=DIRECTION('',(-2.69268635207408E-17,-0.242535625036098,-0.970142500145391));
#11604=DIRECTION('',(0.,0.,-1.));
#11605=DIRECTION('center_axis',(0.,0.,-1.));
#11606=DIRECTION('ref_axis',(-1.110223024625E-16,-1.,0.));
#11607=DIRECTION('',(1.,-1.110223024625E-16,0.));
#11608=DIRECTION('center_axis',(-1.,1.110223024625E-16,0.));
#11609=DIRECTION('ref_axis',(0.,0.,1.));
#11610=DIRECTION('',(0.,0.,1.));
#11611=DIRECTION('',(0.,0.,-1.));
#11612=DIRECTION('',(-2.69268635207408E-17,-0.242535625036098,-0.970142500145391));
#11613=DIRECTION('',(1.110223024625E-16,1.,0.));
#11614=DIRECTION('',(-2.69268635207408E-17,-0.242535625036098,0.970142500145391));
#11615=DIRECTION('center_axis',(1.,-1.110223024625E-16,0.));
#11616=DIRECTION('ref_axis',(1.110223024625E-16,1.,0.));
#11617=DIRECTION('',(0.,0.,-1.));
#11618=DIRECTION('',(0.,0.,-1.));
#11619=DIRECTION('',(1.110223024625E-16,1.,0.));
#11620=DIRECTION('center_axis',(1.110223024625E-16,1.,0.));
#11621=DIRECTION('ref_axis',(-1.,1.110223024625E-16,0.));
#11622=DIRECTION('',(0.,0.,-1.));
#11623=DIRECTION('',(-1.,1.110223024625E-16,0.));
#11624=DIRECTION('',(0.,0.,1.));
#11625=DIRECTION('',(1.,-1.110223024625E-16,0.));
#11626=DIRECTION('',(0.,0.,1.));
#11627=DIRECTION('',(-1.,1.110223024625E-16,0.));
#11628=DIRECTION('center_axis',(-1.,1.110223024625E-16,0.));
#11629=DIRECTION('ref_axis',(-1.110223024625E-16,-1.,0.));
#11630=DIRECTION('',(0.,0.,-1.));
#11631=DIRECTION('',(-1.110223024625E-16,-1.,0.));
#11632=DIRECTION('center_axis',(-1.110223024625E-16,-1.,0.));
#11633=DIRECTION('ref_axis',(1.,-1.110223024625E-16,0.));
#11634=DIRECTION('',(1.,-1.110223024625E-16,0.));
#11635=DIRECTION('',(0.,0.,-1.));
#11636=DIRECTION('',(1.,-1.110223024625E-16,0.));
#11637=DIRECTION('',(0.,0.,-1.));
#11638=DIRECTION('',(1.,-1.110223024625E-16,0.));
#11639=DIRECTION('center_axis',(1.,-1.110223024625E-16,0.));
#11640=DIRECTION('ref_axis',(1.110223024625E-16,1.,0.));
#11641=DIRECTION('',(0.,0.,-1.));
#11642=DIRECTION('',(0.,0.,-1.));
#11643=DIRECTION('',(1.110223024625E-16,1.,0.));
#11644=DIRECTION('center_axis',(1.110223024625E-16,1.,0.));
#11645=DIRECTION('ref_axis',(-1.,1.110223024625E-16,0.));
#11646=DIRECTION('',(0.,0.,-1.));
#11647=DIRECTION('',(-1.,1.110223024625E-16,0.));
#11648=DIRECTION('',(0.,0.,1.));
#11649=DIRECTION('',(1.,-1.110223024625E-16,0.));
#11650=DIRECTION('',(0.,0.,1.));
#11651=DIRECTION('',(-1.,1.110223024625E-16,0.));
#11652=DIRECTION('center_axis',(-1.,1.110223024625E-16,0.));
#11653=DIRECTION('ref_axis',(-1.110223024625E-16,-1.,0.));
#11654=DIRECTION('',(0.,0.,-1.));
#11655=DIRECTION('',(-1.110223024625E-16,-1.,0.));
#11656=DIRECTION('center_axis',(-1.110223024625E-16,-1.,0.));
#11657=DIRECTION('ref_axis',(1.,-1.110223024625E-16,0.));
#11658=DIRECTION('',(1.,-1.110223024625E-16,0.));
#11659=DIRECTION('',(0.,0.,-1.));
#11660=DIRECTION('',(1.,-1.110223024625E-16,0.));
#11661=DIRECTION('',(0.,0.,-1.));
#11662=DIRECTION('',(1.,-1.110223024625E-16,0.));
#11663=DIRECTION('center_axis',(1.,-1.110223024625E-16,0.));
#11664=DIRECTION('ref_axis',(1.110223024625E-16,1.,0.));
#11665=DIRECTION('',(0.,0.,-1.));
#11666=DIRECTION('',(0.,0.,-1.));
#11667=DIRECTION('',(1.110223024625E-16,1.,0.));
#11668=DIRECTION('center_axis',(1.110223024625E-16,1.,0.));
#11669=DIRECTION('ref_axis',(-1.,1.110223024625E-16,0.));
#11670=DIRECTION('',(0.,0.,-1.));
#11671=DIRECTION('',(-1.,1.110223024625E-16,0.));
#11672=DIRECTION('',(0.,0.,1.));
#11673=DIRECTION('',(1.,-1.110223024625E-16,0.));
#11674=DIRECTION('',(0.,0.,1.));
#11675=DIRECTION('',(-1.,1.110223024625E-16,0.));
#11676=DIRECTION('center_axis',(-1.,1.110223024625E-16,0.));
#11677=DIRECTION('ref_axis',(-1.110223024625E-16,-1.,0.));
#11678=DIRECTION('',(0.,0.,-1.));
#11679=DIRECTION('',(-1.110223024625E-16,-1.,0.));
#11680=DIRECTION('center_axis',(-1.110223024625E-16,-1.,0.));
#11681=DIRECTION('ref_axis',(1.,-1.110223024625E-16,0.));
#11682=DIRECTION('',(1.,-1.110223024625E-16,0.));
#11683=DIRECTION('',(0.,0.,-1.));
#11684=DIRECTION('',(1.,-1.110223024625E-16,0.));
#11685=DIRECTION('',(0.,0.,-1.));
#11686=DIRECTION('',(1.,-1.110223024625E-16,0.));
#11687=DIRECTION('center_axis',(1.,-1.110223024625E-16,0.));
#11688=DIRECTION('ref_axis',(1.110223024625E-16,1.,0.));
#11689=DIRECTION('',(0.,0.,-1.));
#11690=DIRECTION('',(0.,0.,-1.));
#11691=DIRECTION('',(1.110223024625E-16,1.,0.));
#11692=DIRECTION('center_axis',(1.110223024625E-16,1.,0.));
#11693=DIRECTION('ref_axis',(-1.,1.110223024625E-16,0.));
#11694=DIRECTION('',(0.,0.,-1.));
#11695=DIRECTION('',(-1.,1.110223024625E-16,0.));
#11696=DIRECTION('',(0.,0.,1.));
#11697=DIRECTION('',(1.,-1.110223024625E-16,0.));
#11698=DIRECTION('',(0.,0.,1.));
#11699=DIRECTION('',(-1.,1.110223024625E-16,0.));
#11700=DIRECTION('center_axis',(-1.,1.110223024625E-16,0.));
#11701=DIRECTION('ref_axis',(-1.110223024625E-16,-1.,0.));
#11702=DIRECTION('',(0.,0.,-1.));
#11703=DIRECTION('',(-1.110223024625E-16,-1.,0.));
#11704=DIRECTION('center_axis',(-1.110223024625E-16,-1.,0.));
#11705=DIRECTION('ref_axis',(1.,-1.110223024625E-16,0.));
#11706=DIRECTION('',(1.,-1.110223024625E-16,0.));
#11707=DIRECTION('',(0.,0.,-1.));
#11708=DIRECTION('',(1.,-1.110223024625E-16,0.));
#11709=DIRECTION('',(0.,0.,-1.));
#11710=DIRECTION('',(1.,-1.110223024625E-16,0.));
#11711=DIRECTION('center_axis',(1.,-1.110223024625E-16,0.));
#11712=DIRECTION('ref_axis',(1.110223024625E-16,1.,0.));
#11713=DIRECTION('',(0.,0.,-1.));
#11714=DIRECTION('',(0.,0.,-1.));
#11715=DIRECTION('',(1.110223024625E-16,1.,0.));
#11716=DIRECTION('center_axis',(1.110223024625E-16,1.,0.));
#11717=DIRECTION('ref_axis',(-1.,1.110223024625E-16,0.));
#11718=DIRECTION('',(0.,0.,-1.));
#11719=DIRECTION('',(-1.,1.110223024625E-16,0.));
#11720=DIRECTION('',(0.,0.,1.));
#11721=DIRECTION('',(1.,-1.110223024625E-16,0.));
#11722=DIRECTION('',(0.,0.,1.));
#11723=DIRECTION('',(-1.,1.110223024625E-16,0.));
#11724=DIRECTION('center_axis',(-1.,1.110223024625E-16,0.));
#11725=DIRECTION('ref_axis',(-1.110223024625E-16,-1.,0.));
#11726=DIRECTION('',(0.,0.,-1.));
#11727=DIRECTION('',(-1.110223024625E-16,-1.,0.));
#11728=DIRECTION('center_axis',(-1.110223024625E-16,-1.,0.));
#11729=DIRECTION('ref_axis',(1.,-1.110223024625E-16,0.));
#11730=DIRECTION('',(1.,-1.110223024625E-16,0.));
#11731=DIRECTION('',(0.,0.,-1.));
#11732=DIRECTION('',(1.,-1.110223024625E-16,0.));
#11733=DIRECTION('',(0.,0.,-1.));
#11734=DIRECTION('',(1.,-1.110223024625E-16,0.));
#11735=DIRECTION('center_axis',(1.,-1.110223024625E-16,0.));
#11736=DIRECTION('ref_axis',(1.110223024625E-16,1.,0.));
#11737=DIRECTION('',(0.,0.,-1.));
#11738=DIRECTION('',(0.,0.,-1.));
#11739=DIRECTION('',(1.110223024625E-16,1.,0.));
#11740=DIRECTION('center_axis',(1.110223024625E-16,1.,0.));
#11741=DIRECTION('ref_axis',(-1.,1.110223024625E-16,0.));
#11742=DIRECTION('',(0.,0.,-1.));
#11743=DIRECTION('',(-1.,1.110223024625E-16,0.));
#11744=DIRECTION('',(0.,0.,1.));
#11745=DIRECTION('',(1.,-1.110223024625E-16,0.));
#11746=DIRECTION('',(0.,0.,1.));
#11747=DIRECTION('',(-1.,1.110223024625E-16,0.));
#11748=DIRECTION('center_axis',(-1.,1.110223024625E-16,0.));
#11749=DIRECTION('ref_axis',(-1.110223024625E-16,-1.,0.));
#11750=DIRECTION('',(0.,0.,-1.));
#11751=DIRECTION('',(-1.110223024625E-16,-1.,0.));
#11752=DIRECTION('center_axis',(-1.110223024625E-16,-1.,0.));
#11753=DIRECTION('ref_axis',(1.,-1.110223024625E-16,0.));
#11754=DIRECTION('',(1.,-1.110223024625E-16,0.));
#11755=DIRECTION('',(0.,0.,-1.));
#11756=DIRECTION('',(1.,-1.110223024625E-16,0.));
#11757=DIRECTION('',(0.,0.,-1.));
#11758=DIRECTION('',(1.,-1.110223024625E-16,0.));
#11759=DIRECTION('center_axis',(1.,-1.110223024625E-16,0.));
#11760=DIRECTION('ref_axis',(1.110223024625E-16,1.,0.));
#11761=DIRECTION('',(0.,0.,-1.));
#11762=DIRECTION('',(0.,0.,-1.));
#11763=DIRECTION('',(1.110223024625E-16,1.,0.));
#11764=DIRECTION('center_axis',(1.110223024625E-16,1.,0.));
#11765=DIRECTION('ref_axis',(-1.,1.110223024625E-16,0.));
#11766=DIRECTION('',(0.,0.,-1.));
#11767=DIRECTION('',(-1.,1.110223024625E-16,0.));
#11768=DIRECTION('',(0.,0.,1.));
#11769=DIRECTION('',(1.,-1.110223024625E-16,0.));
#11770=DIRECTION('',(0.,0.,1.));
#11771=DIRECTION('',(-1.,1.110223024625E-16,0.));
#11772=DIRECTION('center_axis',(-1.,1.110223024625E-16,0.));
#11773=DIRECTION('ref_axis',(-1.110223024625E-16,-1.,0.));
#11774=DIRECTION('',(0.,0.,-1.));
#11775=DIRECTION('',(-1.110223024625E-16,-1.,0.));
#11776=DIRECTION('center_axis',(-1.110223024625E-16,-1.,0.));
#11777=DIRECTION('ref_axis',(1.,-1.110223024625E-16,0.));
#11778=DIRECTION('',(1.,-1.110223024625E-16,0.));
#11779=DIRECTION('',(0.,0.,-1.));
#11780=DIRECTION('',(1.,-1.110223024625E-16,0.));
#11781=DIRECTION('',(0.,0.,-1.));
#11782=DIRECTION('',(1.,-1.110223024625E-16,0.));
#11783=DIRECTION('center_axis',(1.,-1.110223024625E-16,0.));
#11784=DIRECTION('ref_axis',(1.110223024625E-16,1.,0.));
#11785=DIRECTION('',(0.,0.,-1.));
#11786=DIRECTION('',(0.,0.,-1.));
#11787=DIRECTION('',(1.110223024625E-16,1.,0.));
#11788=DIRECTION('center_axis',(1.110223024625E-16,1.,0.));
#11789=DIRECTION('ref_axis',(-1.,1.110223024625E-16,0.));
#11790=DIRECTION('',(0.,0.,-1.));
#11791=DIRECTION('',(-1.,1.110223024625E-16,0.));
#11792=DIRECTION('',(0.,0.,1.));
#11793=DIRECTION('',(1.,-1.110223024625E-16,0.));
#11794=DIRECTION('',(0.,0.,1.));
#11795=DIRECTION('',(-1.,1.110223024625E-16,0.));
#11796=DIRECTION('center_axis',(-1.,1.110223024625E-16,0.));
#11797=DIRECTION('ref_axis',(-1.110223024625E-16,-1.,0.));
#11798=DIRECTION('',(0.,0.,-1.));
#11799=DIRECTION('',(-1.110223024625E-16,-1.,0.));
#11800=DIRECTION('center_axis',(-1.110223024625E-16,-1.,0.));
#11801=DIRECTION('ref_axis',(1.,-1.110223024625E-16,0.));
#11802=DIRECTION('',(1.,-1.110223024625E-16,0.));
#11803=DIRECTION('',(0.,0.,-1.));
#11804=DIRECTION('',(1.,-1.110223024625E-16,0.));
#11805=DIRECTION('',(0.,0.,-1.));
#11806=DIRECTION('',(1.,-1.110223024625E-16,0.));
#11807=DIRECTION('center_axis',(-1.110223024625E-16,-1.,0.));
#11808=DIRECTION('ref_axis',(0.,0.,1.));
#11809=DIRECTION('',(1.,-1.110223024625E-16,0.));
#11810=DIRECTION('center_axis',(-1.07707454082943E-16,-0.970142500145391,
-0.242535625036098));
#11811=DIRECTION('ref_axis',(-2.69268635207408E-17,-0.242535625036098,0.970142500145391));
#11812=DIRECTION('',(1.,-1.110223024625E-16,0.));
#11813=DIRECTION('center_axis',(0.,0.,-1.));
#11814=DIRECTION('ref_axis',(-1.110223024625E-16,-1.,0.));
#11815=DIRECTION('',(1.,-1.110223024625E-16,0.));
#11816=DIRECTION('center_axis',(1.07707454082943E-16,0.970142500145391,
-0.242535625036098));
#11817=DIRECTION('ref_axis',(-2.69268635207408E-17,-0.242535625036098,-0.970142500145391));
#11818=DIRECTION('',(1.,-1.110223024625E-16,0.));
#11819=DIRECTION('center_axis',(1.110223024625E-16,1.,0.));
#11820=DIRECTION('ref_axis',(0.,0.,-1.));
#11821=DIRECTION('center_axis',(-1.110223024625E-16,-1.,0.));
#11822=DIRECTION('ref_axis',(0.,0.,1.));
#11823=DIRECTION('',(1.,-1.110223024625E-16,0.));
#11824=DIRECTION('center_axis',(-1.07707454082943E-16,-0.970142500145391,
-0.242535625036098));
#11825=DIRECTION('ref_axis',(-2.69268635207408E-17,-0.242535625036098,0.970142500145391));
#11826=DIRECTION('',(1.,-1.110223024625E-16,0.));
#11827=DIRECTION('center_axis',(0.,0.,-1.));
#11828=DIRECTION('ref_axis',(-1.110223024625E-16,-1.,0.));
#11829=DIRECTION('',(1.,-1.110223024625E-16,0.));
#11830=DIRECTION('center_axis',(1.07707454082943E-16,0.970142500145391,
-0.242535625036098));
#11831=DIRECTION('ref_axis',(-2.69268635207408E-17,-0.242535625036098,-0.970142500145391));
#11832=DIRECTION('',(1.,-1.110223024625E-16,0.));
#11833=DIRECTION('center_axis',(1.110223024625E-16,1.,0.));
#11834=DIRECTION('ref_axis',(0.,0.,-1.));
#11835=DIRECTION('center_axis',(-1.110223024625E-16,-1.,0.));
#11836=DIRECTION('ref_axis',(0.,0.,1.));
#11837=DIRECTION('',(1.,-1.110223024625E-16,0.));
#11838=DIRECTION('center_axis',(-1.07707454082943E-16,-0.970142500145391,
-0.242535625036098));
#11839=DIRECTION('ref_axis',(-2.69268635207408E-17,-0.242535625036098,0.970142500145391));
#11840=DIRECTION('',(1.,-1.110223024625E-16,0.));
#11841=DIRECTION('center_axis',(0.,0.,-1.));
#11842=DIRECTION('ref_axis',(-1.110223024625E-16,-1.,0.));
#11843=DIRECTION('',(1.,-1.110223024625E-16,0.));
#11844=DIRECTION('center_axis',(1.07707454082943E-16,0.970142500145391,
-0.242535625036098));
#11845=DIRECTION('ref_axis',(-2.69268635207408E-17,-0.242535625036098,-0.970142500145391));
#11846=DIRECTION('',(1.,-1.110223024625E-16,0.));
#11847=DIRECTION('center_axis',(1.110223024625E-16,1.,0.));
#11848=DIRECTION('ref_axis',(0.,0.,-1.));
#11849=DIRECTION('center_axis',(-1.110223024625E-16,-1.,0.));
#11850=DIRECTION('ref_axis',(0.,0.,1.));
#11851=DIRECTION('',(1.,-1.110223024625E-16,0.));
#11852=DIRECTION('center_axis',(-1.07707454082943E-16,-0.970142500145391,
-0.242535625036098));
#11853=DIRECTION('ref_axis',(-2.69268635207408E-17,-0.242535625036098,0.970142500145391));
#11854=DIRECTION('',(1.,-1.110223024625E-16,0.));
#11855=DIRECTION('center_axis',(0.,0.,-1.));
#11856=DIRECTION('ref_axis',(-1.110223024625E-16,-1.,0.));
#11857=DIRECTION('',(1.,-1.110223024625E-16,0.));
#11858=DIRECTION('center_axis',(1.07707454082943E-16,0.970142500145391,
-0.242535625036098));
#11859=DIRECTION('ref_axis',(-2.69268635207408E-17,-0.242535625036098,-0.970142500145391));
#11860=DIRECTION('',(1.,-1.110223024625E-16,0.));
#11861=DIRECTION('center_axis',(1.110223024625E-16,1.,0.));
#11862=DIRECTION('ref_axis',(0.,0.,-1.));
#11863=DIRECTION('center_axis',(-1.110223024625E-16,-1.,0.));
#11864=DIRECTION('ref_axis',(0.,0.,1.));
#11865=DIRECTION('',(1.,-1.110223024625E-16,0.));
#11866=DIRECTION('center_axis',(-1.07707454082943E-16,-0.970142500145391,
-0.242535625036098));
#11867=DIRECTION('ref_axis',(-2.69268635207408E-17,-0.242535625036098,0.970142500145391));
#11868=DIRECTION('',(1.,-1.110223024625E-16,0.));
#11869=DIRECTION('center_axis',(0.,0.,-1.));
#11870=DIRECTION('ref_axis',(-1.110223024625E-16,-1.,0.));
#11871=DIRECTION('',(1.,-1.110223024625E-16,0.));
#11872=DIRECTION('center_axis',(1.07707454082943E-16,0.970142500145391,
-0.242535625036098));
#11873=DIRECTION('ref_axis',(-2.69268635207408E-17,-0.242535625036098,-0.970142500145391));
#11874=DIRECTION('',(1.,-1.110223024625E-16,0.));
#11875=DIRECTION('center_axis',(1.110223024625E-16,1.,0.));
#11876=DIRECTION('ref_axis',(0.,0.,-1.));
#11877=DIRECTION('center_axis',(-1.110223024625E-16,-1.,0.));
#11878=DIRECTION('ref_axis',(0.,0.,1.));
#11879=DIRECTION('',(1.,-1.110223024625E-16,0.));
#11880=DIRECTION('center_axis',(-1.07707454082943E-16,-0.970142500145391,
-0.242535625036098));
#11881=DIRECTION('ref_axis',(-2.69268635207408E-17,-0.242535625036098,0.970142500145391));
#11882=DIRECTION('',(1.,-1.110223024625E-16,0.));
#11883=DIRECTION('center_axis',(0.,0.,-1.));
#11884=DIRECTION('ref_axis',(-1.110223024625E-16,-1.,0.));
#11885=DIRECTION('',(1.,-1.110223024625E-16,0.));
#11886=DIRECTION('center_axis',(1.07707454082943E-16,0.970142500145391,
-0.242535625036098));
#11887=DIRECTION('ref_axis',(-2.69268635207408E-17,-0.242535625036098,-0.970142500145391));
#11888=DIRECTION('',(1.,-1.110223024625E-16,0.));
#11889=DIRECTION('center_axis',(1.110223024625E-16,1.,0.));
#11890=DIRECTION('ref_axis',(0.,0.,-1.));
#11891=DIRECTION('center_axis',(-1.110223024625E-16,-1.,0.));
#11892=DIRECTION('ref_axis',(0.,0.,1.));
#11893=DIRECTION('',(1.,-1.110223024625E-16,0.));
#11894=DIRECTION('center_axis',(-1.07707454082943E-16,-0.970142500145391,
-0.242535625036098));
#11895=DIRECTION('ref_axis',(-2.69268635207408E-17,-0.242535625036098,0.970142500145391));
#11896=DIRECTION('',(1.,-1.110223024625E-16,0.));
#11897=DIRECTION('center_axis',(0.,0.,-1.));
#11898=DIRECTION('ref_axis',(-1.110223024625E-16,-1.,0.));
#11899=DIRECTION('',(1.,-1.110223024625E-16,0.));
#11900=DIRECTION('center_axis',(1.07707454082943E-16,0.970142500145391,
-0.242535625036098));
#11901=DIRECTION('ref_axis',(-2.69268635207408E-17,-0.242535625036098,-0.970142500145391));
#11902=DIRECTION('',(1.,-1.110223024625E-16,0.));
#11903=DIRECTION('center_axis',(1.110223024625E-16,1.,0.));
#11904=DIRECTION('ref_axis',(0.,0.,-1.));
#11905=DIRECTION('center_axis',(-1.110223024625E-16,-1.,0.));
#11906=DIRECTION('ref_axis',(0.,0.,1.));
#11907=DIRECTION('',(1.,-1.110223024625E-16,0.));
#11908=DIRECTION('center_axis',(-1.07707454082943E-16,-0.970142500145391,
-0.242535625036098));
#11909=DIRECTION('ref_axis',(-2.69268635207408E-17,-0.242535625036098,0.970142500145391));
#11910=DIRECTION('',(1.,-1.110223024625E-16,0.));
#11911=DIRECTION('center_axis',(0.,0.,-1.));
#11912=DIRECTION('ref_axis',(-1.110223024625E-16,-1.,0.));
#11913=DIRECTION('',(1.,-1.110223024625E-16,0.));
#11914=DIRECTION('center_axis',(1.07707454082943E-16,0.970142500145391,
-0.242535625036098));
#11915=DIRECTION('ref_axis',(-2.69268635207408E-17,-0.242535625036098,-0.970142500145391));
#11916=DIRECTION('',(1.,-1.110223024625E-16,0.));
#11917=DIRECTION('center_axis',(1.110223024625E-16,1.,0.));
#11918=DIRECTION('ref_axis',(0.,0.,-1.));
#11919=DIRECTION('center_axis',(0.,0.,1.));
#11920=DIRECTION('ref_axis',(1.110223024625E-16,1.,0.));
#11921=DIRECTION('',(-1.110223024625E-16,-1.,0.));
#11922=DIRECTION('center_axis',(0.,0.,1.));
#11923=DIRECTION('ref_axis',(1.110223024625E-16,1.,0.));
#11924=DIRECTION('',(-1.110223024625E-16,-1.,0.));
#11925=DIRECTION('center_axis',(-1.,1.110223024625E-16,0.));
#11926=DIRECTION('ref_axis',(0.,0.,1.));
#11927=DIRECTION('',(7.85046229340898E-17,0.707106781186548,-0.707106781186548));
#11928=DIRECTION('',(0.,0.,-1.));
#11929=DIRECTION('',(1.110223024625E-16,1.,0.));
#11930=DIRECTION('',(0.,0.,1.));
#11931=DIRECTION('',(7.85046229340898E-17,0.707106781186548,0.707106781186548));
#11932=DIRECTION('center_axis',(-7.85046229340898E-17,-0.707106781186548,
0.707106781186548));
#11933=DIRECTION('ref_axis',(7.85046229340898E-17,0.707106781186548,0.707106781186548));
#11934=DIRECTION('',(1.,-1.110223024625E-16,0.));
#11935=DIRECTION('',(7.85046229340898E-17,0.707106781186548,0.707106781186548));
#11936=DIRECTION('center_axis',(-1.,1.110223024625E-16,0.));
#11937=DIRECTION('ref_axis',(0.,0.,1.));
#11938=DIRECTION('',(0.,0.,1.));
#11939=DIRECTION('',(1.110223024625E-16,1.,0.));
#11940=DIRECTION('',(0.,0.,-1.));
#11941=DIRECTION('',(7.85046229340898E-17,0.707106781186548,-0.707106781186548));
#11942=DIRECTION('center_axis',(7.85046229340898E-17,0.707106781186548,
0.707106781186548));
#11943=DIRECTION('ref_axis',(7.85046229340898E-17,0.707106781186548,-0.707106781186548));
#11944=DIRECTION('',(1.,-1.110223024625E-16,0.));
#11945=DIRECTION('center_axis',(0.,0.,1.));
#11946=DIRECTION('ref_axis',(1.110223024625E-16,1.,0.));
#11947=DIRECTION('',(-1.110223024625E-16,-1.,0.));
#11948=DIRECTION('center_axis',(0.,0.,1.));
#11949=DIRECTION('ref_axis',(1.110223024625E-16,1.,0.));
#11950=DIRECTION('',(-1.110223024625E-16,-1.,0.));
#11951=DIRECTION('center_axis',(-1.,1.110223024625E-16,0.));
#11952=DIRECTION('ref_axis',(0.,0.,1.));
#11953=DIRECTION('',(7.85046229340898E-17,0.707106781186548,-0.707106781186548));
#11954=DIRECTION('',(0.,0.,-1.));
#11955=DIRECTION('',(1.110223024625E-16,1.,0.));
#11956=DIRECTION('',(0.,0.,1.));
#11957=DIRECTION('',(7.85046229340898E-17,0.707106781186548,0.707106781186548));
#11958=DIRECTION('center_axis',(-7.85046229340898E-17,-0.707106781186548,
0.707106781186548));
#11959=DIRECTION('ref_axis',(7.85046229340898E-17,0.707106781186548,0.707106781186548));
#11960=DIRECTION('',(1.,-1.110223024625E-16,0.));
#11961=DIRECTION('',(7.85046229340898E-17,0.707106781186548,0.707106781186548));
#11962=DIRECTION('center_axis',(-1.,1.110223024625E-16,0.));
#11963=DIRECTION('ref_axis',(0.,0.,1.));
#11964=DIRECTION('',(0.,0.,1.));
#11965=DIRECTION('',(1.110223024625E-16,1.,0.));
#11966=DIRECTION('',(0.,0.,-1.));
#11967=DIRECTION('',(7.85046229340898E-17,0.707106781186548,-0.707106781186548));
#11968=DIRECTION('center_axis',(7.85046229340898E-17,0.707106781186548,
0.707106781186548));
#11969=DIRECTION('ref_axis',(7.85046229340898E-17,0.707106781186548,-0.707106781186548));
#11970=DIRECTION('',(1.,-1.110223024625E-16,0.));
#11971=DIRECTION('center_axis',(0.,0.,1.));
#11972=DIRECTION('ref_axis',(1.110223024625E-16,1.,0.));
#11973=DIRECTION('',(-1.110223024625E-16,-1.,0.));
#11974=DIRECTION('center_axis',(0.,0.,1.));
#11975=DIRECTION('ref_axis',(1.110223024625E-16,1.,0.));
#11976=DIRECTION('',(-1.110223024625E-16,-1.,0.));
#11977=DIRECTION('center_axis',(-1.,1.110223024625E-16,0.));
#11978=DIRECTION('ref_axis',(0.,0.,1.));
#11979=DIRECTION('',(7.85046229340898E-17,0.707106781186548,-0.707106781186548));
#11980=DIRECTION('',(0.,0.,-1.));
#11981=DIRECTION('',(1.110223024625E-16,1.,0.));
#11982=DIRECTION('',(0.,0.,1.));
#11983=DIRECTION('',(7.85046229340898E-17,0.707106781186548,0.707106781186548));
#11984=DIRECTION('center_axis',(-7.85046229340898E-17,-0.707106781186548,
0.707106781186548));
#11985=DIRECTION('ref_axis',(7.85046229340898E-17,0.707106781186548,0.707106781186548));
#11986=DIRECTION('',(1.,-1.110223024625E-16,0.));
#11987=DIRECTION('',(7.85046229340898E-17,0.707106781186548,0.707106781186548));
#11988=DIRECTION('center_axis',(-1.,1.110223024625E-16,0.));
#11989=DIRECTION('ref_axis',(0.,0.,1.));
#11990=DIRECTION('',(0.,0.,1.));
#11991=DIRECTION('',(1.110223024625E-16,1.,0.));
#11992=DIRECTION('',(0.,0.,-1.));
#11993=DIRECTION('',(7.85046229340898E-17,0.707106781186548,-0.707106781186548));
#11994=DIRECTION('center_axis',(7.85046229340898E-17,0.707106781186548,
0.707106781186548));
#11995=DIRECTION('ref_axis',(7.85046229340898E-17,0.707106781186548,-0.707106781186548));
#11996=DIRECTION('',(1.,-1.110223024625E-16,0.));
#11997=DIRECTION('center_axis',(0.,0.,1.));
#11998=DIRECTION('ref_axis',(1.110223024625E-16,1.,0.));
#11999=DIRECTION('',(-1.110223024625E-16,-1.,0.));
#12000=DIRECTION('center_axis',(0.,0.,1.));
#12001=DIRECTION('ref_axis',(1.110223024625E-16,1.,0.));
#12002=DIRECTION('',(-1.110223024625E-16,-1.,0.));
#12003=DIRECTION('center_axis',(-1.,1.110223024625E-16,0.));
#12004=DIRECTION('ref_axis',(0.,0.,1.));
#12005=DIRECTION('',(7.85046229340898E-17,0.707106781186548,-0.707106781186548));
#12006=DIRECTION('',(0.,0.,-1.));
#12007=DIRECTION('',(1.110223024625E-16,1.,0.));
#12008=DIRECTION('',(0.,0.,1.));
#12009=DIRECTION('',(7.85046229340898E-17,0.707106781186548,0.707106781186548));
#12010=DIRECTION('center_axis',(-7.85046229340898E-17,-0.707106781186548,
0.707106781186548));
#12011=DIRECTION('ref_axis',(7.85046229340898E-17,0.707106781186548,0.707106781186548));
#12012=DIRECTION('',(1.,-1.110223024625E-16,0.));
#12013=DIRECTION('',(7.85046229340898E-17,0.707106781186548,0.707106781186548));
#12014=DIRECTION('center_axis',(-1.,1.110223024625E-16,0.));
#12015=DIRECTION('ref_axis',(0.,0.,1.));
#12016=DIRECTION('',(0.,0.,1.));
#12017=DIRECTION('',(1.110223024625E-16,1.,0.));
#12018=DIRECTION('',(0.,0.,-1.));
#12019=DIRECTION('',(7.85046229340898E-17,0.707106781186548,-0.707106781186548));
#12020=DIRECTION('center_axis',(7.85046229340898E-17,0.707106781186548,
0.707106781186548));
#12021=DIRECTION('ref_axis',(7.85046229340898E-17,0.707106781186548,-0.707106781186548));
#12022=DIRECTION('',(1.,-1.110223024625E-16,0.));
#12023=DIRECTION('center_axis',(0.,0.,1.));
#12024=DIRECTION('ref_axis',(1.110223024625E-16,1.,0.));
#12025=DIRECTION('',(-1.110223024625E-16,-1.,0.));
#12026=DIRECTION('center_axis',(0.,0.,1.));
#12027=DIRECTION('ref_axis',(1.110223024625E-16,1.,0.));
#12028=DIRECTION('',(-1.110223024625E-16,-1.,0.));
#12029=DIRECTION('center_axis',(-1.,1.110223024625E-16,0.));
#12030=DIRECTION('ref_axis',(0.,0.,1.));
#12031=DIRECTION('',(7.85046229340898E-17,0.707106781186548,-0.707106781186548));
#12032=DIRECTION('',(0.,0.,-1.));
#12033=DIRECTION('',(1.110223024625E-16,1.,0.));
#12034=DIRECTION('',(0.,0.,1.));
#12035=DIRECTION('',(7.85046229340898E-17,0.707106781186548,0.707106781186548));
#12036=DIRECTION('center_axis',(-7.85046229340898E-17,-0.707106781186548,
0.707106781186548));
#12037=DIRECTION('ref_axis',(7.85046229340898E-17,0.707106781186548,0.707106781186548));
#12038=DIRECTION('',(1.,-1.110223024625E-16,0.));
#12039=DIRECTION('',(7.85046229340898E-17,0.707106781186548,0.707106781186548));
#12040=DIRECTION('center_axis',(-1.,1.110223024625E-16,0.));
#12041=DIRECTION('ref_axis',(0.,0.,1.));
#12042=DIRECTION('',(0.,0.,1.));
#12043=DIRECTION('',(1.110223024625E-16,1.,0.));
#12044=DIRECTION('',(0.,0.,-1.));
#12045=DIRECTION('',(7.85046229340898E-17,0.707106781186548,-0.707106781186548));
#12046=DIRECTION('center_axis',(7.85046229340898E-17,0.707106781186548,
0.707106781186548));
#12047=DIRECTION('ref_axis',(7.85046229340898E-17,0.707106781186548,-0.707106781186548));
#12048=DIRECTION('',(1.,-1.110223024625E-16,0.));
#12049=DIRECTION('center_axis',(0.,0.,1.));
#12050=DIRECTION('ref_axis',(1.110223024625E-16,1.,0.));
#12051=DIRECTION('',(-1.110223024625E-16,-1.,0.));
#12052=DIRECTION('center_axis',(0.,0.,1.));
#12053=DIRECTION('ref_axis',(1.110223024625E-16,1.,0.));
#12054=DIRECTION('',(-1.110223024625E-16,-1.,0.));
#12055=DIRECTION('center_axis',(-1.,1.110223024625E-16,0.));
#12056=DIRECTION('ref_axis',(0.,0.,1.));
#12057=DIRECTION('',(7.85046229340898E-17,0.707106781186548,-0.707106781186548));
#12058=DIRECTION('',(0.,0.,-1.));
#12059=DIRECTION('',(1.110223024625E-16,1.,0.));
#12060=DIRECTION('',(0.,0.,1.));
#12061=DIRECTION('',(7.85046229340898E-17,0.707106781186548,0.707106781186548));
#12062=DIRECTION('center_axis',(-7.85046229340898E-17,-0.707106781186548,
0.707106781186548));
#12063=DIRECTION('ref_axis',(7.85046229340898E-17,0.707106781186548,0.707106781186548));
#12064=DIRECTION('',(1.,-1.110223024625E-16,0.));
#12065=DIRECTION('',(7.85046229340898E-17,0.707106781186548,0.707106781186548));
#12066=DIRECTION('center_axis',(-1.,1.110223024625E-16,0.));
#12067=DIRECTION('ref_axis',(0.,0.,1.));
#12068=DIRECTION('',(0.,0.,1.));
#12069=DIRECTION('',(1.110223024625E-16,1.,0.));
#12070=DIRECTION('',(0.,0.,-1.));
#12071=DIRECTION('',(7.85046229340898E-17,0.707106781186548,-0.707106781186548));
#12072=DIRECTION('center_axis',(7.85046229340898E-17,0.707106781186548,
0.707106781186548));
#12073=DIRECTION('ref_axis',(7.85046229340898E-17,0.707106781186548,-0.707106781186548));
#12074=DIRECTION('',(1.,-1.110223024625E-16,0.));
#12075=DIRECTION('center_axis',(0.,0.,1.));
#12076=DIRECTION('ref_axis',(1.110223024625E-16,1.,0.));
#12077=DIRECTION('',(-1.110223024625E-16,-1.,0.));
#12078=DIRECTION('center_axis',(0.,0.,1.));
#12079=DIRECTION('ref_axis',(1.110223024625E-16,1.,0.));
#12080=DIRECTION('',(-1.110223024625E-16,-1.,0.));
#12081=DIRECTION('center_axis',(-1.,1.110223024625E-16,0.));
#12082=DIRECTION('ref_axis',(0.,0.,1.));
#12083=DIRECTION('',(7.85046229340898E-17,0.707106781186548,-0.707106781186548));
#12084=DIRECTION('',(0.,0.,-1.));
#12085=DIRECTION('',(1.110223024625E-16,1.,0.));
#12086=DIRECTION('',(0.,0.,1.));
#12087=DIRECTION('',(7.85046229340898E-17,0.707106781186548,0.707106781186548));
#12088=DIRECTION('center_axis',(-7.85046229340898E-17,-0.707106781186548,
0.707106781186548));
#12089=DIRECTION('ref_axis',(7.85046229340898E-17,0.707106781186548,0.707106781186548));
#12090=DIRECTION('',(1.,-1.110223024625E-16,0.));
#12091=DIRECTION('',(7.85046229340898E-17,0.707106781186548,0.707106781186548));
#12092=DIRECTION('center_axis',(-1.,1.110223024625E-16,0.));
#12093=DIRECTION('ref_axis',(0.,0.,1.));
#12094=DIRECTION('',(0.,0.,1.));
#12095=DIRECTION('',(1.110223024625E-16,1.,0.));
#12096=DIRECTION('',(0.,0.,-1.));
#12097=DIRECTION('',(7.85046229340898E-17,0.707106781186548,-0.707106781186548));
#12098=DIRECTION('center_axis',(7.85046229340898E-17,0.707106781186548,
0.707106781186548));
#12099=DIRECTION('ref_axis',(7.85046229340898E-17,0.707106781186548,-0.707106781186548));
#12100=DIRECTION('',(1.,-1.110223024625E-16,0.));
#12101=DIRECTION('center_axis',(0.,0.,1.));
#12102=DIRECTION('ref_axis',(1.110223024625E-16,1.,0.));
#12103=DIRECTION('',(-1.110223024625E-16,-1.,0.));
#12104=DIRECTION('center_axis',(0.,0.,1.));
#12105=DIRECTION('ref_axis',(1.110223024625E-16,1.,0.));
#12106=DIRECTION('',(-1.110223024625E-16,-1.,0.));
#12107=DIRECTION('center_axis',(-1.,1.110223024625E-16,0.));
#12108=DIRECTION('ref_axis',(0.,0.,1.));
#12109=DIRECTION('',(7.85046229340898E-17,0.707106781186548,-0.707106781186548));
#12110=DIRECTION('',(0.,0.,-1.));
#12111=DIRECTION('',(1.110223024625E-16,1.,0.));
#12112=DIRECTION('',(0.,0.,1.));
#12113=DIRECTION('',(7.85046229340898E-17,0.707106781186548,0.707106781186548));
#12114=DIRECTION('center_axis',(-7.85046229340898E-17,-0.707106781186548,
0.707106781186548));
#12115=DIRECTION('ref_axis',(7.85046229340898E-17,0.707106781186548,0.707106781186548));
#12116=DIRECTION('',(1.,-1.110223024625E-16,0.));
#12117=DIRECTION('',(7.85046229340898E-17,0.707106781186548,0.707106781186548));
#12118=DIRECTION('center_axis',(-1.,1.110223024625E-16,0.));
#12119=DIRECTION('ref_axis',(0.,0.,1.));
#12120=DIRECTION('',(0.,0.,1.));
#12121=DIRECTION('',(1.110223024625E-16,1.,0.));
#12122=DIRECTION('',(0.,0.,-1.));
#12123=DIRECTION('',(7.85046229340898E-17,0.707106781186548,-0.707106781186548));
#12124=DIRECTION('center_axis',(7.85046229340898E-17,0.707106781186548,
0.707106781186548));
#12125=DIRECTION('ref_axis',(7.85046229340898E-17,0.707106781186548,-0.707106781186548));
#12126=DIRECTION('',(1.,-1.110223024625E-16,0.));
#12127=DIRECTION('center_axis',(-1.110223024625E-16,-1.,0.));
#12128=DIRECTION('ref_axis',(0.,0.,1.));
#12129=DIRECTION('',(1.,-1.110223024625E-16,0.));
#12130=DIRECTION('center_axis',(0.,0.,1.));
#12131=DIRECTION('ref_axis',(1.110223024625E-16,1.,0.));
#12132=DIRECTION('',(1.,-1.110223024625E-16,0.));
#12133=DIRECTION('center_axis',(1.110223024625E-16,1.,0.));
#12134=DIRECTION('ref_axis',(0.,0.,-1.));
#12135=DIRECTION('center_axis',(-1.110223024625E-16,-1.,0.));
#12136=DIRECTION('ref_axis',(0.,0.,1.));
#12137=DIRECTION('',(1.,-1.110223024625E-16,0.));
#12138=DIRECTION('center_axis',(0.,0.,1.));
#12139=DIRECTION('ref_axis',(1.110223024625E-16,1.,0.));
#12140=DIRECTION('',(1.,-1.110223024625E-16,0.));
#12141=DIRECTION('center_axis',(1.110223024625E-16,1.,0.));
#12142=DIRECTION('ref_axis',(0.,0.,-1.));
#12143=DIRECTION('center_axis',(-1.110223024625E-16,-1.,0.));
#12144=DIRECTION('ref_axis',(0.,0.,1.));
#12145=DIRECTION('',(1.,-1.110223024625E-16,0.));
#12146=DIRECTION('center_axis',(0.,0.,1.));
#12147=DIRECTION('ref_axis',(1.110223024625E-16,1.,0.));
#12148=DIRECTION('',(1.,-1.110223024625E-16,0.));
#12149=DIRECTION('center_axis',(1.110223024625E-16,1.,0.));
#12150=DIRECTION('ref_axis',(0.,0.,-1.));
#12151=DIRECTION('center_axis',(-1.110223024625E-16,-1.,0.));
#12152=DIRECTION('ref_axis',(0.,0.,1.));
#12153=DIRECTION('',(1.,-1.110223024625E-16,0.));
#12154=DIRECTION('center_axis',(0.,0.,1.));
#12155=DIRECTION('ref_axis',(1.110223024625E-16,1.,0.));
#12156=DIRECTION('',(1.,-1.110223024625E-16,0.));
#12157=DIRECTION('center_axis',(1.110223024625E-16,1.,0.));
#12158=DIRECTION('ref_axis',(0.,0.,-1.));
#12159=DIRECTION('center_axis',(-1.110223024625E-16,-1.,0.));
#12160=DIRECTION('ref_axis',(0.,0.,1.));
#12161=DIRECTION('',(1.,-1.110223024625E-16,0.));
#12162=DIRECTION('center_axis',(0.,0.,1.));
#12163=DIRECTION('ref_axis',(1.110223024625E-16,1.,0.));
#12164=DIRECTION('',(1.,-1.110223024625E-16,0.));
#12165=DIRECTION('center_axis',(1.110223024625E-16,1.,0.));
#12166=DIRECTION('ref_axis',(0.,0.,-1.));
#12167=DIRECTION('center_axis',(-1.110223024625E-16,-1.,0.));
#12168=DIRECTION('ref_axis',(0.,0.,1.));
#12169=DIRECTION('',(1.,-1.110223024625E-16,0.));
#12170=DIRECTION('center_axis',(0.,0.,1.));
#12171=DIRECTION('ref_axis',(1.110223024625E-16,1.,0.));
#12172=DIRECTION('',(1.,-1.110223024625E-16,0.));
#12173=DIRECTION('center_axis',(1.110223024625E-16,1.,0.));
#12174=DIRECTION('ref_axis',(0.,0.,-1.));
#12175=DIRECTION('center_axis',(-1.110223024625E-16,-1.,0.));
#12176=DIRECTION('ref_axis',(0.,0.,1.));
#12177=DIRECTION('',(1.,-1.110223024625E-16,0.));
#12178=DIRECTION('center_axis',(0.,0.,1.));
#12179=DIRECTION('ref_axis',(1.110223024625E-16,1.,0.));
#12180=DIRECTION('',(1.,-1.110223024625E-16,0.));
#12181=DIRECTION('center_axis',(1.110223024625E-16,1.,0.));
#12182=DIRECTION('ref_axis',(0.,0.,-1.));
#12183=DIRECTION('center_axis',(-1.110223024625E-16,-1.,0.));
#12184=DIRECTION('ref_axis',(0.,0.,1.));
#12185=DIRECTION('',(1.,-1.110223024625E-16,0.));
#12186=DIRECTION('center_axis',(0.,0.,1.));
#12187=DIRECTION('ref_axis',(1.110223024625E-16,1.,0.));
#12188=DIRECTION('',(1.,-1.110223024625E-16,0.));
#12189=DIRECTION('center_axis',(1.110223024625E-16,1.,0.));
#12190=DIRECTION('ref_axis',(0.,0.,-1.));
#12191=DIRECTION('',(1.,-2.98927549380323E-14,1.47451495458029E-16));
#12192=DIRECTION('',(-1.21219891447779E-16,-1.38962368646637E-16,0.999999999999997));
#12193=DIRECTION('axis',(0.,0.,1.));
#12194=DIRECTION('refdir',(1.,0.,0.));
#12195=DIRECTION('center_axis',(0.,-1.,0.));
#12196=DIRECTION('ref_axis',(-1.,0.,0.));
#12197=DIRECTION('',(0.,0.,1.));
#12198=DIRECTION('',(-1.,0.,0.));
#12199=DIRECTION('',(0.,0.,1.));
#12200=DIRECTION('',(-1.,0.,0.));
#12201=DIRECTION('center_axis',(1.,0.,0.));
#12202=DIRECTION('ref_axis',(0.,-1.,0.));
#12203=DIRECTION('',(0.,0.,1.));
#12204=DIRECTION('',(0.,-1.,0.));
#12205=DIRECTION('',(0.,-1.,0.));
#12206=DIRECTION('center_axis',(-1.,0.,0.));
#12207=DIRECTION('ref_axis',(0.,1.,0.));
#12208=DIRECTION('',(0.,1.,0.));
#12209=DIRECTION('',(0.,0.,1.));
#12210=DIRECTION('',(0.,1.,0.));
#12211=DIRECTION('center_axis',(0.,0.,1.));
#12212=DIRECTION('ref_axis',(1.,0.,0.));
#12213=DIRECTION('',(1.,0.,0.));
#12214=DIRECTION('center_axis',(0.,0.,-1.));
#12215=DIRECTION('ref_axis',(0.,-1.,0.));
#12216=DIRECTION('center_axis',(0.,0.,-1.));
#12217=DIRECTION('ref_axis',(1.671865260612E-14,-1.,0.));
#12218=DIRECTION('center_axis',(0.,0.,-1.));
#12219=DIRECTION('ref_axis',(0.,-1.,0.));
#12220=DIRECTION('center_axis',(0.,0.,-1.));
#12221=DIRECTION('ref_axis',(0.,-1.,0.));
#12222=DIRECTION('center_axis',(0.,0.,-1.));
#12223=DIRECTION('ref_axis',(-1.671865260612E-14,-1.,0.));
#12224=DIRECTION('center_axis',(0.,0.,-1.));
#12225=DIRECTION('ref_axis',(0.,-1.,0.));
#12226=DIRECTION('center_axis',(0.,0.,-1.));
#12227=DIRECTION('ref_axis',(0.,-1.,0.));
#12228=DIRECTION('center_axis',(0.,0.,-1.));
#12229=DIRECTION('ref_axis',(7.105427357601E-15,-1.,0.));
#12230=DIRECTION('center_axis',(0.,0.,-1.));
#12231=DIRECTION('ref_axis',(0.,-1.,0.));
#12232=DIRECTION('center_axis',(0.,0.,-1.));
#12233=DIRECTION('ref_axis',(0.,-1.,0.));
#12234=DIRECTION('center_axis',(0.,0.,-1.));
#12235=DIRECTION('ref_axis',(0.,-1.,0.));
#12236=DIRECTION('center_axis',(0.,0.,-1.));
#12237=DIRECTION('ref_axis',(0.,-1.,0.));
#12238=DIRECTION('center_axis',(0.,0.,-1.));
#12239=DIRECTION('ref_axis',(-3.343730521224E-14,-1.,0.));
#12240=DIRECTION('center_axis',(0.,0.,-1.));
#12241=DIRECTION('ref_axis',(0.,-1.,0.));
#12242=DIRECTION('center_axis',(0.,0.,-1.));
#12243=DIRECTION('ref_axis',(0.,-1.,0.));
#12244=DIRECTION('center_axis',(0.,0.,-1.));
#12245=DIRECTION('ref_axis',(3.343730521224E-14,-1.,0.));
#12246=DIRECTION('center_axis',(0.,0.,-1.));
#12247=DIRECTION('ref_axis',(0.,-1.,0.));
#12248=DIRECTION('center_axis',(0.,0.,-1.));
#12249=DIRECTION('ref_axis',(0.,-1.,0.));
#12250=DIRECTION('center_axis',(0.,0.,-1.));
#12251=DIRECTION('ref_axis',(0.,-1.,0.));
#12252=DIRECTION('center_axis',(0.,0.,-1.));
#12253=DIRECTION('ref_axis',(0.,-1.,0.));
#12254=DIRECTION('center_axis',(0.,0.,-1.));
#12255=DIRECTION('ref_axis',(0.,-1.,0.));
#12256=DIRECTION('center_axis',(0.,0.,-1.));
#12257=DIRECTION('ref_axis',(0.,-1.,0.));
#12258=DIRECTION('center_axis',(0.,0.,-1.));
#12259=DIRECTION('ref_axis',(0.,-1.,0.));
#12260=DIRECTION('center_axis',(0.,0.,-1.));
#12261=DIRECTION('ref_axis',(0.,-1.,0.));
#12262=DIRECTION('center_axis',(0.,0.,-1.));
#12263=DIRECTION('ref_axis',(0.,-1.,0.));
#12264=DIRECTION('center_axis',(0.,0.,-1.));
#12265=DIRECTION('ref_axis',(0.,-1.,0.));
#12266=DIRECTION('center_axis',(0.,0.,-1.));
#12267=DIRECTION('ref_axis',(0.,-1.,0.));
#12268=DIRECTION('center_axis',(0.,0.,-1.));
#12269=DIRECTION('ref_axis',(0.,-1.,0.));
#12270=DIRECTION('center_axis',(0.,0.,-1.));
#12271=DIRECTION('ref_axis',(0.,-1.,0.));
#12272=DIRECTION('center_axis',(0.,0.,-1.));
#12273=DIRECTION('ref_axis',(0.,-1.,0.));
#12274=DIRECTION('center_axis',(0.,0.,-1.));
#12275=DIRECTION('ref_axis',(0.,-1.,0.));
#12276=DIRECTION('center_axis',(0.,0.,-1.));
#12277=DIRECTION('ref_axis',(0.,-1.,0.));
#12278=DIRECTION('center_axis',(0.,0.,-1.));
#12279=DIRECTION('ref_axis',(0.,-1.,0.));
#12280=DIRECTION('center_axis',(0.,0.,-1.));
#12281=DIRECTION('ref_axis',(0.,-1.,0.));
#12282=DIRECTION('center_axis',(0.,0.,1.));
#12283=DIRECTION('ref_axis',(1.,0.,0.));
#12284=DIRECTION('',(1.,0.,0.));
#12285=DIRECTION('center_axis',(0.,0.,-1.));
#12286=DIRECTION('ref_axis',(0.,-1.,0.));
#12287=DIRECTION('center_axis',(0.,0.,-1.));
#12288=DIRECTION('ref_axis',(1.671865260612E-14,-1.,0.));
#12289=DIRECTION('center_axis',(0.,0.,-1.));
#12290=DIRECTION('ref_axis',(0.,-1.,0.));
#12291=DIRECTION('center_axis',(0.,0.,-1.));
#12292=DIRECTION('ref_axis',(0.,-1.,0.));
#12293=DIRECTION('center_axis',(0.,0.,-1.));
#12294=DIRECTION('ref_axis',(-1.671865260612E-14,-1.,0.));
#12295=DIRECTION('center_axis',(0.,0.,-1.));
#12296=DIRECTION('ref_axis',(0.,-1.,0.));
#12297=DIRECTION('center_axis',(0.,0.,-1.));
#12298=DIRECTION('ref_axis',(0.,-1.,0.));
#12299=DIRECTION('center_axis',(0.,0.,-1.));
#12300=DIRECTION('ref_axis',(7.105427357601E-15,-1.,0.));
#12301=DIRECTION('center_axis',(0.,0.,-1.));
#12302=DIRECTION('ref_axis',(0.,-1.,0.));
#12303=DIRECTION('center_axis',(0.,0.,-1.));
#12304=DIRECTION('ref_axis',(0.,-1.,0.));
#12305=DIRECTION('center_axis',(0.,0.,-1.));
#12306=DIRECTION('ref_axis',(0.,-1.,0.));
#12307=DIRECTION('center_axis',(0.,0.,-1.));
#12308=DIRECTION('ref_axis',(0.,-1.,0.));
#12309=DIRECTION('center_axis',(0.,0.,-1.));
#12310=DIRECTION('ref_axis',(-3.343730521224E-14,-1.,0.));
#12311=DIRECTION('center_axis',(0.,0.,-1.));
#12312=DIRECTION('ref_axis',(0.,-1.,0.));
#12313=DIRECTION('center_axis',(0.,0.,-1.));
#12314=DIRECTION('ref_axis',(0.,-1.,0.));
#12315=DIRECTION('center_axis',(0.,0.,-1.));
#12316=DIRECTION('ref_axis',(3.343730521224E-14,-1.,0.));
#12317=DIRECTION('center_axis',(0.,0.,-1.));
#12318=DIRECTION('ref_axis',(0.,-1.,0.));
#12319=DIRECTION('center_axis',(0.,0.,-1.));
#12320=DIRECTION('ref_axis',(0.,-1.,0.));
#12321=DIRECTION('center_axis',(0.,0.,-1.));
#12322=DIRECTION('ref_axis',(0.,-1.,0.));
#12323=DIRECTION('center_axis',(0.,0.,-1.));
#12324=DIRECTION('ref_axis',(0.,-1.,0.));
#12325=DIRECTION('center_axis',(0.,0.,-1.));
#12326=DIRECTION('ref_axis',(0.,-1.,0.));
#12327=DIRECTION('center_axis',(0.,0.,-1.));
#12328=DIRECTION('ref_axis',(0.,-1.,0.));
#12329=DIRECTION('center_axis',(0.,0.,-1.));
#12330=DIRECTION('ref_axis',(0.,-1.,0.));
#12331=DIRECTION('center_axis',(0.,0.,-1.));
#12332=DIRECTION('ref_axis',(0.,-1.,0.));
#12333=DIRECTION('center_axis',(0.,0.,-1.));
#12334=DIRECTION('ref_axis',(0.,-1.,0.));
#12335=DIRECTION('center_axis',(0.,0.,-1.));
#12336=DIRECTION('ref_axis',(0.,-1.,0.));
#12337=DIRECTION('center_axis',(0.,0.,-1.));
#12338=DIRECTION('ref_axis',(0.,-1.,0.));
#12339=DIRECTION('center_axis',(0.,0.,-1.));
#12340=DIRECTION('ref_axis',(0.,-1.,0.));
#12341=DIRECTION('center_axis',(0.,0.,-1.));
#12342=DIRECTION('ref_axis',(0.,-1.,0.));
#12343=DIRECTION('center_axis',(0.,0.,-1.));
#12344=DIRECTION('ref_axis',(0.,-1.,0.));
#12345=DIRECTION('center_axis',(0.,0.,-1.));
#12346=DIRECTION('ref_axis',(0.,-1.,0.));
#12347=DIRECTION('center_axis',(0.,0.,-1.));
#12348=DIRECTION('ref_axis',(0.,-1.,0.));
#12349=DIRECTION('center_axis',(0.,0.,-1.));
#12350=DIRECTION('ref_axis',(0.,-1.,0.));
#12351=DIRECTION('center_axis',(0.,0.,-1.));
#12352=DIRECTION('ref_axis',(0.,-1.,0.));
#12353=DIRECTION('center_axis',(0.,1.,0.));
#12354=DIRECTION('ref_axis',(1.,0.,0.));
#12355=DIRECTION('center_axis',(0.,0.,-1.));
#12356=DIRECTION('ref_axis',(0.,-1.,0.));
#12357=DIRECTION('',(0.,0.,-1.));
#12358=DIRECTION('center_axis',(0.,0.,-1.));
#12359=DIRECTION('ref_axis',(1.671865260612E-14,-1.,0.));
#12360=DIRECTION('',(0.,0.,-1.));
#12361=DIRECTION('center_axis',(0.,0.,-1.));
#12362=DIRECTION('ref_axis',(0.,-1.,0.));
#12363=DIRECTION('',(0.,0.,-1.));
#12364=DIRECTION('center_axis',(0.,0.,-1.));
#12365=DIRECTION('ref_axis',(0.,-1.,0.));
#12366=DIRECTION('',(0.,0.,-1.));
#12367=DIRECTION('center_axis',(0.,0.,-1.));
#12368=DIRECTION('ref_axis',(-1.671865260612E-14,-1.,0.));
#12369=DIRECTION('',(0.,0.,-1.));
#12370=DIRECTION('center_axis',(0.,0.,-1.));
#12371=DIRECTION('ref_axis',(0.,-1.,0.));
#12372=DIRECTION('',(0.,0.,-1.));
#12373=DIRECTION('center_axis',(0.,0.,-1.));
#12374=DIRECTION('ref_axis',(0.,-1.,0.));
#12375=DIRECTION('',(0.,0.,-1.));
#12376=DIRECTION('center_axis',(0.,0.,-1.));
#12377=DIRECTION('ref_axis',(7.105427357601E-15,-1.,0.));
#12378=DIRECTION('',(0.,0.,-1.));
#12379=DIRECTION('center_axis',(0.,0.,-1.));
#12380=DIRECTION('ref_axis',(0.,-1.,0.));
#12381=DIRECTION('',(0.,0.,-1.));
#12382=DIRECTION('center_axis',(0.,0.,-1.));
#12383=DIRECTION('ref_axis',(0.,-1.,0.));
#12384=DIRECTION('',(0.,0.,-1.));
#12385=DIRECTION('center_axis',(0.,0.,-1.));
#12386=DIRECTION('ref_axis',(0.,-1.,0.));
#12387=DIRECTION('',(0.,0.,-1.));
#12388=DIRECTION('center_axis',(0.,0.,-1.));
#12389=DIRECTION('ref_axis',(0.,-1.,0.));
#12390=DIRECTION('',(0.,0.,-1.));
#12391=DIRECTION('center_axis',(0.,0.,-1.));
#12392=DIRECTION('ref_axis',(-3.343730521224E-14,-1.,0.));
#12393=DIRECTION('',(0.,0.,-1.));
#12394=DIRECTION('center_axis',(0.,0.,-1.));
#12395=DIRECTION('ref_axis',(0.,-1.,0.));
#12396=DIRECTION('',(0.,0.,-1.));
#12397=DIRECTION('center_axis',(0.,0.,-1.));
#12398=DIRECTION('ref_axis',(0.,-1.,0.));
#12399=DIRECTION('',(0.,0.,-1.));
#12400=DIRECTION('center_axis',(0.,0.,-1.));
#12401=DIRECTION('ref_axis',(3.343730521224E-14,-1.,0.));
#12402=DIRECTION('',(0.,0.,-1.));
#12403=DIRECTION('center_axis',(0.,0.,-1.));
#12404=DIRECTION('ref_axis',(0.,-1.,0.));
#12405=DIRECTION('',(0.,0.,-1.));
#12406=DIRECTION('center_axis',(0.,0.,-1.));
#12407=DIRECTION('ref_axis',(0.,-1.,0.));
#12408=DIRECTION('',(0.,0.,-1.));
#12409=DIRECTION('center_axis',(0.,0.,-1.));
#12410=DIRECTION('ref_axis',(0.,-1.,0.));
#12411=DIRECTION('',(0.,0.,-1.));
#12412=DIRECTION('center_axis',(0.,0.,-1.));
#12413=DIRECTION('ref_axis',(0.,-1.,0.));
#12414=DIRECTION('',(0.,0.,-1.));
#12415=DIRECTION('center_axis',(0.,0.,-1.));
#12416=DIRECTION('ref_axis',(0.,-1.,0.));
#12417=DIRECTION('',(0.,0.,-1.));
#12418=DIRECTION('center_axis',(0.,0.,-1.));
#12419=DIRECTION('ref_axis',(0.,-1.,0.));
#12420=DIRECTION('',(0.,0.,-1.));
#12421=DIRECTION('center_axis',(0.,0.,-1.));
#12422=DIRECTION('ref_axis',(0.,-1.,0.));
#12423=DIRECTION('',(0.,0.,-1.));
#12424=DIRECTION('center_axis',(0.,0.,-1.));
#12425=DIRECTION('ref_axis',(0.,-1.,0.));
#12426=DIRECTION('',(0.,0.,-1.));
#12427=DIRECTION('center_axis',(0.,0.,-1.));
#12428=DIRECTION('ref_axis',(0.,-1.,0.));
#12429=DIRECTION('',(0.,0.,-1.));
#12430=DIRECTION('center_axis',(0.,0.,-1.));
#12431=DIRECTION('ref_axis',(0.,-1.,0.));
#12432=DIRECTION('',(0.,0.,-1.));
#12433=DIRECTION('center_axis',(0.,0.,-1.));
#12434=DIRECTION('ref_axis',(0.,-1.,0.));
#12435=DIRECTION('',(0.,0.,-1.));
#12436=DIRECTION('center_axis',(0.,0.,-1.));
#12437=DIRECTION('ref_axis',(0.,-1.,0.));
#12438=DIRECTION('',(0.,0.,-1.));
#12439=DIRECTION('center_axis',(0.,0.,-1.));
#12440=DIRECTION('ref_axis',(0.,-1.,0.));
#12441=DIRECTION('',(0.,0.,-1.));
#12442=DIRECTION('center_axis',(0.,0.,-1.));
#12443=DIRECTION('ref_axis',(0.,-1.,0.));
#12444=DIRECTION('',(0.,0.,-1.));
#12445=DIRECTION('center_axis',(0.,0.,-1.));
#12446=DIRECTION('ref_axis',(0.,-1.,0.));
#12447=DIRECTION('',(0.,0.,-1.));
#12448=DIRECTION('center_axis',(0.,0.,-1.));
#12449=DIRECTION('ref_axis',(0.,-1.,0.));
#12450=DIRECTION('',(0.,0.,-1.));
#12451=DIRECTION('center_axis',(0.,0.,-1.));
#12452=DIRECTION('ref_axis',(0.,-1.,0.));
#12453=DIRECTION('',(0.,0.,-1.));
#12454=DIRECTION('center_axis',(0.,0.,-1.));
#12455=DIRECTION('ref_axis',(0.,-1.,0.));
#12456=DIRECTION('',(0.,0.,-1.));
#12457=DIRECTION('axis',(0.,0.,1.));
#12458=DIRECTION('refdir',(1.,0.,0.));
#12459=DIRECTION('axis',(0.,0.,1.));
#12460=DIRECTION('refdir',(1.,0.,0.));
#12461=DIRECTION('center_axis',(0.,0.,1.));
#12462=DIRECTION('ref_axis',(1.,0.,0.));
#12463=DIRECTION('',(1.,0.,0.));
#12464=DIRECTION('',(9.69119260322239E-17,-1.,0.));
#12465=DIRECTION('',(1.,0.,0.));
#12466=DIRECTION('',(0.,-1.,0.));
#12467=DIRECTION('center_axis',(1.,0.,0.));
#12468=DIRECTION('ref_axis',(0.,0.,-1.));
#12469=DIRECTION('',(0.,0.,-1.));
#12470=DIRECTION('',(0.,1.,0.));
#12471=DIRECTION('',(0.,0.,-1.));
#12472=DIRECTION('center_axis',(0.,1.,0.));
#12473=DIRECTION('ref_axis',(0.,0.,1.));
#12474=DIRECTION('',(-1.,0.,0.));
#12475=DIRECTION('',(0.,0.,-1.));
#12476=DIRECTION('center_axis',(1.,9.69119260322239E-17,0.));
#12477=DIRECTION('ref_axis',(-9.69119260322239E-17,1.,0.));
#12478=DIRECTION('',(-9.69119260322239E-17,1.,0.));
#12479=DIRECTION('',(0.,0.,-1.));
#12480=DIRECTION('center_axis',(0.,1.,0.));
#12481=DIRECTION('ref_axis',(0.,0.,1.));
#12482=DIRECTION('',(-1.,0.,0.));
#12483=DIRECTION('center_axis',(0.,0.,1.));
#12484=DIRECTION('ref_axis',(1.,0.,0.));
#12485=DIRECTION('',(1.,0.,0.));
#12486=DIRECTION('',(0.,-1.,0.));
#12487=DIRECTION('',(1.,0.,0.));
#12488=DIRECTION('',(0.,-1.,0.));
#12489=DIRECTION('center_axis',(0.,0.,1.));
#12490=DIRECTION('ref_axis',(1.,0.,0.));
#12491=DIRECTION('center_axis',(0.,0.,1.));
#12492=DIRECTION('ref_axis',(1.,0.,0.));
#12493=DIRECTION('center_axis',(0.,0.,1.));
#12494=DIRECTION('ref_axis',(1.,0.,0.));
#12495=DIRECTION('',(1.,0.,0.));
#12496=DIRECTION('',(0.,-1.,0.));
#12497=DIRECTION('',(1.,0.,0.));
#12498=DIRECTION('',(0.,-1.,0.));
#12499=DIRECTION('center_axis',(0.,0.,1.));
#12500=DIRECTION('ref_axis',(1.,0.,0.));
#12501=DIRECTION('center_axis',(0.,0.,1.));
#12502=DIRECTION('ref_axis',(1.,0.,0.));
#12503=DIRECTION('center_axis',(1.,0.,0.));
#12504=DIRECTION('ref_axis',(0.,0.,-1.));
#12505=DIRECTION('',(0.,0.,-1.));
#12506=DIRECTION('',(0.,0.,-1.));
#12507=DIRECTION('center_axis',(0.,0.,-1.));
#12508=DIRECTION('ref_axis',(-1.,0.,0.));
#12509=DIRECTION('',(0.,0.,-1.));
#12510=DIRECTION('center_axis',(0.,0.,-1.));
#12511=DIRECTION('ref_axis',(-1.,0.,0.));
#12512=DIRECTION('',(0.,0.,-1.));
#12513=DIRECTION('center_axis',(0.,1.,0.));
#12514=DIRECTION('ref_axis',(0.,0.,1.));
#12515=DIRECTION('',(0.,0.,-1.));
#12516=DIRECTION('center_axis',(1.,0.,0.));
#12517=DIRECTION('ref_axis',(0.,0.,-1.));
#12518=DIRECTION('',(0.,0.,-1.));
#12519=DIRECTION('center_axis',(0.,1.,0.));
#12520=DIRECTION('ref_axis',(0.,0.,1.));
#12521=DIRECTION('axis',(0.,0.,1.));
#12522=DIRECTION('refdir',(1.,0.,0.));
#12523=DIRECTION('center_axis',(0.,0.,1.));
#12524=DIRECTION('ref_axis',(0.,1.,0.));
#12525=DIRECTION('center_axis',(-6.12323399573674E-17,3.94299247344914E-16,
1.));
#12526=DIRECTION('ref_axis',(-8.71865221536717E-16,1.,-3.94299247344914E-16));
#12527=DIRECTION('center_axis',(1.,0.,6.12323399573675E-17));
#12528=DIRECTION('ref_axis',(0.,-1.,0.));
#12529=DIRECTION('center_axis',(0.,0.,1.));
#12530=DIRECTION('ref_axis',(-8.71865221536716E-16,1.,0.));
#12531=DIRECTION('',(0.,0.,-1.));
#12532=DIRECTION('center_axis',(-6.12323399573674E-17,3.94299247344914E-16,
1.));
#12533=DIRECTION('ref_axis',(-8.71865221536716E-16,1.,-3.94299247344914E-16));
#12534=DIRECTION('center_axis',(0.,0.,1.));
#12535=DIRECTION('ref_axis',(-8.71865221536716E-16,1.,0.));
#12536=DIRECTION('center_axis',(-6.12323399573674E-17,3.94299247344914E-16,
1.));
#12537=DIRECTION('ref_axis',(-8.71865221536716E-16,1.,-3.94299247344914E-16));
#12538=DIRECTION('center_axis',(0.,0.,1.));
#12539=DIRECTION('ref_axis',(-8.71865221536716E-16,1.,0.));
#12540=DIRECTION('',(0.,0.,-1.));
#12541=DIRECTION('center_axis',(-6.12323399573674E-17,3.94299247344914E-16,
1.));
#12542=DIRECTION('ref_axis',(-8.71865221536716E-16,1.,-3.94299247344914E-16));
#12543=DIRECTION('center_axis',(0.,0.,-1.));
#12544=DIRECTION('ref_axis',(-8.71865221536716E-16,1.,0.));
#12545=DIRECTION('center_axis',(-6.12323399573674E-17,3.94299247344914E-16,
1.));
#12546=DIRECTION('ref_axis',(-8.71865221536716E-16,1.,-3.94299247344914E-16));
#12547=DIRECTION('center_axis',(0.,0.,1.));
#12548=DIRECTION('ref_axis',(-8.71865221536716E-16,1.,0.));
#12549=DIRECTION('',(0.,0.,-1.));
#12550=DIRECTION('center_axis',(-6.12323399573674E-17,3.94299247344914E-16,
1.));
#12551=DIRECTION('ref_axis',(-8.71865221536716E-16,1.,-3.94299247344914E-16));
#12552=DIRECTION('center_axis',(0.,0.,1.));
#12553=DIRECTION('ref_axis',(-8.71865221536716E-16,1.,0.));
#12554=DIRECTION('',(-7.03097416052873E-16,0.707106781186547,-0.707106781186548));
#12555=DIRECTION('center_axis',(-6.12323399573673E-17,3.94299247344914E-16,
1.));
#12556=DIRECTION('ref_axis',(-8.71865221536716E-16,1.,-3.94299247344914E-16));
#12557=DIRECTION('center_axis',(0.,0.,1.));
#12558=DIRECTION('ref_axis',(-8.71865221536716E-16,1.,0.));
#12559=DIRECTION('',(0.,0.,-1.));
#12560=DIRECTION('center_axis',(-6.12323399573674E-17,3.94299247344914E-16,
1.));
#12561=DIRECTION('ref_axis',(-8.71865221536716E-16,1.,-3.94299247344914E-16));
#12562=DIRECTION('center_axis',(0.,0.,1.));
#12563=DIRECTION('ref_axis',(0.,1.,0.));
#12564=DIRECTION('center_axis',(1.,0.,6.12323399573674E-17));
#12565=DIRECTION('ref_axis',(0.,-1.,0.));
#12566=DIRECTION('axis',(0.,0.,1.));
#12567=DIRECTION('refdir',(1.,0.,0.));
#12568=DIRECTION('center_axis',(0.,0.,1.));
#12569=DIRECTION('ref_axis',(0.,1.,0.));
#12570=DIRECTION('center_axis',(-6.12323399573674E-17,3.94299247344914E-16,
1.));
#12571=DIRECTION('ref_axis',(-8.71865221536717E-16,1.,-3.94299247344914E-16));
#12572=DIRECTION('center_axis',(1.,0.,6.12323399573675E-17));
#12573=DIRECTION('ref_axis',(0.,-1.,0.));
#12574=DIRECTION('center_axis',(0.,0.,1.));
#12575=DIRECTION('ref_axis',(-8.71865221536716E-16,1.,0.));
#12576=DIRECTION('',(0.,0.,-1.));
#12577=DIRECTION('center_axis',(-6.12323399573674E-17,3.94299247344914E-16,
1.));
#12578=DIRECTION('ref_axis',(-8.71865221536716E-16,1.,-3.94299247344914E-16));
#12579=DIRECTION('center_axis',(0.,0.,1.));
#12580=DIRECTION('ref_axis',(-8.71865221536716E-16,1.,0.));
#12581=DIRECTION('center_axis',(-6.12323399573674E-17,3.94299247344914E-16,
1.));
#12582=DIRECTION('ref_axis',(-8.71865221536716E-16,1.,-3.94299247344914E-16));
#12583=DIRECTION('center_axis',(0.,0.,1.));
#12584=DIRECTION('ref_axis',(-8.71865221536716E-16,1.,0.));
#12585=DIRECTION('',(0.,0.,-1.));
#12586=DIRECTION('center_axis',(-6.12323399573674E-17,3.94299247344914E-16,
1.));
#12587=DIRECTION('ref_axis',(-8.71865221536716E-16,1.,-3.94299247344914E-16));
#12588=DIRECTION('center_axis',(0.,0.,-1.));
#12589=DIRECTION('ref_axis',(-8.71865221536716E-16,1.,0.));
#12590=DIRECTION('center_axis',(-6.12323399573674E-17,3.94299247344914E-16,
1.));
#12591=DIRECTION('ref_axis',(-8.71865221536716E-16,1.,-3.94299247344914E-16));
#12592=DIRECTION('center_axis',(0.,0.,1.));
#12593=DIRECTION('ref_axis',(-8.71865221536716E-16,1.,0.));
#12594=DIRECTION('',(0.,0.,-1.));
#12595=DIRECTION('center_axis',(-6.12323399573674E-17,3.94299247344914E-16,
1.));
#12596=DIRECTION('ref_axis',(-8.71865221536716E-16,1.,-3.94299247344914E-16));
#12597=DIRECTION('center_axis',(0.,0.,1.));
#12598=DIRECTION('ref_axis',(-8.71865221536716E-16,1.,0.));
#12599=DIRECTION('',(-7.03097416052873E-16,0.707106781186547,-0.707106781186548));
#12600=DIRECTION('center_axis',(-6.12323399573673E-17,3.94299247344914E-16,
1.));
#12601=DIRECTION('ref_axis',(-8.71865221536716E-16,1.,-3.94299247344914E-16));
#12602=DIRECTION('center_axis',(0.,0.,1.));
#12603=DIRECTION('ref_axis',(-8.71865221536716E-16,1.,0.));
#12604=DIRECTION('',(0.,0.,-1.));
#12605=DIRECTION('center_axis',(-6.12323399573674E-17,3.94299247344914E-16,
1.));
#12606=DIRECTION('ref_axis',(-8.71865221536716E-16,1.,-3.94299247344914E-16));
#12607=DIRECTION('center_axis',(0.,0.,1.));
#12608=DIRECTION('ref_axis',(0.,1.,0.));
#12609=DIRECTION('center_axis',(1.,0.,6.12323399573674E-17));
#12610=DIRECTION('ref_axis',(0.,-1.,0.));
#12611=DIRECTION('axis',(0.,0.,1.));
#12612=DIRECTION('refdir',(1.,0.,0.));
#12613=DIRECTION('center_axis',(0.,0.,1.));
#12614=DIRECTION('ref_axis',(0.,1.,0.));
#12615=DIRECTION('center_axis',(-6.12323399573674E-17,3.94299247344914E-16,
1.));
#12616=DIRECTION('ref_axis',(-8.71865221536717E-16,1.,-3.94299247344914E-16));
#12617=DIRECTION('center_axis',(1.,0.,6.12323399573675E-17));
#12618=DIRECTION('ref_axis',(0.,-1.,0.));
#12619=DIRECTION('center_axis',(0.,0.,1.));
#12620=DIRECTION('ref_axis',(-8.71865221536716E-16,1.,0.));
#12621=DIRECTION('',(0.,0.,-1.));
#12622=DIRECTION('center_axis',(-6.12323399573674E-17,3.94299247344914E-16,
1.));
#12623=DIRECTION('ref_axis',(-8.71865221536716E-16,1.,-3.94299247344914E-16));
#12624=DIRECTION('center_axis',(0.,0.,1.));
#12625=DIRECTION('ref_axis',(-8.71865221536716E-16,1.,0.));
#12626=DIRECTION('center_axis',(-6.12323399573674E-17,3.94299247344914E-16,
1.));
#12627=DIRECTION('ref_axis',(-8.71865221536716E-16,1.,-3.94299247344914E-16));
#12628=DIRECTION('center_axis',(0.,0.,1.));
#12629=DIRECTION('ref_axis',(-8.71865221536716E-16,1.,0.));
#12630=DIRECTION('',(0.,0.,-1.));
#12631=DIRECTION('center_axis',(-6.12323399573674E-17,3.94299247344914E-16,
1.));
#12632=DIRECTION('ref_axis',(-8.71865221536716E-16,1.,-3.94299247344914E-16));
#12633=DIRECTION('center_axis',(0.,0.,-1.));
#12634=DIRECTION('ref_axis',(-8.71865221536716E-16,1.,0.));
#12635=DIRECTION('center_axis',(-6.12323399573674E-17,3.94299247344914E-16,
1.));
#12636=DIRECTION('ref_axis',(-8.71865221536716E-16,1.,-3.94299247344914E-16));
#12637=DIRECTION('center_axis',(0.,0.,1.));
#12638=DIRECTION('ref_axis',(-8.71865221536716E-16,1.,0.));
#12639=DIRECTION('',(0.,0.,-1.));
#12640=DIRECTION('center_axis',(-6.12323399573674E-17,3.94299247344914E-16,
1.));
#12641=DIRECTION('ref_axis',(-8.71865221536716E-16,1.,-3.94299247344914E-16));
#12642=DIRECTION('center_axis',(0.,0.,1.));
#12643=DIRECTION('ref_axis',(-8.71865221536716E-16,1.,0.));
#12644=DIRECTION('',(-7.03097416052873E-16,0.707106781186547,-0.707106781186548));
#12645=DIRECTION('center_axis',(-6.12323399573673E-17,3.94299247344914E-16,
1.));
#12646=DIRECTION('ref_axis',(-8.71865221536716E-16,1.,-3.94299247344914E-16));
#12647=DIRECTION('center_axis',(0.,0.,1.));
#12648=DIRECTION('ref_axis',(-8.71865221536716E-16,1.,0.));
#12649=DIRECTION('',(0.,0.,-1.));
#12650=DIRECTION('center_axis',(-6.12323399573674E-17,3.94299247344914E-16,
1.));
#12651=DIRECTION('ref_axis',(-8.71865221536716E-16,1.,-3.94299247344914E-16));
#12652=DIRECTION('center_axis',(0.,0.,1.));
#12653=DIRECTION('ref_axis',(0.,1.,0.));
#12654=DIRECTION('center_axis',(1.,0.,6.12323399573674E-17));
#12655=DIRECTION('ref_axis',(0.,-1.,0.));
#12656=DIRECTION('axis',(0.,0.,1.));
#12657=DIRECTION('refdir',(1.,0.,0.));
#12658=DIRECTION('center_axis',(0.,0.,1.));
#12659=DIRECTION('ref_axis',(0.,1.,0.));
#12660=DIRECTION('center_axis',(-6.12323399573674E-17,3.94299247344914E-16,
1.));
#12661=DIRECTION('ref_axis',(-8.71865221536717E-16,1.,-3.94299247344914E-16));
#12662=DIRECTION('center_axis',(1.,0.,6.12323399573675E-17));
#12663=DIRECTION('ref_axis',(0.,-1.,0.));
#12664=DIRECTION('center_axis',(0.,0.,1.));
#12665=DIRECTION('ref_axis',(-8.71865221536716E-16,1.,0.));
#12666=DIRECTION('',(0.,0.,-1.));
#12667=DIRECTION('center_axis',(-6.12323399573674E-17,3.94299247344914E-16,
1.));
#12668=DIRECTION('ref_axis',(-8.71865221536716E-16,1.,-3.94299247344914E-16));
#12669=DIRECTION('center_axis',(0.,0.,1.));
#12670=DIRECTION('ref_axis',(-8.71865221536716E-16,1.,0.));
#12671=DIRECTION('center_axis',(-6.12323399573674E-17,3.94299247344914E-16,
1.));
#12672=DIRECTION('ref_axis',(-8.71865221536716E-16,1.,-3.94299247344914E-16));
#12673=DIRECTION('center_axis',(0.,0.,1.));
#12674=DIRECTION('ref_axis',(-8.71865221536716E-16,1.,0.));
#12675=DIRECTION('',(0.,0.,-1.));
#12676=DIRECTION('center_axis',(-6.12323399573674E-17,3.94299247344914E-16,
1.));
#12677=DIRECTION('ref_axis',(-8.71865221536716E-16,1.,-3.94299247344914E-16));
#12678=DIRECTION('center_axis',(0.,0.,-1.));
#12679=DIRECTION('ref_axis',(-8.71865221536716E-16,1.,0.));
#12680=DIRECTION('center_axis',(-6.12323399573674E-17,3.94299247344914E-16,
1.));
#12681=DIRECTION('ref_axis',(-8.71865221536716E-16,1.,-3.94299247344914E-16));
#12682=DIRECTION('center_axis',(0.,0.,1.));
#12683=DIRECTION('ref_axis',(-8.71865221536716E-16,1.,0.));
#12684=DIRECTION('',(0.,0.,-1.));
#12685=DIRECTION('center_axis',(-6.12323399573674E-17,3.94299247344914E-16,
1.));
#12686=DIRECTION('ref_axis',(-8.71865221536716E-16,1.,-3.94299247344914E-16));
#12687=DIRECTION('center_axis',(0.,0.,1.));
#12688=DIRECTION('ref_axis',(-8.71865221536716E-16,1.,0.));
#12689=DIRECTION('',(-7.03097416052873E-16,0.707106781186547,-0.707106781186548));
#12690=DIRECTION('center_axis',(-6.12323399573673E-17,3.94299247344914E-16,
1.));
#12691=DIRECTION('ref_axis',(-8.71865221536716E-16,1.,-3.94299247344914E-16));
#12692=DIRECTION('center_axis',(0.,0.,1.));
#12693=DIRECTION('ref_axis',(-8.71865221536716E-16,1.,0.));
#12694=DIRECTION('',(0.,0.,-1.));
#12695=DIRECTION('center_axis',(-6.12323399573674E-17,3.94299247344914E-16,
1.));
#12696=DIRECTION('ref_axis',(-8.71865221536716E-16,1.,-3.94299247344914E-16));
#12697=DIRECTION('center_axis',(0.,0.,1.));
#12698=DIRECTION('ref_axis',(0.,1.,0.));
#12699=DIRECTION('center_axis',(1.,0.,6.12323399573674E-17));
#12700=DIRECTION('ref_axis',(0.,-1.,0.));
#12701=DIRECTION('axis',(0.,0.,1.));
#12702=DIRECTION('refdir',(1.,0.,0.));
#12703=DIRECTION('center_axis',(0.,0.,1.));
#12704=DIRECTION('ref_axis',(0.,1.,0.));
#12705=DIRECTION('center_axis',(-6.12323399573674E-17,3.94299247344914E-16,
1.));
#12706=DIRECTION('ref_axis',(-8.71865221536717E-16,1.,-3.94299247344914E-16));
#12707=DIRECTION('center_axis',(1.,0.,6.12323399573675E-17));
#12708=DIRECTION('ref_axis',(0.,-1.,0.));
#12709=DIRECTION('center_axis',(0.,0.,1.));
#12710=DIRECTION('ref_axis',(-8.71865221536716E-16,1.,0.));
#12711=DIRECTION('',(0.,0.,-1.));
#12712=DIRECTION('center_axis',(-6.12323399573674E-17,3.94299247344914E-16,
1.));
#12713=DIRECTION('ref_axis',(-8.71865221536716E-16,1.,-3.94299247344914E-16));
#12714=DIRECTION('center_axis',(0.,0.,1.));
#12715=DIRECTION('ref_axis',(-8.71865221536716E-16,1.,0.));
#12716=DIRECTION('center_axis',(-6.12323399573674E-17,3.94299247344914E-16,
1.));
#12717=DIRECTION('ref_axis',(-8.71865221536716E-16,1.,-3.94299247344914E-16));
#12718=DIRECTION('center_axis',(0.,0.,1.));
#12719=DIRECTION('ref_axis',(-8.71865221536716E-16,1.,0.));
#12720=DIRECTION('',(0.,0.,-1.));
#12721=DIRECTION('center_axis',(-6.12323399573674E-17,3.94299247344914E-16,
1.));
#12722=DIRECTION('ref_axis',(-8.71865221536716E-16,1.,-3.94299247344914E-16));
#12723=DIRECTION('center_axis',(0.,0.,-1.));
#12724=DIRECTION('ref_axis',(-8.71865221536716E-16,1.,0.));
#12725=DIRECTION('center_axis',(-6.12323399573674E-17,3.94299247344914E-16,
1.));
#12726=DIRECTION('ref_axis',(-8.71865221536716E-16,1.,-3.94299247344914E-16));
#12727=DIRECTION('center_axis',(0.,0.,1.));
#12728=DIRECTION('ref_axis',(-8.71865221536716E-16,1.,0.));
#12729=DIRECTION('',(0.,0.,-1.));
#12730=DIRECTION('center_axis',(-6.12323399573674E-17,3.94299247344914E-16,
1.));
#12731=DIRECTION('ref_axis',(-8.71865221536716E-16,1.,-3.94299247344914E-16));
#12732=DIRECTION('center_axis',(0.,0.,1.));
#12733=DIRECTION('ref_axis',(-8.71865221536716E-16,1.,0.));
#12734=DIRECTION('',(-7.03097416052873E-16,0.707106781186547,-0.707106781186548));
#12735=DIRECTION('center_axis',(-6.12323399573673E-17,3.94299247344914E-16,
1.));
#12736=DIRECTION('ref_axis',(-8.71865221536716E-16,1.,-3.94299247344914E-16));
#12737=DIRECTION('center_axis',(0.,0.,1.));
#12738=DIRECTION('ref_axis',(-8.71865221536716E-16,1.,0.));
#12739=DIRECTION('',(0.,0.,-1.));
#12740=DIRECTION('center_axis',(-6.12323399573674E-17,3.94299247344914E-16,
1.));
#12741=DIRECTION('ref_axis',(-8.71865221536716E-16,1.,-3.94299247344914E-16));
#12742=DIRECTION('center_axis',(0.,0.,1.));
#12743=DIRECTION('ref_axis',(0.,1.,0.));
#12744=DIRECTION('center_axis',(1.,0.,6.12323399573674E-17));
#12745=DIRECTION('ref_axis',(0.,-1.,0.));
#12746=DIRECTION('axis',(0.,0.,1.));
#12747=DIRECTION('refdir',(1.,0.,0.));
#12748=DIRECTION('center_axis',(0.,0.,1.));
#12749=DIRECTION('ref_axis',(7.49400541621981E-16,-1.,0.));
#12750=DIRECTION('center_axis',(3.45126646034197E-31,3.33066907387547E-16,
1.));
#12751=DIRECTION('ref_axis',(7.49400541621981E-16,-1.,3.33066907387547E-16));
#12752=DIRECTION('',(0.,0.,1.));
#12753=DIRECTION('center_axis',(3.45126646034197E-31,3.33066907387547E-16,
1.));
#12754=DIRECTION('ref_axis',(7.49400541621981E-16,-1.,3.33066907387547E-16));
#12755=DIRECTION('center_axis',(0.,0.,1.));
#12756=DIRECTION('ref_axis',(7.49400541621981E-16,-1.,0.));
#12757=DIRECTION('center_axis',(3.45126646034197E-31,3.33066907387547E-16,
1.));
#12758=DIRECTION('ref_axis',(7.49400541621981E-16,-1.,3.33066907387547E-16));
#12759=DIRECTION('',(0.,0.,1.));
#12760=DIRECTION('center_axis',(3.45126646034197E-31,3.33066907387547E-16,
1.));
#12761=DIRECTION('ref_axis',(7.49400541621981E-16,-1.,3.33066907387547E-16));
#12762=DIRECTION('center_axis',(0.,0.,1.));
#12763=DIRECTION('ref_axis',(7.49400541621981E-16,-1.,0.));
#12764=DIRECTION('center_axis',(3.45126646034197E-31,3.33066907387547E-16,
1.));
#12765=DIRECTION('ref_axis',(7.49400541621981E-16,-1.,3.33066907387547E-16));
#12766=DIRECTION('',(0.,0.,1.));
#12767=DIRECTION('center_axis',(3.45126646034197E-31,3.33066907387547E-16,
1.));
#12768=DIRECTION('ref_axis',(7.49400541621981E-16,-1.,3.33066907387547E-16));
#12769=DIRECTION('center_axis',(0.,0.,1.));
#12770=DIRECTION('ref_axis',(7.49400541621981E-16,-1.,0.));
#12771=DIRECTION('center_axis',(3.45126646034197E-31,3.33066907387547E-16,
1.));
#12772=DIRECTION('ref_axis',(7.49400541621981E-16,-1.,3.33066907387547E-16));
#12773=DIRECTION('',(0.,0.,1.));
#12774=DIRECTION('center_axis',(3.45126646034197E-31,3.33066907387547E-16,
1.));
#12775=DIRECTION('ref_axis',(7.49400541621981E-16,-1.,3.33066907387547E-16));
#12776=DIRECTION('center_axis',(0.,0.,1.));
#12777=DIRECTION('ref_axis',(7.49400541621981E-16,-1.,0.));
#12778=DIRECTION('center_axis',(3.45126646034197E-31,3.33066907387547E-16,
1.));
#12779=DIRECTION('ref_axis',(7.49400541621981E-16,-1.,3.33066907387547E-16));
#12780=DIRECTION('',(0.,0.,1.));
#12781=DIRECTION('center_axis',(3.45126646034197E-31,3.33066907387547E-16,
1.));
#12782=DIRECTION('ref_axis',(7.49400541621981E-16,-1.,3.33066907387547E-16));
#12783=DIRECTION('center_axis',(0.,0.,1.));
#12784=DIRECTION('ref_axis',(7.49400541621981E-16,-1.,0.));
#12785=DIRECTION('center_axis',(3.45126646034197E-31,3.33066907387547E-16,
1.));
#12786=DIRECTION('ref_axis',(7.49400541621981E-16,-1.,3.33066907387547E-16));
#12787=DIRECTION('',(0.,0.,1.));
#12788=DIRECTION('center_axis',(3.45126646034197E-31,3.33066907387547E-16,
1.));
#12789=DIRECTION('ref_axis',(7.49400541621981E-16,-1.,3.33066907387547E-16));
#12790=DIRECTION('center_axis',(0.,0.,1.));
#12791=DIRECTION('ref_axis',(7.49400541621981E-16,-1.,0.));
#12792=DIRECTION('center_axis',(3.45126646034197E-31,3.33066907387547E-16,
1.));
#12793=DIRECTION('ref_axis',(7.49400541621981E-16,-1.,3.33066907387547E-16));
#12794=DIRECTION('',(0.,0.,1.));
#12795=DIRECTION('center_axis',(3.45126646034197E-31,3.33066907387547E-16,
1.));
#12796=DIRECTION('ref_axis',(7.49400541621981E-16,-1.,3.33066907387547E-16));
#12797=DIRECTION('center_axis',(0.,0.,1.));
#12798=DIRECTION('ref_axis',(7.49400541621981E-16,-1.,0.));
#12799=DIRECTION('',(7.49400541621981E-16,-1.,3.33066907387547E-16));
#12800=DIRECTION('',(-0.866025403784439,-0.5,1.66533453693774E-16));
#12801=DIRECTION('',(7.49400541621981E-16,-1.,3.33066907387547E-16));
#12802=DIRECTION('',(0.866025403784439,-0.5,1.66533453693773E-16));
#12803=DIRECTION('',(7.49400541621981E-16,-1.,3.33066907387547E-16));
#12804=DIRECTION('',(-0.866025403784439,-0.5,1.66533453693774E-16));
#12805=DIRECTION('',(7.49400541621981E-16,-1.,3.33066907387547E-16));
#12806=DIRECTION('',(0.866025403784439,-0.5,1.66533453693773E-16));
#12807=DIRECTION('',(7.49400541621981E-16,-1.,3.33066907387547E-16));
#12808=DIRECTION('',(-0.866025403784439,-0.5,1.66533453693774E-16));
#12809=DIRECTION('',(7.49400541621981E-16,-1.,3.33066907387547E-16));
#12810=DIRECTION('',(0.866025403784439,-0.5,1.66533453693773E-16));
#12811=DIRECTION('',(7.49400541621981E-16,-1.,3.33066907387547E-16));
#12812=DIRECTION('',(-0.866025403784439,-0.5,1.66533453693774E-16));
#12813=DIRECTION('',(7.49400541621981E-16,-1.,3.33066907387547E-16));
#12814=DIRECTION('',(0.866025403784439,-0.5,1.66533453693773E-16));
#12815=DIRECTION('',(7.49400541621981E-16,-1.,3.33066907387547E-16));
#12816=DIRECTION('',(-0.866025403784439,-0.5,1.66533453693774E-16));
#12817=DIRECTION('',(7.49400541621981E-16,-1.,3.33066907387547E-16));
#12818=DIRECTION('',(0.866025403784439,-0.5,1.66533453693773E-16));
#12819=DIRECTION('',(7.49400541621981E-16,-1.,3.33066907387547E-16));
#12820=DIRECTION('',(-0.866025403784439,-0.5,1.66533453693774E-16));
#12821=DIRECTION('',(7.49400541621981E-16,-1.,3.33066907387547E-16));
#12822=DIRECTION('',(0.866025403784439,-0.5,1.66533453693773E-16));
#12823=DIRECTION('',(7.49400541621981E-16,-1.,3.33066907387547E-16));
#12824=DIRECTION('',(-0.866025403784439,-0.5,1.66533453693774E-16));
#12825=DIRECTION('',(7.49400541621981E-16,-1.,3.33066907387547E-16));
#12826=DIRECTION('',(0.866025403784439,-0.5,1.66533453693773E-16));
#12827=DIRECTION('',(7.49400541621981E-16,-1.,3.33066907387547E-16));
#12828=DIRECTION('',(-0.866025403784439,-0.5,1.66533453693774E-16));
#12829=DIRECTION('',(7.49400541621981E-16,-1.,3.33066907387547E-16));
#12830=DIRECTION('',(0.866025403784439,-0.5,1.66533453693773E-16));
#12831=DIRECTION('',(7.49400541621981E-16,-1.,3.33066907387547E-16));
#12832=DIRECTION('',(1.,7.49400541621981E-16,-5.94727166826783E-31));
#12833=DIRECTION('',(-7.49400541621981E-16,1.,-3.33066907387547E-16));
#12834=DIRECTION('',(0.866025403784439,0.5,-1.66533453693774E-16));
#12835=DIRECTION('',(-7.49400541621981E-16,1.,-3.33066907387547E-16));
#12836=DIRECTION('',(-0.866025403784439,0.5,-1.66533453693773E-16));
#12837=DIRECTION('',(-7.49400541621981E-16,1.,-3.33066907387547E-16));
#12838=DIRECTION('',(0.866025403784439,0.5,-1.66533453693774E-16));
#12839=DIRECTION('',(-7.49400541621981E-16,1.,-3.33066907387547E-16));
#12840=DIRECTION('',(-0.866025403784439,0.5,-1.66533453693773E-16));
#12841=DIRECTION('',(-7.49400541621981E-16,1.,-3.33066907387547E-16));
#12842=DIRECTION('',(0.866025403784439,0.5,-1.66533453693774E-16));
#12843=DIRECTION('',(-7.49400541621981E-16,1.,-3.33066907387547E-16));
#12844=DIRECTION('',(-0.866025403784439,0.5,-1.66533453693773E-16));
#12845=DIRECTION('',(-7.49400541621981E-16,1.,-3.33066907387547E-16));
#12846=DIRECTION('',(0.866025403784439,0.5,-1.66533453693774E-16));
#12847=DIRECTION('',(-7.49400541621981E-16,1.,-3.33066907387547E-16));
#12848=DIRECTION('',(-0.866025403784439,0.5,-1.66533453693773E-16));
#12849=DIRECTION('',(-7.49400541621981E-16,1.,-3.33066907387547E-16));
#12850=DIRECTION('',(0.866025403784439,0.5,-1.66533453693774E-16));
#12851=DIRECTION('',(-7.49400541621981E-16,1.,-3.33066907387547E-16));
#12852=DIRECTION('',(-0.866025403784439,0.5,-1.66533453693773E-16));
#12853=DIRECTION('',(-7.49400541621981E-16,1.,-3.33066907387547E-16));
#12854=DIRECTION('',(0.866025403784439,0.5,-1.66533453693774E-16));
#12855=DIRECTION('',(-7.49400541621981E-16,1.,-3.33066907387547E-16));
#12856=DIRECTION('',(-0.866025403784439,0.5,-1.66533453693773E-16));
#12857=DIRECTION('',(-7.49400541621981E-16,1.,-3.33066907387547E-16));
#12858=DIRECTION('',(0.866025403784439,0.5,-1.66533453693774E-16));
#12859=DIRECTION('',(-7.49400541621981E-16,1.,-3.33066907387547E-16));
#12860=DIRECTION('',(-0.866025403784439,0.5,-1.66533453693773E-16));
#12861=DIRECTION('',(-7.49400541621981E-16,1.,-3.33066907387547E-16));
#12862=DIRECTION('',(0.866025403784439,0.5,-1.66533453693774E-16));
#12863=DIRECTION('',(-7.49400541621981E-16,1.,-3.33066907387547E-16));
#12864=DIRECTION('',(-0.866025403784439,0.5,-1.66533453693773E-16));
#12865=DIRECTION('',(-7.49400541621981E-16,1.,-3.33066907387547E-16));
#12866=DIRECTION('',(-1.,-7.49400541621981E-16,5.94727166826783E-31));
#12867=DIRECTION('center_axis',(3.45126646034197E-31,3.33066907387547E-16,
1.));
#12868=DIRECTION('ref_axis',(7.49400541621981E-16,-1.,3.33066907387547E-16));
#12869=DIRECTION('center_axis',(3.45126646034197E-31,3.33066907387547E-16,
1.));
#12870=DIRECTION('ref_axis',(7.49400541621981E-16,-1.,3.33066907387547E-16));
#12871=DIRECTION('center_axis',(3.45126646034197E-31,3.33066907387547E-16,
1.));
#12872=DIRECTION('ref_axis',(7.49400541621981E-16,-1.,3.33066907387547E-16));
#12873=DIRECTION('center_axis',(3.45126646034197E-31,3.33066907387547E-16,
1.));
#12874=DIRECTION('ref_axis',(7.49400541621981E-16,-1.,3.33066907387547E-16));
#12875=DIRECTION('center_axis',(3.45126646034197E-31,3.33066907387547E-16,
1.));
#12876=DIRECTION('ref_axis',(7.49400541621981E-16,-1.,3.33066907387547E-16));
#12877=DIRECTION('center_axis',(3.45126646034197E-31,3.33066907387547E-16,
1.));
#12878=DIRECTION('ref_axis',(7.49400541621981E-16,-1.,3.33066907387547E-16));
#12879=DIRECTION('center_axis',(3.45126646034197E-31,3.33066907387547E-16,
1.));
#12880=DIRECTION('ref_axis',(7.49400541621981E-16,-1.,3.33066907387547E-16));
#12881=DIRECTION('center_axis',(3.45126646034197E-31,3.33066907387547E-16,
1.));
#12882=DIRECTION('ref_axis',(7.49400541621981E-16,-1.,3.33066907387547E-16));
#12883=DIRECTION('center_axis',(0.,0.,1.));
#12884=DIRECTION('ref_axis',(7.49400541621981E-16,-1.,0.));
#12885=DIRECTION('center_axis',(3.45126646034197E-31,3.33066907387547E-16,
1.));
#12886=DIRECTION('ref_axis',(7.49400541621981E-16,-1.,3.33066907387547E-16));
#12887=DIRECTION('center_axis',(0.,0.,1.));
#12888=DIRECTION('ref_axis',(7.49400541621981E-16,-1.,0.));
#12889=DIRECTION('',(0.,0.,1.));
#12890=DIRECTION('center_axis',(0.,0.,1.));
#12891=DIRECTION('ref_axis',(7.49400541621981E-16,-1.,0.));
#12892=DIRECTION('center_axis',(3.45126646034197E-31,3.33066907387547E-16,
1.));
#12893=DIRECTION('ref_axis',(7.49400541621981E-16,-1.,3.33066907387547E-16));
#12894=DIRECTION('center_axis',(0.,0.,1.));
#12895=DIRECTION('ref_axis',(7.49400541621981E-16,-1.,0.));
#12896=DIRECTION('',(0.,0.,1.));
#12897=DIRECTION('center_axis',(0.,0.,1.));
#12898=DIRECTION('ref_axis',(7.49400541621981E-16,-1.,0.));
#12899=DIRECTION('center_axis',(3.45126646034197E-31,3.33066907387547E-16,
1.));
#12900=DIRECTION('ref_axis',(7.49400541621981E-16,-1.,3.33066907387547E-16));
#12901=DIRECTION('center_axis',(0.,0.,1.));
#12902=DIRECTION('ref_axis',(7.49400541621981E-16,-1.,0.));
#12903=DIRECTION('',(0.,0.,1.));
#12904=DIRECTION('center_axis',(0.,0.,1.));
#12905=DIRECTION('ref_axis',(7.49400541621981E-16,-1.,0.));
#12906=DIRECTION('center_axis',(3.45126646034197E-31,3.33066907387547E-16,
1.));
#12907=DIRECTION('ref_axis',(7.49400541621981E-16,-1.,3.33066907387547E-16));
#12908=DIRECTION('center_axis',(0.,0.,1.));
#12909=DIRECTION('ref_axis',(7.49400541621981E-16,-1.,0.));
#12910=DIRECTION('',(0.,0.,1.));
#12911=DIRECTION('center_axis',(0.,0.,1.));
#12912=DIRECTION('ref_axis',(7.49400541621981E-16,-1.,0.));
#12913=DIRECTION('center_axis',(3.45126646034197E-31,3.33066907387547E-16,
1.));
#12914=DIRECTION('ref_axis',(7.49400541621981E-16,-1.,3.33066907387547E-16));
#12915=DIRECTION('center_axis',(0.,0.,1.));
#12916=DIRECTION('ref_axis',(7.49400541621981E-16,-1.,0.));
#12917=DIRECTION('',(0.,0.,1.));
#12918=DIRECTION('center_axis',(0.,0.,1.));
#12919=DIRECTION('ref_axis',(7.49400541621981E-16,-1.,0.));
#12920=DIRECTION('center_axis',(3.45126646034197E-31,3.33066907387547E-16,
1.));
#12921=DIRECTION('ref_axis',(7.49400541621981E-16,-1.,3.33066907387547E-16));
#12922=DIRECTION('center_axis',(0.,0.,1.));
#12923=DIRECTION('ref_axis',(7.49400541621981E-16,-1.,0.));
#12924=DIRECTION('',(0.,0.,1.));
#12925=DIRECTION('center_axis',(0.,0.,1.));
#12926=DIRECTION('ref_axis',(7.49400541621981E-16,-1.,0.));
#12927=DIRECTION('center_axis',(3.45126646034197E-31,3.33066907387547E-16,
1.));
#12928=DIRECTION('ref_axis',(7.49400541621981E-16,-1.,3.33066907387547E-16));
#12929=DIRECTION('center_axis',(0.,0.,1.));
#12930=DIRECTION('ref_axis',(7.49400541621981E-16,-1.,0.));
#12931=DIRECTION('',(0.,0.,1.));
#12932=DIRECTION('center_axis',(0.,0.,1.));
#12933=DIRECTION('ref_axis',(7.49400541621981E-16,-1.,0.));
#12934=DIRECTION('',(-1.,-7.49400541621981E-16,5.94727166826783E-31));
#12935=DIRECTION('',(-7.49400541621981E-16,1.,-3.33066907387547E-16));
#12936=DIRECTION('',(-0.866025403784439,0.5,-1.66533453693773E-16));
#12937=DIRECTION('',(-7.49400541621981E-16,1.,-3.33066907387547E-16));
#12938=DIRECTION('',(0.866025403784439,0.5,-1.66533453693774E-16));
#12939=DIRECTION('',(-7.49400541621981E-16,1.,-3.33066907387547E-16));
#12940=DIRECTION('',(-0.866025403784439,0.5,-1.66533453693773E-16));
#12941=DIRECTION('',(-7.49400541621981E-16,1.,-3.33066907387547E-16));
#12942=DIRECTION('',(0.866025403784439,0.5,-1.66533453693774E-16));
#12943=DIRECTION('',(-7.49400541621981E-16,1.,-3.33066907387547E-16));
#12944=DIRECTION('',(-0.866025403784439,0.5,-1.66533453693773E-16));
#12945=DIRECTION('',(-7.49400541621981E-16,1.,-3.33066907387547E-16));
#12946=DIRECTION('',(0.866025403784439,0.5,-1.66533453693774E-16));
#12947=DIRECTION('',(-7.49400541621981E-16,1.,-3.33066907387547E-16));
#12948=DIRECTION('',(-0.866025403784439,0.5,-1.66533453693773E-16));
#12949=DIRECTION('',(-7.49400541621981E-16,1.,-3.33066907387547E-16));
#12950=DIRECTION('',(0.866025403784439,0.5,-1.66533453693774E-16));
#12951=DIRECTION('',(-7.49400541621981E-16,1.,-3.33066907387547E-16));
#12952=DIRECTION('',(-0.866025403784439,0.5,-1.66533453693773E-16));
#12953=DIRECTION('',(-7.49400541621981E-16,1.,-3.33066907387547E-16));
#12954=DIRECTION('',(0.866025403784439,0.5,-1.66533453693774E-16));
#12955=DIRECTION('',(-7.49400541621981E-16,1.,-3.33066907387547E-16));
#12956=DIRECTION('',(-0.866025403784439,0.5,-1.66533453693773E-16));
#12957=DIRECTION('',(-7.49400541621981E-16,1.,-3.33066907387547E-16));
#12958=DIRECTION('',(0.866025403784439,0.5,-1.66533453693774E-16));
#12959=DIRECTION('',(-7.49400541621981E-16,1.,-3.33066907387547E-16));
#12960=DIRECTION('',(-0.866025403784439,0.5,-1.66533453693773E-16));
#12961=DIRECTION('',(-7.49400541621981E-16,1.,-3.33066907387547E-16));
#12962=DIRECTION('',(0.866025403784439,0.5,-1.66533453693774E-16));
#12963=DIRECTION('',(-7.49400541621981E-16,1.,-3.33066907387547E-16));
#12964=DIRECTION('',(-0.866025403784439,0.5,-1.66533453693773E-16));
#12965=DIRECTION('',(-7.49400541621981E-16,1.,-3.33066907387547E-16));
#12966=DIRECTION('',(0.866025403784439,0.5,-1.66533453693774E-16));
#12967=DIRECTION('',(-7.49400541621981E-16,1.,-3.33066907387547E-16));
#12968=DIRECTION('',(1.,7.49400541621981E-16,-5.94727166826783E-31));
#12969=DIRECTION('',(7.49400541621981E-16,-1.,3.33066907387547E-16));
#12970=DIRECTION('',(0.866025403784439,-0.5,1.66533453693773E-16));
#12971=DIRECTION('',(7.49400541621981E-16,-1.,3.33066907387547E-16));
#12972=DIRECTION('',(-0.866025403784439,-0.5,1.66533453693774E-16));
#12973=DIRECTION('',(7.49400541621981E-16,-1.,3.33066907387547E-16));
#12974=DIRECTION('',(0.866025403784439,-0.5,1.66533453693773E-16));
#12975=DIRECTION('',(7.49400541621981E-16,-1.,3.33066907387547E-16));
#12976=DIRECTION('',(-0.866025403784439,-0.5,1.66533453693774E-16));
#12977=DIRECTION('',(7.49400541621981E-16,-1.,3.33066907387547E-16));
#12978=DIRECTION('',(0.866025403784439,-0.5,1.66533453693773E-16));
#12979=DIRECTION('',(7.49400541621981E-16,-1.,3.33066907387547E-16));
#12980=DIRECTION('',(-0.866025403784439,-0.5,1.66533453693774E-16));
#12981=DIRECTION('',(7.49400541621981E-16,-1.,3.33066907387547E-16));
#12982=DIRECTION('',(0.866025403784439,-0.5,1.66533453693773E-16));
#12983=DIRECTION('',(7.49400541621981E-16,-1.,3.33066907387547E-16));
#12984=DIRECTION('',(-0.866025403784439,-0.5,1.66533453693774E-16));
#12985=DIRECTION('',(7.49400541621981E-16,-1.,3.33066907387547E-16));
#12986=DIRECTION('',(0.866025403784439,-0.5,1.66533453693773E-16));
#12987=DIRECTION('',(7.49400541621981E-16,-1.,3.33066907387547E-16));
#12988=DIRECTION('',(-0.866025403784439,-0.5,1.66533453693774E-16));
#12989=DIRECTION('',(7.49400541621981E-16,-1.,3.33066907387547E-16));
#12990=DIRECTION('',(0.866025403784439,-0.5,1.66533453693773E-16));
#12991=DIRECTION('',(7.49400541621981E-16,-1.,3.33066907387547E-16));
#12992=DIRECTION('',(-0.866025403784439,-0.5,1.66533453693774E-16));
#12993=DIRECTION('',(7.49400541621981E-16,-1.,3.33066907387547E-16));
#12994=DIRECTION('',(0.866025403784439,-0.5,1.66533453693773E-16));
#12995=DIRECTION('',(7.49400541621981E-16,-1.,3.33066907387547E-16));
#12996=DIRECTION('',(-0.866025403784439,-0.5,1.66533453693774E-16));
#12997=DIRECTION('',(7.49400541621981E-16,-1.,3.33066907387547E-16));
#12998=DIRECTION('',(0.866025403784439,-0.5,1.66533453693773E-16));
#12999=DIRECTION('',(7.49400541621981E-16,-1.,3.33066907387547E-16));
#13000=DIRECTION('',(-0.866025403784439,-0.5,1.66533453693774E-16));
#13001=DIRECTION('',(7.49400541621981E-16,-1.,3.33066907387547E-16));
#13002=DIRECTION('center_axis',(3.45126646034197E-31,3.33066907387547E-16,
1.));
#13003=DIRECTION('ref_axis',(7.49400541621981E-16,-1.,3.33066907387547E-16));
#13004=DIRECTION('center_axis',(-1.,0.,0.));
#13005=DIRECTION('ref_axis',(0.,-1.,3.33066907387547E-16));
#13006=DIRECTION('',(3.45126646034197E-31,3.33066907387547E-16,1.));
#13007=DIRECTION('',(3.45126646034197E-31,3.33066907387547E-16,1.));
#13008=DIRECTION('center_axis',(-0.5,0.866025403784439,-2.88444402957534E-16));
#13009=DIRECTION('ref_axis',(-0.866025403784439,-0.5,1.66533453693774E-16));
#13010=DIRECTION('',(3.45126646034197E-31,3.33066907387547E-16,1.));
#13011=DIRECTION('center_axis',(-1.,0.,0.));
#13012=DIRECTION('ref_axis',(0.,-1.,3.33066907387547E-16));
#13013=DIRECTION('',(3.45126646034197E-31,3.33066907387547E-16,1.));
#13014=DIRECTION('center_axis',(-0.5,-0.866025403784439,2.88444402957535E-16));
#13015=DIRECTION('ref_axis',(0.866025403784439,-0.5,1.66533453693773E-16));
#13016=DIRECTION('',(3.45126646034197E-31,3.33066907387547E-16,1.));
#13017=DIRECTION('center_axis',(-1.,0.,0.));
#13018=DIRECTION('ref_axis',(0.,-1.,3.33066907387547E-16));
#13019=DIRECTION('',(3.45126646034197E-31,3.33066907387547E-16,1.));
#13020=DIRECTION('center_axis',(-0.5,0.866025403784439,-2.88444402957534E-16));
#13021=DIRECTION('ref_axis',(-0.866025403784439,-0.5,1.66533453693774E-16));
#13022=DIRECTION('',(3.45126646034197E-31,3.33066907387547E-16,1.));
#13023=DIRECTION('center_axis',(-1.,0.,0.));
#13024=DIRECTION('ref_axis',(0.,-1.,3.33066907387547E-16));
#13025=DIRECTION('',(3.45126646034197E-31,3.33066907387547E-16,1.));
#13026=DIRECTION('center_axis',(-0.5,-0.866025403784439,2.88444402957535E-16));
#13027=DIRECTION('ref_axis',(0.866025403784439,-0.5,1.66533453693773E-16));
#13028=DIRECTION('',(3.45126646034197E-31,3.33066907387547E-16,1.));
#13029=DIRECTION('center_axis',(-1.,0.,0.));
#13030=DIRECTION('ref_axis',(0.,-1.,3.33066907387547E-16));
#13031=DIRECTION('',(3.45126646034197E-31,3.33066907387547E-16,1.));
#13032=DIRECTION('center_axis',(-0.5,0.866025403784439,-2.88444402957534E-16));
#13033=DIRECTION('ref_axis',(-0.866025403784439,-0.5,1.66533453693774E-16));
#13034=DIRECTION('',(3.45126646034197E-31,3.33066907387547E-16,1.));
#13035=DIRECTION('center_axis',(-1.,0.,0.));
#13036=DIRECTION('ref_axis',(0.,-1.,3.33066907387547E-16));
#13037=DIRECTION('',(3.45126646034197E-31,3.33066907387547E-16,1.));
#13038=DIRECTION('center_axis',(-0.5,-0.866025403784439,2.88444402957535E-16));
#13039=DIRECTION('ref_axis',(0.866025403784439,-0.5,1.66533453693773E-16));
#13040=DIRECTION('',(3.45126646034197E-31,3.33066907387547E-16,1.));
#13041=DIRECTION('center_axis',(-1.,0.,0.));
#13042=DIRECTION('ref_axis',(0.,-1.,3.33066907387547E-16));
#13043=DIRECTION('',(3.45126646034197E-31,3.33066907387547E-16,1.));
#13044=DIRECTION('center_axis',(-0.5,0.866025403784439,-2.88444402957534E-16));
#13045=DIRECTION('ref_axis',(-0.866025403784439,-0.5,1.66533453693774E-16));
#13046=DIRECTION('',(3.45126646034197E-31,3.33066907387547E-16,1.));
#13047=DIRECTION('center_axis',(-1.,0.,0.));
#13048=DIRECTION('ref_axis',(0.,-1.,3.33066907387547E-16));
#13049=DIRECTION('',(3.45126646034197E-31,3.33066907387547E-16,1.));
#13050=DIRECTION('center_axis',(-0.5,-0.866025403784439,2.88444402957535E-16));
#13051=DIRECTION('ref_axis',(0.866025403784439,-0.5,1.66533453693773E-16));
#13052=DIRECTION('',(3.45126646034197E-31,3.33066907387547E-16,1.));
#13053=DIRECTION('center_axis',(-1.,0.,0.));
#13054=DIRECTION('ref_axis',(0.,-1.,3.33066907387547E-16));
#13055=DIRECTION('',(3.45126646034197E-31,3.33066907387547E-16,1.));
#13056=DIRECTION('center_axis',(-0.5,0.866025403784439,-2.88444402957534E-16));
#13057=DIRECTION('ref_axis',(-0.866025403784439,-0.5,1.66533453693774E-16));
#13058=DIRECTION('',(3.45126646034197E-31,3.33066907387547E-16,1.));
#13059=DIRECTION('center_axis',(-1.,0.,0.));
#13060=DIRECTION('ref_axis',(0.,-1.,3.33066907387547E-16));
#13061=DIRECTION('',(3.45126646034197E-31,3.33066907387547E-16,1.));
#13062=DIRECTION('center_axis',(-0.5,-0.866025403784439,2.88444402957535E-16));
#13063=DIRECTION('ref_axis',(0.866025403784439,-0.5,1.66533453693773E-16));
#13064=DIRECTION('',(3.45126646034197E-31,3.33066907387547E-16,1.));
#13065=DIRECTION('center_axis',(-1.,0.,0.));
#13066=DIRECTION('ref_axis',(0.,-1.,3.33066907387547E-16));
#13067=DIRECTION('',(3.45126646034197E-31,3.33066907387547E-16,1.));
#13068=DIRECTION('center_axis',(-0.5,0.866025403784439,-2.88444402957534E-16));
#13069=DIRECTION('ref_axis',(-0.866025403784439,-0.5,1.66533453693774E-16));
#13070=DIRECTION('',(3.45126646034197E-31,3.33066907387547E-16,1.));
#13071=DIRECTION('center_axis',(-1.,0.,0.));
#13072=DIRECTION('ref_axis',(0.,-1.,3.33066907387547E-16));
#13073=DIRECTION('',(3.45126646034197E-31,3.33066907387547E-16,1.));
#13074=DIRECTION('center_axis',(-0.5,-0.866025403784439,2.88444402957535E-16));
#13075=DIRECTION('ref_axis',(0.866025403784439,-0.5,1.66533453693773E-16));
#13076=DIRECTION('',(3.45126646034197E-31,3.33066907387547E-16,1.));
#13077=DIRECTION('center_axis',(-1.,0.,0.));
#13078=DIRECTION('ref_axis',(0.,-1.,3.33066907387547E-16));
#13079=DIRECTION('',(3.45126646034197E-31,3.33066907387547E-16,1.));
#13080=DIRECTION('center_axis',(-0.5,0.866025403784439,-2.88444402957534E-16));
#13081=DIRECTION('ref_axis',(-0.866025403784439,-0.5,1.66533453693774E-16));
#13082=DIRECTION('',(3.45126646034197E-31,3.33066907387547E-16,1.));
#13083=DIRECTION('center_axis',(-1.,0.,0.));
#13084=DIRECTION('ref_axis',(0.,-1.,3.33066907387547E-16));
#13085=DIRECTION('',(3.45126646034197E-31,3.33066907387547E-16,1.));
#13086=DIRECTION('center_axis',(-0.5,-0.866025403784439,2.88444402957535E-16));
#13087=DIRECTION('ref_axis',(0.866025403784439,-0.5,1.66533453693773E-16));
#13088=DIRECTION('',(3.45126646034197E-31,3.33066907387547E-16,1.));
#13089=DIRECTION('center_axis',(-1.,0.,0.));
#13090=DIRECTION('ref_axis',(0.,-1.,3.33066907387547E-16));
#13091=DIRECTION('',(3.45126646034197E-31,3.33066907387547E-16,1.));
#13092=DIRECTION('center_axis',(-0.5,0.866025403784439,-2.88444402957534E-16));
#13093=DIRECTION('ref_axis',(-0.866025403784439,-0.5,1.66533453693774E-16));
#13094=DIRECTION('',(3.45126646034197E-31,3.33066907387547E-16,1.));
#13095=DIRECTION('center_axis',(-1.,0.,0.));
#13096=DIRECTION('ref_axis',(0.,-1.,3.33066907387547E-16));
#13097=DIRECTION('',(3.45126646034197E-31,3.33066907387547E-16,1.));
#13098=DIRECTION('center_axis',(-0.5,-0.866025403784439,2.88444402957535E-16));
#13099=DIRECTION('ref_axis',(0.866025403784439,-0.5,1.66533453693773E-16));
#13100=DIRECTION('',(3.45126646034197E-31,3.33066907387547E-16,1.));
#13101=DIRECTION('center_axis',(-1.,0.,0.));
#13102=DIRECTION('ref_axis',(0.,-1.,3.33066907387547E-16));
#13103=DIRECTION('',(3.45126646034197E-31,3.33066907387547E-16,1.));
#13104=DIRECTION('center_axis',(0.,-1.,0.));
#13105=DIRECTION('ref_axis',(1.,0.,-5.94727166826783E-31));
#13106=DIRECTION('',(3.45126646034197E-31,3.33066907387547E-16,1.));
#13107=DIRECTION('center_axis',(1.,0.,0.));
#13108=DIRECTION('ref_axis',(0.,1.,-3.33066907387547E-16));
#13109=DIRECTION('',(3.45126646034197E-31,3.33066907387547E-16,1.));
#13110=DIRECTION('center_axis',(0.5,-0.866025403784439,2.88444402957534E-16));
#13111=DIRECTION('ref_axis',(0.866025403784439,0.5,-1.66533453693774E-16));
#13112=DIRECTION('',(3.45126646034197E-31,3.33066907387547E-16,1.));
#13113=DIRECTION('center_axis',(1.,0.,0.));
#13114=DIRECTION('ref_axis',(0.,1.,-3.33066907387547E-16));
#13115=DIRECTION('',(3.45126646034197E-31,3.33066907387547E-16,1.));
#13116=DIRECTION('center_axis',(0.5,0.866025403784439,-2.88444402957535E-16));
#13117=DIRECTION('ref_axis',(-0.866025403784439,0.5,-1.66533453693773E-16));
#13118=DIRECTION('',(3.45126646034197E-31,3.33066907387547E-16,1.));
#13119=DIRECTION('center_axis',(1.,0.,0.));
#13120=DIRECTION('ref_axis',(0.,1.,-3.33066907387547E-16));
#13121=DIRECTION('',(3.45126646034197E-31,3.33066907387547E-16,1.));
#13122=DIRECTION('center_axis',(0.5,-0.866025403784439,2.88444402957534E-16));
#13123=DIRECTION('ref_axis',(0.866025403784439,0.5,-1.66533453693774E-16));
#13124=DIRECTION('',(3.45126646034197E-31,3.33066907387547E-16,1.));
#13125=DIRECTION('center_axis',(1.,0.,0.));
#13126=DIRECTION('ref_axis',(0.,1.,-3.33066907387547E-16));
#13127=DIRECTION('',(3.45126646034197E-31,3.33066907387547E-16,1.));
#13128=DIRECTION('center_axis',(0.5,0.866025403784439,-2.88444402957535E-16));
#13129=DIRECTION('ref_axis',(-0.866025403784439,0.5,-1.66533453693773E-16));
#13130=DIRECTION('',(3.45126646034197E-31,3.33066907387547E-16,1.));
#13131=DIRECTION('center_axis',(1.,0.,0.));
#13132=DIRECTION('ref_axis',(0.,1.,-3.33066907387547E-16));
#13133=DIRECTION('',(3.45126646034197E-31,3.33066907387547E-16,1.));
#13134=DIRECTION('center_axis',(0.5,-0.866025403784439,2.88444402957534E-16));
#13135=DIRECTION('ref_axis',(0.866025403784439,0.5,-1.66533453693774E-16));
#13136=DIRECTION('',(3.45126646034197E-31,3.33066907387547E-16,1.));
#13137=DIRECTION('center_axis',(1.,0.,0.));
#13138=DIRECTION('ref_axis',(0.,1.,-3.33066907387547E-16));
#13139=DIRECTION('',(3.45126646034197E-31,3.33066907387547E-16,1.));
#13140=DIRECTION('center_axis',(0.5,0.866025403784439,-2.88444402957535E-16));
#13141=DIRECTION('ref_axis',(-0.866025403784439,0.5,-1.66533453693773E-16));
#13142=DIRECTION('',(3.45126646034197E-31,3.33066907387547E-16,1.));
#13143=DIRECTION('center_axis',(1.,0.,0.));
#13144=DIRECTION('ref_axis',(0.,1.,-3.33066907387547E-16));
#13145=DIRECTION('',(3.45126646034197E-31,3.33066907387547E-16,1.));
#13146=DIRECTION('center_axis',(0.5,-0.866025403784439,2.88444402957534E-16));
#13147=DIRECTION('ref_axis',(0.866025403784439,0.5,-1.66533453693774E-16));
#13148=DIRECTION('',(3.45126646034197E-31,3.33066907387547E-16,1.));
#13149=DIRECTION('center_axis',(1.,0.,0.));
#13150=DIRECTION('ref_axis',(0.,1.,-3.33066907387547E-16));
#13151=DIRECTION('',(3.45126646034197E-31,3.33066907387547E-16,1.));
#13152=DIRECTION('center_axis',(0.5,0.866025403784439,-2.88444402957535E-16));
#13153=DIRECTION('ref_axis',(-0.866025403784439,0.5,-1.66533453693773E-16));
#13154=DIRECTION('',(3.45126646034197E-31,3.33066907387547E-16,1.));
#13155=DIRECTION('center_axis',(1.,0.,0.));
#13156=DIRECTION('ref_axis',(0.,1.,-3.33066907387547E-16));
#13157=DIRECTION('',(3.45126646034197E-31,3.33066907387547E-16,1.));
#13158=DIRECTION('center_axis',(0.5,-0.866025403784439,2.88444402957534E-16));
#13159=DIRECTION('ref_axis',(0.866025403784439,0.5,-1.66533453693774E-16));
#13160=DIRECTION('',(3.45126646034197E-31,3.33066907387547E-16,1.));
#13161=DIRECTION('center_axis',(1.,0.,0.));
#13162=DIRECTION('ref_axis',(0.,1.,-3.33066907387547E-16));
#13163=DIRECTION('',(3.45126646034197E-31,3.33066907387547E-16,1.));
#13164=DIRECTION('center_axis',(0.5,0.866025403784439,-2.88444402957535E-16));
#13165=DIRECTION('ref_axis',(-0.866025403784439,0.5,-1.66533453693773E-16));
#13166=DIRECTION('',(3.45126646034197E-31,3.33066907387547E-16,1.));
#13167=DIRECTION('center_axis',(1.,0.,0.));
#13168=DIRECTION('ref_axis',(0.,1.,-3.33066907387547E-16));
#13169=DIRECTION('',(3.45126646034197E-31,3.33066907387547E-16,1.));
#13170=DIRECTION('center_axis',(0.5,-0.866025403784439,2.88444402957534E-16));
#13171=DIRECTION('ref_axis',(0.866025403784439,0.5,-1.66533453693774E-16));
#13172=DIRECTION('',(3.45126646034197E-31,3.33066907387547E-16,1.));
#13173=DIRECTION('center_axis',(1.,0.,0.));
#13174=DIRECTION('ref_axis',(0.,1.,-3.33066907387547E-16));
#13175=DIRECTION('',(3.45126646034197E-31,3.33066907387547E-16,1.));
#13176=DIRECTION('center_axis',(0.5,0.866025403784439,-2.88444402957535E-16));
#13177=DIRECTION('ref_axis',(-0.866025403784439,0.5,-1.66533453693773E-16));
#13178=DIRECTION('',(3.45126646034197E-31,3.33066907387547E-16,1.));
#13179=DIRECTION('center_axis',(1.,0.,0.));
#13180=DIRECTION('ref_axis',(0.,1.,-3.33066907387547E-16));
#13181=DIRECTION('',(3.45126646034197E-31,3.33066907387547E-16,1.));
#13182=DIRECTION('center_axis',(0.5,-0.866025403784439,2.88444402957534E-16));
#13183=DIRECTION('ref_axis',(0.866025403784439,0.5,-1.66533453693774E-16));
#13184=DIRECTION('',(3.45126646034197E-31,3.33066907387547E-16,1.));
#13185=DIRECTION('center_axis',(1.,0.,0.));
#13186=DIRECTION('ref_axis',(0.,1.,-3.33066907387547E-16));
#13187=DIRECTION('',(3.45126646034197E-31,3.33066907387547E-16,1.));
#13188=DIRECTION('center_axis',(0.5,0.866025403784439,-2.88444402957535E-16));
#13189=DIRECTION('ref_axis',(-0.866025403784439,0.5,-1.66533453693773E-16));
#13190=DIRECTION('',(3.45126646034197E-31,3.33066907387547E-16,1.));
#13191=DIRECTION('center_axis',(1.,0.,0.));
#13192=DIRECTION('ref_axis',(0.,1.,-3.33066907387547E-16));
#13193=DIRECTION('',(3.45126646034197E-31,3.33066907387547E-16,1.));
#13194=DIRECTION('center_axis',(0.5,-0.866025403784439,2.88444402957534E-16));
#13195=DIRECTION('ref_axis',(0.866025403784439,0.5,-1.66533453693774E-16));
#13196=DIRECTION('',(3.45126646034197E-31,3.33066907387547E-16,1.));
#13197=DIRECTION('center_axis',(1.,0.,0.));
#13198=DIRECTION('ref_axis',(0.,1.,-3.33066907387547E-16));
#13199=DIRECTION('',(3.45126646034197E-31,3.33066907387547E-16,1.));
#13200=DIRECTION('center_axis',(0.5,0.866025403784439,-2.88444402957535E-16));
#13201=DIRECTION('ref_axis',(-0.866025403784439,0.5,-1.66533453693773E-16));
#13202=DIRECTION('',(3.45126646034197E-31,3.33066907387547E-16,1.));
#13203=DIRECTION('center_axis',(1.,0.,0.));
#13204=DIRECTION('ref_axis',(0.,1.,-3.33066907387547E-16));
#13205=DIRECTION('',(3.45126646034197E-31,3.33066907387547E-16,1.));
#13206=DIRECTION('center_axis',(0.,1.,0.));
#13207=DIRECTION('ref_axis',(-1.,0.,5.94727166826783E-31));
#13208=DIRECTION('center_axis',(0.,0.,1.));
#13209=DIRECTION('ref_axis',(7.49400541621981E-16,-1.,0.));
#13210=DIRECTION('center_axis',(3.45126646034197E-31,3.33066907387547E-16,
1.));
#13211=DIRECTION('ref_axis',(7.49400541621981E-16,-1.,3.33066907387547E-16));
#13212=DIRECTION('',(0.,0.,1.));
#13213=DIRECTION('center_axis',(0.,0.,1.));
#13214=DIRECTION('ref_axis',(7.49400541621981E-16,-1.,0.));
#13215=DIRECTION('',(0.,0.,1.));
#13216=DIRECTION('center_axis',(3.45126646034197E-31,3.33066907387547E-16,
1.));
#13217=DIRECTION('ref_axis',(7.49400541621981E-16,-1.,3.33066907387547E-16));
#13218=DIRECTION('center_axis',(0.,0.,1.));
#13219=DIRECTION('ref_axis',(7.49400541621981E-16,-1.,0.));
#13220=DIRECTION('axis',(0.,0.,1.));
#13221=DIRECTION('refdir',(1.,0.,0.));
#13222=DIRECTION('center_axis',(0.,0.,1.));
#13223=DIRECTION('ref_axis',(0.,1.,0.));
#13224=DIRECTION('center_axis',(-6.12323399573674E-17,3.94299247344914E-16,
1.));
#13225=DIRECTION('ref_axis',(-8.71865221536717E-16,1.,-3.94299247344914E-16));
#13226=DIRECTION('center_axis',(1.,0.,6.12323399573675E-17));
#13227=DIRECTION('ref_axis',(0.,-1.,0.));
#13228=DIRECTION('center_axis',(0.,0.,1.));
#13229=DIRECTION('ref_axis',(-8.71865221536716E-16,1.,0.));
#13230=DIRECTION('',(0.,0.,-1.));
#13231=DIRECTION('center_axis',(-6.12323399573674E-17,3.94299247344914E-16,
1.));
#13232=DIRECTION('ref_axis',(-8.71865221536716E-16,1.,-3.94299247344914E-16));
#13233=DIRECTION('center_axis',(0.,0.,1.));
#13234=DIRECTION('ref_axis',(-8.71865221536716E-16,1.,0.));
#13235=DIRECTION('center_axis',(-6.12323399573674E-17,3.94299247344914E-16,
1.));
#13236=DIRECTION('ref_axis',(-8.71865221536716E-16,1.,-3.94299247344914E-16));
#13237=DIRECTION('center_axis',(0.,0.,1.));
#13238=DIRECTION('ref_axis',(-8.71865221536716E-16,1.,0.));
#13239=DIRECTION('',(0.,0.,-1.));
#13240=DIRECTION('center_axis',(-6.12323399573674E-17,3.94299247344914E-16,
1.));
#13241=DIRECTION('ref_axis',(-8.71865221536716E-16,1.,-3.94299247344914E-16));
#13242=DIRECTION('center_axis',(0.,0.,-1.));
#13243=DIRECTION('ref_axis',(-8.71865221536716E-16,1.,0.));
#13244=DIRECTION('center_axis',(-6.12323399573674E-17,3.94299247344914E-16,
1.));
#13245=DIRECTION('ref_axis',(-8.71865221536716E-16,1.,-3.94299247344914E-16));
#13246=DIRECTION('center_axis',(0.,0.,1.));
#13247=DIRECTION('ref_axis',(-8.71865221536716E-16,1.,0.));
#13248=DIRECTION('',(0.,0.,-1.));
#13249=DIRECTION('center_axis',(-6.12323399573674E-17,3.94299247344914E-16,
1.));
#13250=DIRECTION('ref_axis',(-8.71865221536716E-16,1.,-3.94299247344914E-16));
#13251=DIRECTION('center_axis',(0.,0.,1.));
#13252=DIRECTION('ref_axis',(-8.71865221536716E-16,1.,0.));
#13253=DIRECTION('',(-7.03097416052873E-16,0.707106781186547,-0.707106781186548));
#13254=DIRECTION('center_axis',(-6.12323399573673E-17,3.94299247344914E-16,
1.));
#13255=DIRECTION('ref_axis',(-8.71865221536716E-16,1.,-3.94299247344914E-16));
#13256=DIRECTION('center_axis',(0.,0.,1.));
#13257=DIRECTION('ref_axis',(-8.71865221536716E-16,1.,0.));
#13258=DIRECTION('',(0.,0.,-1.));
#13259=DIRECTION('center_axis',(-6.12323399573674E-17,3.94299247344914E-16,
1.));
#13260=DIRECTION('ref_axis',(-8.71865221536716E-16,1.,-3.94299247344914E-16));
#13261=DIRECTION('center_axis',(0.,0.,1.));
#13262=DIRECTION('ref_axis',(0.,1.,0.));
#13263=DIRECTION('center_axis',(1.,0.,6.12323399573674E-17));
#13264=DIRECTION('ref_axis',(0.,-1.,0.));
#13265=DIRECTION('axis',(0.,0.,1.));
#13266=DIRECTION('refdir',(1.,0.,0.));
#13267=DIRECTION('center_axis',(0.,0.,1.));
#13268=DIRECTION('ref_axis',(0.,1.,0.));
#13269=DIRECTION('center_axis',(-6.12323399573674E-17,3.94299247344914E-16,
1.));
#13270=DIRECTION('ref_axis',(-8.71865221536717E-16,1.,-3.94299247344914E-16));
#13271=DIRECTION('center_axis',(1.,0.,6.12323399573675E-17));
#13272=DIRECTION('ref_axis',(0.,-1.,0.));
#13273=DIRECTION('center_axis',(0.,0.,1.));
#13274=DIRECTION('ref_axis',(-8.71865221536716E-16,1.,0.));
#13275=DIRECTION('',(0.,0.,-1.));
#13276=DIRECTION('center_axis',(-6.12323399573674E-17,3.94299247344914E-16,
1.));
#13277=DIRECTION('ref_axis',(-8.71865221536716E-16,1.,-3.94299247344914E-16));
#13278=DIRECTION('center_axis',(0.,0.,1.));
#13279=DIRECTION('ref_axis',(-8.71865221536716E-16,1.,0.));
#13280=DIRECTION('center_axis',(-6.12323399573674E-17,3.94299247344914E-16,
1.));
#13281=DIRECTION('ref_axis',(-8.71865221536716E-16,1.,-3.94299247344914E-16));
#13282=DIRECTION('center_axis',(0.,0.,1.));
#13283=DIRECTION('ref_axis',(-8.71865221536716E-16,1.,0.));
#13284=DIRECTION('',(0.,0.,-1.));
#13285=DIRECTION('center_axis',(-6.12323399573674E-17,3.94299247344914E-16,
1.));
#13286=DIRECTION('ref_axis',(-8.71865221536716E-16,1.,-3.94299247344914E-16));
#13287=DIRECTION('center_axis',(0.,0.,-1.));
#13288=DIRECTION('ref_axis',(-8.71865221536716E-16,1.,0.));
#13289=DIRECTION('center_axis',(-6.12323399573674E-17,3.94299247344914E-16,
1.));
#13290=DIRECTION('ref_axis',(-8.71865221536716E-16,1.,-3.94299247344914E-16));
#13291=DIRECTION('center_axis',(0.,0.,1.));
#13292=DIRECTION('ref_axis',(-8.71865221536716E-16,1.,0.));
#13293=DIRECTION('',(0.,0.,-1.));
#13294=DIRECTION('center_axis',(-6.12323399573674E-17,3.94299247344914E-16,
1.));
#13295=DIRECTION('ref_axis',(-8.71865221536716E-16,1.,-3.94299247344914E-16));
#13296=DIRECTION('center_axis',(0.,0.,1.));
#13297=DIRECTION('ref_axis',(-8.71865221536716E-16,1.,0.));
#13298=DIRECTION('',(-7.03097416052873E-16,0.707106781186547,-0.707106781186548));
#13299=DIRECTION('center_axis',(-6.12323399573673E-17,3.94299247344914E-16,
1.));
#13300=DIRECTION('ref_axis',(-8.71865221536716E-16,1.,-3.94299247344914E-16));
#13301=DIRECTION('center_axis',(0.,0.,1.));
#13302=DIRECTION('ref_axis',(-8.71865221536716E-16,1.,0.));
#13303=DIRECTION('',(0.,0.,-1.));
#13304=DIRECTION('center_axis',(-6.12323399573674E-17,3.94299247344914E-16,
1.));
#13305=DIRECTION('ref_axis',(-8.71865221536716E-16,1.,-3.94299247344914E-16));
#13306=DIRECTION('center_axis',(0.,0.,1.));
#13307=DIRECTION('ref_axis',(0.,1.,0.));
#13308=DIRECTION('center_axis',(1.,0.,6.12323399573674E-17));
#13309=DIRECTION('ref_axis',(0.,-1.,0.));
#13310=DIRECTION('axis',(0.,0.,1.));
#13311=DIRECTION('refdir',(1.,0.,0.));
#13312=DIRECTION('center_axis',(0.,0.,1.));
#13313=DIRECTION('ref_axis',(0.,1.,0.));
#13314=DIRECTION('center_axis',(-6.12323399573674E-17,3.94299247344914E-16,
1.));
#13315=DIRECTION('ref_axis',(-8.71865221536717E-16,1.,-3.94299247344914E-16));
#13316=DIRECTION('center_axis',(1.,0.,6.12323399573675E-17));
#13317=DIRECTION('ref_axis',(0.,-1.,0.));
#13318=DIRECTION('center_axis',(0.,0.,1.));
#13319=DIRECTION('ref_axis',(-8.71865221536716E-16,1.,0.));
#13320=DIRECTION('',(0.,0.,-1.));
#13321=DIRECTION('center_axis',(-6.12323399573674E-17,3.94299247344914E-16,
1.));
#13322=DIRECTION('ref_axis',(-8.71865221536716E-16,1.,-3.94299247344914E-16));
#13323=DIRECTION('center_axis',(0.,0.,1.));
#13324=DIRECTION('ref_axis',(-8.71865221536716E-16,1.,0.));
#13325=DIRECTION('center_axis',(-6.12323399573674E-17,3.94299247344914E-16,
1.));
#13326=DIRECTION('ref_axis',(-8.71865221536716E-16,1.,-3.94299247344914E-16));
#13327=DIRECTION('center_axis',(0.,0.,1.));
#13328=DIRECTION('ref_axis',(-8.71865221536716E-16,1.,0.));
#13329=DIRECTION('',(0.,0.,-1.));
#13330=DIRECTION('center_axis',(-6.12323399573674E-17,3.94299247344914E-16,
1.));
#13331=DIRECTION('ref_axis',(-8.71865221536716E-16,1.,-3.94299247344914E-16));
#13332=DIRECTION('center_axis',(0.,0.,-1.));
#13333=DIRECTION('ref_axis',(-8.71865221536716E-16,1.,0.));
#13334=DIRECTION('center_axis',(-6.12323399573674E-17,3.94299247344914E-16,
1.));
#13335=DIRECTION('ref_axis',(-8.71865221536716E-16,1.,-3.94299247344914E-16));
#13336=DIRECTION('center_axis',(0.,0.,1.));
#13337=DIRECTION('ref_axis',(-8.71865221536716E-16,1.,0.));
#13338=DIRECTION('',(0.,0.,-1.));
#13339=DIRECTION('center_axis',(-6.12323399573674E-17,3.94299247344914E-16,
1.));
#13340=DIRECTION('ref_axis',(-8.71865221536716E-16,1.,-3.94299247344914E-16));
#13341=DIRECTION('center_axis',(0.,0.,1.));
#13342=DIRECTION('ref_axis',(-8.71865221536716E-16,1.,0.));
#13343=DIRECTION('',(-7.03097416052873E-16,0.707106781186547,-0.707106781186548));
#13344=DIRECTION('center_axis',(-6.12323399573673E-17,3.94299247344914E-16,
1.));
#13345=DIRECTION('ref_axis',(-8.71865221536716E-16,1.,-3.94299247344914E-16));
#13346=DIRECTION('center_axis',(0.,0.,1.));
#13347=DIRECTION('ref_axis',(-8.71865221536716E-16,1.,0.));
#13348=DIRECTION('',(0.,0.,-1.));
#13349=DIRECTION('center_axis',(-6.12323399573674E-17,3.94299247344914E-16,
1.));
#13350=DIRECTION('ref_axis',(-8.71865221536716E-16,1.,-3.94299247344914E-16));
#13351=DIRECTION('center_axis',(0.,0.,1.));
#13352=DIRECTION('ref_axis',(0.,1.,0.));
#13353=DIRECTION('center_axis',(1.,0.,6.12323399573674E-17));
#13354=DIRECTION('ref_axis',(0.,-1.,0.));
#13355=DIRECTION('',(-1.57772181044202E-30,9.86076131526265E-32,1.));
#13356=DIRECTION('',(1.,-1.15839780442722E-32,-1.57772181044202E-30));
#13357=DIRECTION('',(-1.57772181044202E-30,9.86076131526265E-32,1.));
#13358=DIRECTION('',(1.,-1.15839780442722E-32,-1.57772181044202E-30));
#13359=DIRECTION('',(-1.57772181044202E-30,9.86076131526265E-32,1.));
#13360=DIRECTION('',(1.,-1.15839780442722E-32,-1.57772181044202E-30));
#13361=DIRECTION('',(-1.57772181044202E-30,9.86076131526265E-32,1.));
#13362=DIRECTION('',(1.,-1.15839780442722E-32,-1.57772181044202E-30));
#13363=DIRECTION('',(-1.57772181044202E-30,9.86076131526265E-32,1.));
#13364=DIRECTION('',(1.,-1.15839780442722E-32,-1.57772181044202E-30));
#13365=DIRECTION('',(-1.57772181044202E-30,9.86076131526265E-32,1.));
#13366=DIRECTION('',(1.,-1.15839780442722E-32,-1.57772181044202E-30));
#13367=DIRECTION('',(-1.57772181044202E-30,9.86076131526265E-32,1.));
#13368=DIRECTION('',(1.,-1.15839780442722E-32,-1.57772181044202E-30));
#13369=DIRECTION('',(-1.57772181044202E-30,9.86076131526265E-32,1.));
#13370=DIRECTION('',(1.,-1.15839780442722E-32,-1.57772181044202E-30));
#13371=DIRECTION('',(-1.57772181044202E-30,9.86076131526265E-32,1.));
#13372=DIRECTION('',(1.,-1.15839780442722E-32,-1.57772181044202E-30));
#13373=DIRECTION('',(-1.57772181044202E-30,9.86076131526265E-32,1.));
#13374=DIRECTION('',(1.,-1.15839780442722E-32,-1.57772181044202E-30));
#13375=DIRECTION('center_axis',(0.,1.,0.));
#13376=DIRECTION('ref_axis',(0.,0.,1.));
#13377=DIRECTION('',(-1.36548433057035E-31,0.,-1.));
#13378=DIRECTION('',(1.,0.,0.));
#13379=DIRECTION('',(1.36548433057016E-31,0.,1.));
#13380=DIRECTION('',(1.,0.,0.));
#13381=DIRECTION('center_axis',(0.,0.,-1.));
#13382=DIRECTION('ref_axis',(0.,1.,0.));
#13383=DIRECTION('',(-2.85293674206707E-14,-1.,0.));
#13384=DIRECTION('',(2.88657986402541E-14,1.,0.));
#13385=DIRECTION('',(1.,0.,0.));
#13386=DIRECTION('center_axis',(0.,-1.,0.));
#13387=DIRECTION('ref_axis',(0.,0.,-1.));
#13388=DIRECTION('',(1.36548433057035E-31,0.,1.));
#13389=DIRECTION('',(-1.36548433057016E-31,0.,-1.));
#13390=DIRECTION('',(1.,0.,0.));
#13391=DIRECTION('center_axis',(0.,0.,1.));
#13392=DIRECTION('ref_axis',(0.,-1.,0.));
#13393=DIRECTION('',(2.85293674206707E-14,1.,0.));
#13394=DIRECTION('',(-2.88657986402541E-14,-1.,0.));
#13395=DIRECTION('center_axis',(1.,0.,0.));
#13396=DIRECTION('ref_axis',(0.,-1.,0.));
#13397=DIRECTION('',(0.,-1.,-4.30849671256699E-47));
#13398=DIRECTION('',(0.,0.,-1.));
#13399=DIRECTION('',(0.,1.,4.2582811331724E-47));
#13400=DIRECTION('',(0.,0.,-1.));
#13401=DIRECTION('center_axis',(0.,1.,0.));
#13402=DIRECTION('ref_axis',(1.,0.,0.));
#13403=DIRECTION('',(1.,0.,-1.4925957068649E-33));
#13404=DIRECTION('',(0.,0.,-1.));
#13405=DIRECTION('',(-1.,0.,1.49259570686699E-33));
#13406=DIRECTION('center_axis',(-1.,0.,0.));
#13407=DIRECTION('ref_axis',(0.,1.,0.));
#13408=DIRECTION('',(0.,1.,4.30849671256699E-47));
#13409=DIRECTION('',(0.,0.,-1.));
#13410=DIRECTION('',(0.,-1.,-4.2582811331724E-47));
#13411=DIRECTION('center_axis',(0.,-1.,0.));
#13412=DIRECTION('ref_axis',(-1.,0.,0.));
#13413=DIRECTION('',(-1.,0.,1.4925957068649E-33));
#13414=DIRECTION('',(1.,0.,-1.49259570686699E-33));
#13415=DIRECTION('center_axis',(2.1316282072803E-16,-1.,0.));
#13416=DIRECTION('ref_axis',(1.,2.1316282072803E-16,1.4925957068649E-33));
#13417=DIRECTION('',(1.,2.1316282072803E-16,-1.4925957068649E-33));
#13418=DIRECTION('',(0.,0.,1.));
#13419=DIRECTION('',(-1.,-2.1316282072803E-16,0.));
#13420=DIRECTION('',(0.,0.,1.));
#13421=DIRECTION('center_axis',(-1.,0.,0.));
#13422=DIRECTION('ref_axis',(0.,-1.,4.33956760232108E-47));
#13423=DIRECTION('',(0.,-1.,-4.30849671256699E-47));
#13424=DIRECTION('',(0.,0.,1.));
#13425=DIRECTION('',(0.,1.,0.));
#13426=DIRECTION('center_axis',(-2.30926389122032E-16,1.,0.));
#13427=DIRECTION('ref_axis',(-1.,-2.30926389122032E-16,-1.4925957068649E-33));
#13428=DIRECTION('',(-1.,-2.30926389122032E-16,1.4925957068649E-33));
#13429=DIRECTION('',(0.,0.,1.));
#13430=DIRECTION('',(1.,2.30926389122032E-16,0.));
#13431=DIRECTION('center_axis',(1.,0.,0.));
#13432=DIRECTION('ref_axis',(0.,1.,-4.33956760232108E-47));
#13433=DIRECTION('',(0.,1.,4.30849671256699E-47));
#13434=DIRECTION('',(0.,-1.,0.));
#13435=DIRECTION('center_axis',(0.,-1.,0.));
#13436=DIRECTION('ref_axis',(-1.,0.,0.));
#13437=DIRECTION('center_axis',(-2.85293674206707E-14,-1.,0.));
#13438=DIRECTION('ref_axis',(-1.,0.,0.));
#13439=DIRECTION('',(0.,-1.,0.));
#13440=DIRECTION('center_axis',(0.,-1.,0.));
#13441=DIRECTION('ref_axis',(-1.,0.,0.));
#13442=DIRECTION('center_axis',(0.,1.,0.));
#13443=DIRECTION('ref_axis',(-1.,0.,0.));
#13444=DIRECTION('center_axis',(0.,-1.,0.));
#13445=DIRECTION('ref_axis',(-1.,0.,0.));
#13446=DIRECTION('center_axis',(-2.85293674206707E-14,-1.,0.));
#13447=DIRECTION('ref_axis',(-1.,0.,0.));
#13448=DIRECTION('',(0.,-1.,0.));
#13449=DIRECTION('center_axis',(0.,-1.,0.));
#13450=DIRECTION('ref_axis',(-1.,0.,0.));
#13451=DIRECTION('center_axis',(0.,1.,0.));
#13452=DIRECTION('ref_axis',(-1.,0.,0.));
#13453=DIRECTION('center_axis',(0.,-1.,0.));
#13454=DIRECTION('ref_axis',(-1.,0.,0.));
#13455=DIRECTION('center_axis',(-2.85293674206707E-14,-1.,0.));
#13456=DIRECTION('ref_axis',(-1.,0.,0.));
#13457=DIRECTION('',(0.,-1.,0.));
#13458=DIRECTION('center_axis',(0.,-1.,0.));
#13459=DIRECTION('ref_axis',(-1.,0.,0.));
#13460=DIRECTION('center_axis',(0.,1.,0.));
#13461=DIRECTION('ref_axis',(-1.,0.,0.));
#13462=DIRECTION('center_axis',(0.,-1.,0.));
#13463=DIRECTION('ref_axis',(-1.,0.,0.));
#13464=DIRECTION('center_axis',(-2.85293674206707E-14,-1.,0.));
#13465=DIRECTION('ref_axis',(-1.,0.,0.));
#13466=DIRECTION('',(0.,-1.,0.));
#13467=DIRECTION('center_axis',(0.,-1.,0.));
#13468=DIRECTION('ref_axis',(-1.,0.,0.));
#13469=DIRECTION('center_axis',(0.,1.,0.));
#13470=DIRECTION('ref_axis',(-1.,0.,0.));
#13471=DIRECTION('center_axis',(2.8421709430404E-14,1.,0.));
#13472=DIRECTION('ref_axis',(-1.,2.8421709430404E-14,1.49259570686593E-33));
#13473=DIRECTION('center_axis',(-2.97817326355698E-14,-1.,1.47451495458028E-16));
#13474=DIRECTION('ref_axis',(-1.,2.97817326355698E-14,1.49259570686593E-33));
#13475=DIRECTION('',(-2.8421709430404E-14,-1.,0.));
#13476=DIRECTION('center_axis',(-2.97817326355698E-14,-1.,1.47451495458028E-16));
#13477=DIRECTION('ref_axis',(-1.,2.97817326355698E-14,1.49259570686593E-33));
#13478=DIRECTION('center_axis',(1.49259570686593E-33,-4.24221214776119E-47,
1.));
#13479=DIRECTION('ref_axis',(1.,-2.97817326355698E-14,-1.49259570686593E-33));
#13480=DIRECTION('',(1.,-2.97817326355698E-14,-1.49259570686593E-33));
#13481=DIRECTION('',(-2.85293674206707E-14,-1.,1.60689854081857E-49));
#13482=DIRECTION('',(1.,-2.97817326355698E-14,-1.49259570686593E-33));
#13483=DIRECTION('',(2.8421709430404E-14,1.,0.));
#13484=DIRECTION('center_axis',(-1.,2.8421709430404E-14,2.02030051166181E-31));
#13485=DIRECTION('ref_axis',(4.39285361015278E-30,1.47451495458028E-16,
1.));
#13486=DIRECTION('',(4.39285361015278E-30,1.47451495458028E-16,1.));
#13487=DIRECTION('',(4.39285361015278E-30,1.47451495458028E-16,1.));
#13488=DIRECTION('',(2.8421709430404E-14,1.,0.));
#13489=DIRECTION('center_axis',(-1.49259570686593E-33,4.24221214776119E-47,
-1.));
#13490=DIRECTION('ref_axis',(-1.,2.97817326355698E-14,1.49259570686593E-33));
#13491=DIRECTION('',(-1.,2.97817326355698E-14,1.49259570686593E-33));
#13492=DIRECTION('',(-1.,2.97817326355698E-14,1.49259570686593E-33));
#13493=DIRECTION('',(2.85293674206707E-14,1.,-1.60689854081857E-49));
#13494=DIRECTION('center_axis',(2.97817326355698E-14,1.,-1.47451495458028E-16));
#13495=DIRECTION('ref_axis',(-1.,2.97817326355698E-14,1.49259570686593E-33));
#13496=DIRECTION('',(4.34324632370646E-30,1.47451495458028E-16,1.));
#13497=DIRECTION('center_axis',(2.97817326355698E-14,1.,-1.47451495458028E-16));
#13498=DIRECTION('ref_axis',(-1.,2.97817326355698E-14,1.49259570686593E-33));
#13499=DIRECTION('',(-4.34324632370646E-30,-1.47451495458028E-16,-1.));
#13500=DIRECTION('center_axis',(2.8421709430404E-14,1.,0.));
#13501=DIRECTION('ref_axis',(-1.,2.8421709430404E-14,1.49259570686593E-33));
#13502=DIRECTION('center_axis',(-2.97817326355698E-14,-1.,1.47451495458028E-16));
#13503=DIRECTION('ref_axis',(-1.,2.97817326355698E-14,1.49259570686593E-33));
#13504=DIRECTION('',(-2.8421709430404E-14,-1.,0.));
#13505=DIRECTION('center_axis',(-2.97817326355698E-14,-1.,1.47451495458028E-16));
#13506=DIRECTION('ref_axis',(-1.,2.97817326355698E-14,1.49259570686593E-33));
#13507=DIRECTION('center_axis',(-1.,2.8421709430404E-14,2.02030051166181E-31));
#13508=DIRECTION('ref_axis',(4.39285361015278E-30,1.47451495458028E-16,
1.));
#13509=DIRECTION('',(-4.39285361015278E-30,-1.47451495458028E-16,-1.));
#13510=DIRECTION('',(-2.8421709430404E-14,-1.,-1.60689854081974E-49));
#13511=DIRECTION('',(4.39285361015278E-30,1.47451495458028E-16,1.));
#13512=DIRECTION('',(2.8421709430404E-14,1.,0.));
#13513=DIRECTION('center_axis',(-1.49259570686593E-33,4.24221214776119E-47,
-1.));
#13514=DIRECTION('ref_axis',(-1.,2.97817326355698E-14,1.49259570686593E-33));
#13515=DIRECTION('',(1.,-2.97817326355698E-14,-1.49259570686593E-33));
#13516=DIRECTION('',(-1.,2.97817326355698E-14,1.49259570686593E-33));
#13517=DIRECTION('',(2.85293674206707E-14,1.,-1.60689854081857E-49));
#13518=DIRECTION('center_axis',(2.97817326355698E-14,1.,-1.47451495458028E-16));
#13519=DIRECTION('ref_axis',(-1.,2.97817326355698E-14,1.49259570686593E-33));
#13520=DIRECTION('',(-1.,2.97817326355698E-14,1.49259570686699E-33));
#13521=DIRECTION('',(4.34324632370646E-30,1.47451495458028E-16,1.));
#13522=DIRECTION('center_axis',(2.97817326355698E-14,1.,-1.47451495458028E-16));
#13523=DIRECTION('ref_axis',(-1.,2.97817326355698E-14,1.49259570686593E-33));
#13524=DIRECTION('',(-4.34324632370646E-30,-1.47451495458028E-16,-1.));
#13525=DIRECTION('',(1.,-2.97817326355698E-14,-1.49259570686699E-33));
#13526=DIRECTION('center_axis',(-1.49259570686699E-33,4.2582811331724E-47,
-1.));
#13527=DIRECTION('ref_axis',(-1.,2.8421709430404E-14,1.49259570686699E-33));
#13528=DIRECTION('',(2.85293674206707E-14,1.,0.));
#13529=DIRECTION('',(1.,-2.8421709430404E-14,-1.49259570686699E-33));
#13530=DIRECTION('',(2.85293674206707E-14,1.,0.));
#13531=DIRECTION('',(1.,-2.97817326355698E-14,-1.49259570686699E-33));
#13532=DIRECTION('',(2.8421709430404E-14,1.,1.60689854081974E-49));
#13533=DIRECTION('',(-1.,2.97817326355698E-14,1.49259570686699E-33));
#13534=DIRECTION('',(2.85293674206707E-14,1.,0.));
#13535=DIRECTION('',(-1.,2.8421709430404E-14,1.49259570686699E-33));
#13536=DIRECTION('',(2.85293674206707E-14,1.,0.));
#13537=DIRECTION('center_axis',(2.8421709430404E-14,1.,0.));
#13538=DIRECTION('ref_axis',(-1.,2.8421709430404E-14,1.49259570686593E-33));
#13539=DIRECTION('center_axis',(-2.97817326355698E-14,-1.,1.47451495458028E-16));
#13540=DIRECTION('ref_axis',(-1.,2.97817326355698E-14,1.49259570686593E-33));
#13541=DIRECTION('',(-2.8421709430404E-14,-1.,0.));
#13542=DIRECTION('center_axis',(-2.97817326355698E-14,-1.,1.47451495458028E-16));
#13543=DIRECTION('ref_axis',(-1.,2.97817326355698E-14,1.49259570686593E-33));
#13544=DIRECTION('center_axis',(-1.49259570686593E-33,4.24221214776121E-47,
-1.));
#13545=DIRECTION('ref_axis',(-1.,2.97817326355698E-14,1.49259570686593E-33));
#13546=DIRECTION('',(1.,-2.97817326355698E-14,-1.49259570686593E-33));
#13547=DIRECTION('',(-2.85293674206707E-14,-1.,1.60689854081857E-49));
#13548=DIRECTION('',(-1.,2.97817326355698E-14,1.49259570686593E-33));
#13549=DIRECTION('',(2.8421709430404E-14,1.,0.));
#13550=DIRECTION('center_axis',(1.,-2.8421709430404E-14,-2.02030051166181E-31));
#13551=DIRECTION('ref_axis',(-4.39285361015278E-30,-1.47451495458028E-16,
-1.));
#13552=DIRECTION('',(4.39285361015278E-30,1.47451495458028E-16,1.));
#13553=DIRECTION('',(-4.39285361015278E-30,-1.47451495458028E-16,-1.));
#13554=DIRECTION('',(2.8421709430404E-14,1.,0.));
#13555=DIRECTION('center_axis',(1.49259570686593E-33,-4.24221214776119E-47,
1.));
#13556=DIRECTION('ref_axis',(1.,-2.97817326355698E-14,-1.49259570686593E-33));
#13557=DIRECTION('',(-1.,2.97817326355698E-14,1.49259570686593E-33));
#13558=DIRECTION('',(1.,-2.97817326355698E-14,-1.49259570686593E-33));
#13559=DIRECTION('',(2.85293674206707E-14,1.,-1.60689854081857E-49));
#13560=DIRECTION('center_axis',(2.97817326355698E-14,1.,-1.47451495458028E-16));
#13561=DIRECTION('ref_axis',(-1.,2.97817326355698E-14,1.49259570686593E-33));
#13562=DIRECTION('',(-4.34324632370646E-30,-1.47451495458028E-16,-1.));
#13563=DIRECTION('center_axis',(2.97817326355698E-14,1.,-1.47451495458028E-16));
#13564=DIRECTION('ref_axis',(-1.,2.97817326355698E-14,1.49259570686593E-33));
#13565=DIRECTION('',(4.34324632370646E-30,1.47451495458028E-16,1.));
#13566=DIRECTION('center_axis',(2.8421709430404E-14,1.,0.));
#13567=DIRECTION('ref_axis',(-1.,2.8421709430404E-14,1.49259570686593E-33));
#13568=DIRECTION('center_axis',(-2.97817326355698E-14,-1.,1.47451495458028E-16));
#13569=DIRECTION('ref_axis',(-1.,2.97817326355698E-14,1.49259570686593E-33));
#13570=DIRECTION('',(-2.8421709430404E-14,-1.,0.));
#13571=DIRECTION('center_axis',(-2.97817326355698E-14,-1.,1.47451495458028E-16));
#13572=DIRECTION('ref_axis',(-1.,2.97817326355698E-14,1.49259570686593E-33));
#13573=DIRECTION('center_axis',(-1.49259570686593E-33,4.24221214776119E-47,
-1.));
#13574=DIRECTION('ref_axis',(-1.,2.97817326355698E-14,1.49259570686593E-33));
#13575=DIRECTION('',(-1.,2.97817326355698E-14,1.49259570686593E-33));
#13576=DIRECTION('',(-2.85293674206707E-14,-1.,1.60689854081857E-49));
#13577=DIRECTION('',(-1.,2.97817326355698E-14,1.49259570686593E-33));
#13578=DIRECTION('',(2.8421709430404E-14,1.,0.));
#13579=DIRECTION('center_axis',(1.,-2.8421709430404E-14,-2.02030051166181E-31));
#13580=DIRECTION('ref_axis',(-4.39285361015278E-30,-1.47451495458028E-16,
-1.));
#13581=DIRECTION('',(-4.39285361015278E-30,-1.47451495458028E-16,-1.));
#13582=DIRECTION('',(-4.39285361015278E-30,-1.47451495458028E-16,-1.));
#13583=DIRECTION('center_axis',(2.97817326355698E-14,1.,-1.47451495458028E-16));
#13584=DIRECTION('ref_axis',(-1.,2.97817326355698E-14,1.49259570686593E-33));
#13585=DIRECTION('',(-4.34324632370646E-30,-1.47451495458028E-16,-1.));
#13586=DIRECTION('center_axis',(2.97817326355698E-14,1.,-1.47451495458028E-16));
#13587=DIRECTION('ref_axis',(-1.,2.97817326355698E-14,1.49259570686593E-33));
#13588=DIRECTION('',(4.34324632370646E-30,1.47451495458028E-16,1.));
#13589=DIRECTION('center_axis',(1.,-2.85293674206707E-14,-1.36548433057035E-31));
#13590=DIRECTION('ref_axis',(-1.36548433057035E-31,3.88093988752403E-45,
-1.));
#13591=DIRECTION('',(1.36548433057035E-31,-3.88093988752403E-45,1.));
#13592=DIRECTION('',(2.85293674206707E-14,1.,-1.34572487833352E-16));
#13593=DIRECTION('',(-1.36548433057035E-31,4.06664892511063E-45,-1.));
#13594=DIRECTION('',(2.85293674206707E-14,1.,0.));
#13595=DIRECTION('',(-1.36548433057035E-31,3.88093988752403E-45,-1.));
#13596=DIRECTION('center_axis',(0.,0.,-1.));
#13597=DIRECTION('ref_axis',(-1.,0.,0.));
#13598=DIRECTION('',(1.,-2.97817326355698E-14,0.));
#13599=DIRECTION('',(-3.01442372746709E-14,-1.,0.));
#13600=DIRECTION('',(-1.,2.8421709430404E-14,4.15036644719681E-17));
#13601=DIRECTION('',(3.01442372746709E-14,1.,0.));
#13602=DIRECTION('',(1.,-2.97817326355698E-14,0.));
#13603=DIRECTION('',(-2.85293674206707E-14,-1.,0.));
#13604=DIRECTION('',(1.,-2.85293674206707E-14,0.));
#13605=DIRECTION('center_axis',(-2.8421709430404E-14,-1.,0.));
#13606=DIRECTION('ref_axis',(0.,0.,-1.));
#13607=DIRECTION('',(-5.1959255439067E-32,1.4767708603093E-45,1.));
#13608=DIRECTION('',(-1.,2.8421709430404E-14,2.09167664263161E-31));
#13609=DIRECTION('',(-1.36548433057035E-31,3.88093988752403E-45,-1.));
#13610=DIRECTION('',(-1.,2.8421709430404E-14,3.58573138736764E-31));
#13611=DIRECTION('',(5.1959255439067E-32,-1.4767708603093E-45,-1.));
#13612=DIRECTION('',(1.,-2.8421709430404E-14,-1.84514301937116E-31));
#13613=DIRECTION('',(0.,0.,-1.));
#13614=DIRECTION('center_axis',(-1.,2.85293674206707E-14,1.36548433057035E-31));
#13615=DIRECTION('ref_axis',(1.36548433057035E-31,-3.88093988752403E-45,
1.));
#13616=DIRECTION('',(0.,0.,1.));
#13617=DIRECTION('',(4.34324632370649E-30,1.47451495458029E-16,1.));
#13618=DIRECTION('',(-2.85293674206707E-14,-1.,1.34572487833352E-16));
#13619=DIRECTION('center_axis',(-1.,3.01442372746709E-14,-5.1959255439067E-32));
#13620=DIRECTION('ref_axis',(-4.39285361015281E-30,-1.47451495458029E-16,
-1.));
#13621=DIRECTION('',(-3.01442372746709E-14,-1.,1.34572487833352E-16));
#13622=DIRECTION('',(-4.39285361015281E-30,-1.47451495458029E-16,-1.));
#13623=DIRECTION('',(-3.01442372746709E-14,-1.,1.34572487833352E-16));
#13624=DIRECTION('center_axis',(4.00929444846323E-30,1.34572487833352E-16,
1.));
#13625=DIRECTION('ref_axis',(-1.,2.97817326355698E-14,1.4925957068649E-33));
#13626=DIRECTION('',(1.,-2.97817326355698E-14,-1.4925957068649E-33));
#13627=DIRECTION('center_axis',(-1.,3.01442372746709E-14,-5.1959255439067E-32));
#13628=DIRECTION('ref_axis',(-4.39285361015281E-30,-1.47451495458029E-16,
-1.));
#13629=DIRECTION('',(-3.01442372746709E-14,-1.,1.34572487833352E-16));
#13630=DIRECTION('',(4.39285361015281E-30,1.47451495458029E-16,1.));
#13631=DIRECTION('center_axis',(-4.00929444846323E-30,-1.34572487833352E-16,
-1.));
#13632=DIRECTION('ref_axis',(1.,-2.97817326355698E-14,-1.4925957068649E-33));
#13633=DIRECTION('',(1.,-2.97817326355698E-14,-1.4925957068649E-33));
#13634=DIRECTION('center_axis',(2.97817326355698E-14,1.,-1.47451495458029E-16));
#13635=DIRECTION('ref_axis',(-1.,2.97817326355698E-14,1.4925957068649E-33));
#13636=DIRECTION('center_axis',(4.00929444846323E-30,1.34572487833352E-16,
1.));
#13637=DIRECTION('ref_axis',(-1.,2.97817326355698E-14,1.4925957068649E-33));
#13638=DIRECTION('',(-3.01442372746709E-14,-1.,1.34572487833352E-16));
#13639=DIRECTION('',(-1.,2.97817326355698E-14,1.4925957068649E-33));
#13640=DIRECTION('center_axis',(1.,-3.01442372746709E-14,5.1959255439067E-32));
#13641=DIRECTION('ref_axis',(4.39285361015281E-30,1.47451495458029E-16,
1.));
#13642=DIRECTION('',(4.39285361015281E-30,1.47451495458029E-16,1.));
#13643=DIRECTION('center_axis',(2.97817326355698E-14,1.,-1.47451495458029E-16));
#13644=DIRECTION('ref_axis',(-1.,2.97817326355698E-14,1.4925957068649E-33));
#13645=DIRECTION('center_axis',(2.85293674206707E-14,1.,0.));
#13646=DIRECTION('ref_axis',(0.,0.,1.));
#13647=DIRECTION('',(-1.36548433057016E-31,3.8809398875235E-45,-1.));
#13648=DIRECTION('',(-1.,2.8421709430404E-14,1.4925957068649E-33));
#13649=DIRECTION('',(1.36548433057016E-31,-3.8809398875235E-45,1.));
#13650=DIRECTION('',(1.,-2.8421709430404E-14,-1.4925957068649E-33));
#13651=DIRECTION('center_axis',(-1.4925957068649E-33,4.30849671256699E-47,
-1.));
#13652=DIRECTION('ref_axis',(1.,-2.97817326355698E-14,-1.4925957068649E-33));
#13653=DIRECTION('',(-2.88657986402541E-14,-1.,0.));
#13654=DIRECTION('',(1.,-2.97817326355698E-14,-1.4925957068649E-33));
#13655=DIRECTION('',(-2.88657986402541E-14,-1.,0.));
#13656=DIRECTION('center_axis',(1.,-2.88657986402541E-14,-1.36548433057016E-31));
#13657=DIRECTION('ref_axis',(4.39285361015281E-30,1.47451495458029E-16,
1.));
#13658=DIRECTION('',(-2.88657986402541E-14,-1.,0.));
#13659=DIRECTION('',(4.39285361015281E-30,1.47451495458029E-16,1.));
#13660=DIRECTION('center_axis',(-1.,2.88657986402541E-14,1.36548433057016E-31));
#13661=DIRECTION('ref_axis',(-4.39285361015281E-30,-1.47451495458029E-16,
-1.));
#13662=DIRECTION('',(-4.39285361015281E-30,-1.47451495458029E-16,-1.));
#13663=DIRECTION('',(-2.88657986402541E-14,-1.,0.));
#13664=DIRECTION('center_axis',(1.4925957068649E-33,-4.30849671256699E-47,
1.));
#13665=DIRECTION('ref_axis',(-1.,2.97817326355698E-14,1.4925957068649E-33));
#13666=DIRECTION('',(-1.,2.97817326355698E-14,1.4925957068649E-33));
#13667=DIRECTION('center_axis',(-2.88657986402541E-14,-1.,0.));
#13668=DIRECTION('ref_axis',(0.,0.,-1.));
#13669=DIRECTION('center_axis',(2.66453525910037E-14,1.,0.));
#13670=DIRECTION('ref_axis',(-1.,2.66453525910037E-14,0.));
#13671=DIRECTION('center_axis',(2.85293674206707E-14,1.,0.));
#13672=DIRECTION('ref_axis',(-1.,2.66453525910037E-14,0.));
#13673=DIRECTION('',(-2.66453525910037E-14,-1.,0.));
#13674=DIRECTION('center_axis',(2.85293674206707E-14,1.,0.));
#13675=DIRECTION('ref_axis',(-1.,2.66453525910037E-14,0.));
#13676=DIRECTION('center_axis',(2.66453525910037E-14,1.,0.));
#13677=DIRECTION('ref_axis',(-1.,2.66453525910037E-14,0.));
#13678=DIRECTION('center_axis',(2.85293674206707E-14,1.,0.));
#13679=DIRECTION('ref_axis',(-1.,2.66453525910037E-14,0.));
#13680=DIRECTION('',(-2.66453525910037E-14,-1.,0.));
#13681=DIRECTION('center_axis',(2.85293674206707E-14,1.,0.));
#13682=DIRECTION('ref_axis',(-1.,2.66453525910037E-14,0.));
#13683=DIRECTION('center_axis',(2.66453525910037E-14,1.,0.));
#13684=DIRECTION('ref_axis',(-1.,2.66453525910037E-14,0.));
#13685=DIRECTION('center_axis',(2.85293674206707E-14,1.,0.));
#13686=DIRECTION('ref_axis',(-1.,2.66453525910037E-14,0.));
#13687=DIRECTION('',(-2.66453525910037E-14,-1.,0.));
#13688=DIRECTION('center_axis',(2.85293674206707E-14,1.,0.));
#13689=DIRECTION('ref_axis',(-1.,2.66453525910037E-14,0.));
#13690=DIRECTION('center_axis',(2.66453525910037E-14,1.,0.));
#13691=DIRECTION('ref_axis',(-1.,2.66453525910037E-14,0.));
#13692=DIRECTION('center_axis',(2.85293674206707E-14,1.,0.));
#13693=DIRECTION('ref_axis',(-1.,2.66453525910037E-14,0.));
#13694=DIRECTION('',(-2.66453525910037E-14,-1.,0.));
#13695=DIRECTION('center_axis',(2.85293674206707E-14,1.,0.));
#13696=DIRECTION('ref_axis',(-1.,2.66453525910037E-14,0.));
#13697=DIRECTION('center_axis',(-1.49259570686699E-33,3.97707388852894E-47,
-1.));
#13698=DIRECTION('ref_axis',(-1.,2.8421709430404E-14,1.49259570686699E-33));
#13699=DIRECTION('',(-1.,2.8421709430404E-14,1.49259570686699E-33));
#13700=DIRECTION('',(2.66453525910037E-14,1.,0.));
#13701=DIRECTION('',(-1.,2.8421709430404E-14,1.49259570686699E-33));
#13702=DIRECTION('',(2.66453525910037E-14,1.,0.));
#13703=DIRECTION('center_axis',(-1.,2.66453525910037E-14,0.));
#13704=DIRECTION('ref_axis',(0.,0.,1.));
#13705=DIRECTION('',(0.,0.,1.));
#13706=DIRECTION('',(0.,0.,1.));
#13707=DIRECTION('',(2.66453525910037E-14,1.,0.));
#13708=DIRECTION('center_axis',(0.,0.,1.));
#13709=DIRECTION('ref_axis',(1.,-2.85293674206707E-14,0.));
#13710=DIRECTION('',(1.,-2.85293674206707E-14,0.));
#13711=DIRECTION('',(1.,-2.85293674206707E-14,0.));
#13712=DIRECTION('',(2.66453525910037E-14,1.,0.));
#13713=DIRECTION('center_axis',(1.,-2.66453525910037E-14,-1.36548433057035E-31));
#13714=DIRECTION('ref_axis',(-1.36548433057035E-31,3.88093988752403E-45,
-1.));
#13715=DIRECTION('',(-1.36548433057035E-31,3.88093988752403E-45,-1.));
#13716=DIRECTION('',(-1.36548433057035E-31,3.88093988752403E-45,-1.));
#13717=DIRECTION('center_axis',(1.4925957068649E-33,-3.97707388852337E-47,
1.));
#13718=DIRECTION('ref_axis',(1.,-2.8421709430404E-14,-1.4925957068649E-33));
#13719=DIRECTION('',(1.,-2.8421709430404E-14,-1.4925957068649E-33));
#13720=DIRECTION('',(2.66453525910037E-14,1.,0.));
#13721=DIRECTION('',(1.,-2.8421709430404E-14,-1.4925957068649E-33));
#13722=DIRECTION('',(2.66453525910037E-14,1.,0.));
#13723=DIRECTION('center_axis',(-1.,2.66453525910037E-14,1.36548433057016E-31));
#13724=DIRECTION('ref_axis',(1.36548433057016E-31,-3.8809398875235E-45,
1.));
#13725=DIRECTION('',(1.36548433057016E-31,-3.8809398875235E-45,1.));
#13726=DIRECTION('',(1.36548433057016E-31,-3.8809398875235E-45,1.));
#13727=DIRECTION('',(2.66453525910037E-14,1.,0.));
#13728=DIRECTION('center_axis',(-1.4925957068649E-33,3.97707388852337E-47,
-1.));
#13729=DIRECTION('ref_axis',(-1.,2.8421709430404E-14,1.4925957068649E-33));
#13730=DIRECTION('',(-1.,2.8421709430404E-14,1.4925957068649E-33));
#13731=DIRECTION('',(-1.,2.8421709430404E-14,1.4925957068649E-33));
#13732=DIRECTION('',(2.66453525910037E-14,1.,0.));
#13733=DIRECTION('center_axis',(1.,-2.66453525910037E-14,-1.36548433057016E-31));
#13734=DIRECTION('ref_axis',(-1.36548433057016E-31,3.8809398875235E-45,
-1.));
#13735=DIRECTION('',(-1.36548433057016E-31,3.8809398875235E-45,-1.));
#13736=DIRECTION('',(-1.36548433057016E-31,3.8809398875235E-45,-1.));
#13737=DIRECTION('center_axis',(2.85293674206707E-14,1.,0.));
#13738=DIRECTION('ref_axis',(0.,0.,1.));
#13739=DIRECTION('center_axis',(2.85293674206707E-14,1.,0.));
#13740=DIRECTION('ref_axis',(0.,0.,1.));
#13741=DIRECTION('center_axis',(-1.,2.66453525910037E-14,0.));
#13742=DIRECTION('ref_axis',(-2.66453525910037E-14,-1.,0.));
#13743=DIRECTION('',(2.66453525910037E-14,1.,0.));
#13744=DIRECTION('',(0.,0.,1.));
#13745=DIRECTION('',(-2.66453525910037E-14,-1.,0.));
#13746=DIRECTION('',(0.,0.,1.));
#13747=DIRECTION('center_axis',(2.85293674206707E-14,1.,0.));
#13748=DIRECTION('ref_axis',(-1.,2.85293674206707E-14,0.));
#13749=DIRECTION('',(1.,-2.85293674206707E-14,0.));
#13750=DIRECTION('',(-1.,2.85293674206707E-14,0.));
#13751=DIRECTION('',(0.,0.,1.));
#13752=DIRECTION('center_axis',(1.,-2.66453525910037E-14,0.));
#13753=DIRECTION('ref_axis',(2.66453525910037E-14,1.,0.));
#13754=DIRECTION('',(2.66453525910037E-14,1.,0.));
#13755=DIRECTION('',(2.66453525910037E-14,1.,0.));
#13756=DIRECTION('',(0.,0.,1.));
#13757=DIRECTION('center_axis',(-2.85293674206707E-14,-1.,0.));
#13758=DIRECTION('ref_axis',(1.,-2.85293674206707E-14,0.));
#13759=DIRECTION('',(1.,-2.85293674206707E-14,0.));
#13760=DIRECTION('',(1.,-2.85293674206707E-14,0.));
#13761=DIRECTION('center_axis',(0.,0.,1.));
#13762=DIRECTION('ref_axis',(1.,0.,0.));
#13763=DIRECTION('center_axis',(0.,0.,1.));
#13764=DIRECTION('ref_axis',(1.,-2.85293674206707E-14,0.));
#13765=DIRECTION('center_axis',(1.,-2.66453525910037E-14,0.));
#13766=DIRECTION('ref_axis',(-2.66453525910037E-14,-1.,0.));
#13767=DIRECTION('',(2.66453525910037E-14,1.,0.));
#13768=DIRECTION('',(0.,0.,-1.));
#13769=DIRECTION('',(-2.66453525910037E-14,-1.,0.));
#13770=DIRECTION('',(0.,0.,-1.));
#13771=DIRECTION('center_axis',(2.8421709430404E-14,1.,0.));
#13772=DIRECTION('ref_axis',(1.,-2.8421709430404E-14,-1.49259570686699E-33));
#13773=DIRECTION('',(-1.,2.8421709430404E-14,1.49259570686699E-33));
#13774=DIRECTION('',(1.,-2.8421709430404E-14,-1.49259570686699E-33));
#13775=DIRECTION('',(0.,0.,-1.));
#13776=DIRECTION('center_axis',(-1.,2.66453525910037E-14,0.));
#13777=DIRECTION('ref_axis',(2.66453525910037E-14,1.,0.));
#13778=DIRECTION('',(2.66453525910037E-14,1.,0.));
#13779=DIRECTION('',(2.66453525910037E-14,1.,0.));
#13780=DIRECTION('',(0.,0.,-1.));
#13781=DIRECTION('center_axis',(-2.8421709430404E-14,-1.,0.));
#13782=DIRECTION('ref_axis',(-1.,2.8421709430404E-14,1.49259570686699E-33));
#13783=DIRECTION('',(-1.,2.8421709430404E-14,1.49259570686699E-33));
#13784=DIRECTION('',(-1.,2.8421709430404E-14,1.49259570686699E-33));
#13785=DIRECTION('center_axis',(0.,0.,-1.));
#13786=DIRECTION('ref_axis',(-1.,0.,0.));
#13787=DIRECTION('center_axis',(-1.49259570686699E-33,3.97707388852894E-47,
-1.));
#13788=DIRECTION('ref_axis',(-1.,2.8421709430404E-14,1.49259570686699E-33));
#13789=DIRECTION('',(-5.33588520742206E-30,-3.94430452610506E-31,1.));
#13790=DIRECTION('',(1.110223024625E-16,1.,5.91645678915759E-31));
#13791=DIRECTION('',(-5.33588520742206E-30,-3.94430452610506E-31,1.));
#13792=DIRECTION('',(1.110223024625E-16,-1.,-8.87468518373638E-31));
#13793=DIRECTION('',(-2.97817326355698E-14,-1.,1.47451495458028E-16));
#13794=DIRECTION('',(-1.00000000000001,3.07531777821167E-14,3.29597460435582E-17));
#13795=DIRECTION('',(1.07136521876328E-14,-5.62166435370851E-16,-1.));
#13796=DIRECTION('',(-1.,-2.22044604925037E-16,-9.7144514654701E-15));
#13797=CARTESIAN_POINT('',(0.,0.,0.));
#13798=CARTESIAN_POINT('',(0.,0.,0.));
#13799=CARTESIAN_POINT('',(0.,0.,0.));
#13800=CARTESIAN_POINT('Origin',(3.8,0.,0.03));
#13801=CARTESIAN_POINT('',(-2.2,7.34788079488412E-16,0.33));
#13802=CARTESIAN_POINT('Origin',(3.8,1.804356723968E-35,0.33));
#13803=CARTESIAN_POINT('',(-2.2,7.34788079488412E-16,8.048518518519));
#13804=CARTESIAN_POINT('',(-2.2,7.34788079488412E-16,0.03));
#13805=CARTESIAN_POINT('Origin',(3.8,-8.91040357515E-35,8.048518518519));
#13806=CARTESIAN_POINT('Origin',(3.8,1.804356723968E-35,0.33));
#13807=CARTESIAN_POINT('',(-1.9,6.98048675513991E-16,0.03));
#13808=CARTESIAN_POINT('Origin',(3.8,0.,0.03));
#13809=CARTESIAN_POINT('Origin',(-1.9,6.98048675513991E-16,0.33));
#13810=CARTESIAN_POINT('Origin',(3.8,-8.91040357515E-35,8.048518518519));
#13811=CARTESIAN_POINT('',(-0.718518518519001,-5.53358924059233E-16,9.53));
#13812=CARTESIAN_POINT('Origin',(3.8,0.,9.53));
#13813=CARTESIAN_POINT('Origin',(-0.718518518519001,-5.53358924059233E-16,
8.048518518519));
#13814=CARTESIAN_POINT('Origin',(3.8,2.108840176837E-16,0.03));
#13815=CARTESIAN_POINT('',(-0.45,-5.51091059616309E-17,0.0300000000000002));
#13816=CARTESIAN_POINT('Origin',(0.,0.,0.03));
#13817=CARTESIAN_POINT('',(7.15,-5.51091059616309E-17,0.0300000000000002));
#13818=CARTESIAN_POINT('Origin',(7.6,0.,0.03));
#13819=CARTESIAN_POINT('Origin',(3.8,2.108840176837E-16,9.53));
#13820=CARTESIAN_POINT('',(2.8,1.22464679914735E-16,9.53));
#13821=CARTESIAN_POINT('Origin',(3.8,0.,9.53));
#13822=CARTESIAN_POINT('Origin',(0.,0.,1.03));
#13823=CARTESIAN_POINT('',(-0.45,-5.51091059616309E-17,-2.82));
#13824=CARTESIAN_POINT('',(-0.45,-5.51091059616309E-17,1.03));
#13825=CARTESIAN_POINT('Origin',(0.,0.,-2.82));
#13826=CARTESIAN_POINT('Origin',(7.6,0.,1.03));
#13827=CARTESIAN_POINT('',(7.15,-5.51091059616309E-17,-2.82));
#13828=CARTESIAN_POINT('',(7.15,-5.51091059616309E-17,1.03));
#13829=CARTESIAN_POINT('Origin',(7.6,-1.29542663314E-31,-2.82));
#13830=CARTESIAN_POINT('Origin',(3.8,0.,1.93));
#13831=CARTESIAN_POINT('',(2.8,1.22464679914735E-16,9.33));
#13832=CARTESIAN_POINT('',(2.8,1.22464679914735E-16,1.93));
#13833=CARTESIAN_POINT('Origin',(3.8,0.,9.33));
#13834=CARTESIAN_POINT('Origin',(0.,0.,-2.82));
#13835=CARTESIAN_POINT('',(-0.27,3.30654635769785E-17,-3.));
#13836=CARTESIAN_POINT('Origin',(0.,0.,-3.));
#13837=CARTESIAN_POINT('Origin',(-0.27,3.30654635769785E-17,-2.82));
#13838=CARTESIAN_POINT('Origin',(7.6,-1.29542663314E-31,-2.82));
#13839=CARTESIAN_POINT('',(7.33,3.30654635769783E-17,-3.));
#13840=CARTESIAN_POINT('Origin',(7.6,-1.355854680849E-31,-3.));
#13841=CARTESIAN_POINT('Origin',(7.33,3.30654635769783E-17,-2.82));
#13842=CARTESIAN_POINT('Origin',(3.8,8.737595245399E-17,9.33));
#13843=CARTESIAN_POINT('Origin',(-1.18701400394E-17,2.911085817041E-17,
-3.));
#13844=CARTESIAN_POINT('Origin',(7.6,-1.836970198721E-17,-3.));
#13845=CARTESIAN_POINT('',(44.9307967897564,-29.7511919773801,-20.7196271078616));
#13846=CARTESIAN_POINT('',(0.,0.,0.));
#13847=CARTESIAN_POINT('',(0.,0.,0.));
#13848=CARTESIAN_POINT('Origin',(1.27,-19.05,0.));
#13849=CARTESIAN_POINT('',(1.27,-19.05,0.));
#13850=CARTESIAN_POINT('',(1.27,-19.05,8.5));
#13851=CARTESIAN_POINT('',(1.27,-19.05,0.));
#13852=CARTESIAN_POINT('',(1.27,1.27,0.));
#13853=CARTESIAN_POINT('',(1.27,-19.05,0.));
#13854=CARTESIAN_POINT('',(1.27,1.27,8.5));
#13855=CARTESIAN_POINT('',(1.27,1.27,0.));
#13856=CARTESIAN_POINT('',(1.27,-19.05,8.5));
#13857=CARTESIAN_POINT('Origin',(-1.27,-19.05,0.));
#13858=CARTESIAN_POINT('',(-1.27,-19.05,0.));
#13859=CARTESIAN_POINT('',(-0.846666666667,-19.05,0.));
#13860=CARTESIAN_POINT('',(-1.27,-19.05,0.));
#13861=CARTESIAN_POINT('',(-0.846666666667,-19.05,0.2));
#13862=CARTESIAN_POINT('',(-0.846666666667,-19.05,0.));
#13863=CARTESIAN_POINT('',(0.846666666667,-19.05,0.2));
#13864=CARTESIAN_POINT('',(-0.846666666667,-19.05,0.2));
#13865=CARTESIAN_POINT('',(0.846666666667,-19.05,0.));
#13866=CARTESIAN_POINT('',(0.846666666667,-19.05,0.));
#13867=CARTESIAN_POINT('',(-1.27,-19.05,0.));
#13868=CARTESIAN_POINT('',(-1.27,-19.05,8.5));
#13869=CARTESIAN_POINT('',(-1.27,-19.05,8.5));
#13870=CARTESIAN_POINT('',(-1.27,-19.05,0.));
#13871=CARTESIAN_POINT('Origin',(1.27,1.27,0.));
#13872=CARTESIAN_POINT('',(0.846666666667,1.27,0.));
#13873=CARTESIAN_POINT('',(1.27,1.27,0.));
#13874=CARTESIAN_POINT('',(0.846666666667,1.27,0.2));
#13875=CARTESIAN_POINT('',(0.846666666667,1.27,0.));
#13876=CARTESIAN_POINT('',(-0.846666666667,1.27,0.2));
#13877=CARTESIAN_POINT('',(0.846666666667,1.27,0.2));
#13878=CARTESIAN_POINT('',(-0.846666666667,1.27,0.));
#13879=CARTESIAN_POINT('',(-0.846666666667,1.27,0.));
#13880=CARTESIAN_POINT('',(-1.27,1.27,0.));
#13881=CARTESIAN_POINT('',(1.27,1.27,0.));
#13882=CARTESIAN_POINT('',(-1.27,1.27,8.5));
#13883=CARTESIAN_POINT('',(-1.27,1.27,0.));
#13884=CARTESIAN_POINT('',(1.27,1.27,8.5));
#13885=CARTESIAN_POINT('Origin',(-9.592326932761E-16,-8.89,0.));
#13886=CARTESIAN_POINT('',(0.846666666667,-19.05,0.));
#13887=CARTESIAN_POINT('Origin',(-9.592326932761E-16,-8.89,8.5));
#13888=CARTESIAN_POINT('',(-1.27,1.27,8.5));
#13889=CARTESIAN_POINT('',(0.6,-18.38,8.5));
#13890=CARTESIAN_POINT('',(0.6,-17.18,8.5));
#13891=CARTESIAN_POINT('',(0.6,-18.38,8.5));
#13892=CARTESIAN_POINT('',(-0.6,-18.38,8.5));
#13893=CARTESIAN_POINT('',(-0.6,-18.38,8.5));
#13894=CARTESIAN_POINT('',(-0.6,-17.18,8.5));
#13895=CARTESIAN_POINT('',(-0.6,-17.18,8.5));
#13896=CARTESIAN_POINT('',(0.6,-17.18,8.5));
#13897=CARTESIAN_POINT('',(0.6,-15.84,8.5));
#13898=CARTESIAN_POINT('',(0.6,-14.64,8.5));
#13899=CARTESIAN_POINT('',(0.6,-15.84,8.5));
#13900=CARTESIAN_POINT('',(-0.6,-15.84,8.5));
#13901=CARTESIAN_POINT('',(-0.6,-15.84,8.5));
#13902=CARTESIAN_POINT('',(-0.6,-14.64,8.5));
#13903=CARTESIAN_POINT('',(-0.6,-14.64,8.5));
#13904=CARTESIAN_POINT('',(0.6,-14.64,8.5));
#13905=CARTESIAN_POINT('',(0.6,-13.3,8.5));
#13906=CARTESIAN_POINT('',(0.6,-12.1,8.5));
#13907=CARTESIAN_POINT('',(0.6,-13.3,8.5));
#13908=CARTESIAN_POINT('',(-0.6,-13.3,8.5));
#13909=CARTESIAN_POINT('',(-0.6,-13.3,8.5));
#13910=CARTESIAN_POINT('',(-0.6,-12.1,8.5));
#13911=CARTESIAN_POINT('',(-0.6,-12.1,8.5));
#13912=CARTESIAN_POINT('',(0.6,-12.1,8.5));
#13913=CARTESIAN_POINT('',(0.6,-10.76,8.5));
#13914=CARTESIAN_POINT('',(0.6,-9.56,8.5));
#13915=CARTESIAN_POINT('',(0.6,-10.76,8.5));
#13916=CARTESIAN_POINT('',(-0.6,-10.76,8.5));
#13917=CARTESIAN_POINT('',(-0.6,-10.76,8.5));
#13918=CARTESIAN_POINT('',(-0.6,-9.56,8.5));
#13919=CARTESIAN_POINT('',(-0.6,-9.56,8.5));
#13920=CARTESIAN_POINT('',(0.6,-9.56,8.5));
#13921=CARTESIAN_POINT('',(0.6,-8.22,8.5));
#13922=CARTESIAN_POINT('',(0.6,-7.02,8.5));
#13923=CARTESIAN_POINT('',(0.6,-8.22,8.5));
#13924=CARTESIAN_POINT('',(-0.6,-8.22,8.5));
#13925=CARTESIAN_POINT('',(-0.6,-8.22,8.5));
#13926=CARTESIAN_POINT('',(-0.6,-7.02,8.5));
#13927=CARTESIAN_POINT('',(-0.6,-7.02,8.5));
#13928=CARTESIAN_POINT('',(0.6,-7.02,8.5));
#13929=CARTESIAN_POINT('',(0.6,-5.68,8.5));
#13930=CARTESIAN_POINT('',(0.6,-4.48,8.5));
#13931=CARTESIAN_POINT('',(0.6,-5.68,8.5));
#13932=CARTESIAN_POINT('',(-0.6,-5.68,8.5));
#13933=CARTESIAN_POINT('',(-0.6,-5.68,8.5));
#13934=CARTESIAN_POINT('',(-0.6,-4.48,8.5));
#13935=CARTESIAN_POINT('',(-0.6,-4.48,8.5));
#13936=CARTESIAN_POINT('',(0.6,-4.48,8.5));
#13937=CARTESIAN_POINT('',(0.6,-3.14,8.5));
#13938=CARTESIAN_POINT('',(0.6,-1.94,8.5));
#13939=CARTESIAN_POINT('',(0.6,-3.14,8.5));
#13940=CARTESIAN_POINT('',(-0.6,-3.14,8.5));
#13941=CARTESIAN_POINT('',(-0.6,-3.14,8.5));
#13942=CARTESIAN_POINT('',(-0.6,-1.94,8.5));
#13943=CARTESIAN_POINT('',(-0.6,-1.94,8.5));
#13944=CARTESIAN_POINT('',(0.6,-1.94,8.5));
#13945=CARTESIAN_POINT('',(0.6,-0.6,8.5));
#13946=CARTESIAN_POINT('',(0.6,0.6,8.5));
#13947=CARTESIAN_POINT('',(0.6,-0.6,8.5));
#13948=CARTESIAN_POINT('',(-0.6,-0.6,8.5));
#13949=CARTESIAN_POINT('',(-0.6,-0.6,8.5));
#13950=CARTESIAN_POINT('',(-0.6,0.6,8.5));
#13951=CARTESIAN_POINT('',(-0.6,0.6,8.5));
#13952=CARTESIAN_POINT('',(0.6,0.6,8.5));
#13953=CARTESIAN_POINT('Origin',(-9.592326932761E-16,-8.89,0.));
#13954=CARTESIAN_POINT('',(-1.27,1.27,0.));
#13955=CARTESIAN_POINT('',(-0.846666666667,1.27,0.));
#13956=CARTESIAN_POINT('Origin',(-0.846666666667,1.27,0.));
#13957=CARTESIAN_POINT('',(-0.846666666667,1.27,0.2));
#13958=CARTESIAN_POINT('Origin',(-9.592326932761E-16,-8.89,0.2));
#13959=CARTESIAN_POINT('',(0.846666666667,-19.05,0.2));
#13960=CARTESIAN_POINT('',(-0.1,-18.23,0.2));
#13961=CARTESIAN_POINT('',(0.1,-18.23,0.2));
#13962=CARTESIAN_POINT('',(-0.1,-18.23,0.2));
#13963=CARTESIAN_POINT('',(0.1,-18.08,0.2));
#13964=CARTESIAN_POINT('',(0.1,-17.33,0.2));
#13965=CARTESIAN_POINT('',(0.1,-17.48,0.2));
#13966=CARTESIAN_POINT('',(0.1,-13.335,0.2));
#13967=CARTESIAN_POINT('',(0.1,-17.33,0.2));
#13968=CARTESIAN_POINT('',(0.1,-17.33,0.2));
#13969=CARTESIAN_POINT('',(-0.1,-17.33,0.2));
#13970=CARTESIAN_POINT('',(-0.1,-17.33,0.2));
#13971=CARTESIAN_POINT('',(-0.1,-17.48,0.2));
#13972=CARTESIAN_POINT('',(-0.1,-18.23,0.2));
#13973=CARTESIAN_POINT('',(-0.1,-18.08,0.2));
#13974=CARTESIAN_POINT('',(-0.1,-13.335,0.2));
#13975=CARTESIAN_POINT('',(-0.1,-18.23,0.2));
#13976=CARTESIAN_POINT('',(-0.1,-15.69,0.2));
#13977=CARTESIAN_POINT('',(0.1,-15.69,0.2));
#13978=CARTESIAN_POINT('',(-0.1,-15.69,0.2));
#13979=CARTESIAN_POINT('',(0.1,-15.54,0.2));
#13980=CARTESIAN_POINT('',(0.1,-14.79,0.2));
#13981=CARTESIAN_POINT('',(0.1,-14.94,0.2));
#13982=CARTESIAN_POINT('',(0.1,-12.065,0.2));
#13983=CARTESIAN_POINT('',(0.1,-14.79,0.2));
#13984=CARTESIAN_POINT('',(0.1,-14.79,0.2));
#13985=CARTESIAN_POINT('',(-0.1,-14.79,0.2));
#13986=CARTESIAN_POINT('',(-0.1,-14.79,0.2));
#13987=CARTESIAN_POINT('',(-0.1,-14.94,0.2));
#13988=CARTESIAN_POINT('',(-0.1,-15.69,0.2));
#13989=CARTESIAN_POINT('',(-0.1,-15.54,0.2));
#13990=CARTESIAN_POINT('',(-0.1,-12.065,0.2));
#13991=CARTESIAN_POINT('',(-0.1,-15.69,0.2));
#13992=CARTESIAN_POINT('',(-0.1,-13.15,0.2));
#13993=CARTESIAN_POINT('',(0.1,-13.15,0.2));
#13994=CARTESIAN_POINT('',(-0.1,-13.15,0.2));
#13995=CARTESIAN_POINT('',(0.1,-13.,0.2));
#13996=CARTESIAN_POINT('',(0.1,-12.25,0.2));
#13997=CARTESIAN_POINT('',(0.1,-12.4,0.2));
#13998=CARTESIAN_POINT('',(0.1,-10.795,0.2));
#13999=CARTESIAN_POINT('',(0.1,-12.25,0.2));
#14000=CARTESIAN_POINT('',(0.1,-12.25,0.2));
#14001=CARTESIAN_POINT('',(-0.1,-12.25,0.2));
#14002=CARTESIAN_POINT('',(-0.1,-12.25,0.2));
#14003=CARTESIAN_POINT('',(-0.1,-12.4,0.2));
#14004=CARTESIAN_POINT('',(-0.1,-13.15,0.2));
#14005=CARTESIAN_POINT('',(-0.1,-13.,0.2));
#14006=CARTESIAN_POINT('',(-0.1,-10.795,0.2));
#14007=CARTESIAN_POINT('',(-0.1,-13.15,0.2));
#14008=CARTESIAN_POINT('',(-0.1,-10.61,0.2));
#14009=CARTESIAN_POINT('',(0.1,-10.61,0.2));
#14010=CARTESIAN_POINT('',(-0.1,-10.61,0.2));
#14011=CARTESIAN_POINT('',(0.1,-10.46,0.2));
#14012=CARTESIAN_POINT('',(0.1,-9.71,0.2));
#14013=CARTESIAN_POINT('',(0.1,-9.86,0.2));
#14014=CARTESIAN_POINT('',(0.1,-9.525,0.2));
#14015=CARTESIAN_POINT('',(0.1,-9.71,0.2));
#14016=CARTESIAN_POINT('',(0.1,-9.71,0.2));
#14017=CARTESIAN_POINT('',(-0.1,-9.71,0.2));
#14018=CARTESIAN_POINT('',(-0.1,-9.71,0.2));
#14019=CARTESIAN_POINT('',(-0.1,-9.86,0.2));
#14020=CARTESIAN_POINT('',(-0.1,-10.61,0.2));
#14021=CARTESIAN_POINT('',(-0.1,-10.46,0.2));
#14022=CARTESIAN_POINT('',(-0.1,-9.525,0.2));
#14023=CARTESIAN_POINT('',(-0.1,-10.61,0.2));
#14024=CARTESIAN_POINT('',(-0.1,-8.07,0.2));
#14025=CARTESIAN_POINT('',(0.1,-8.07,0.2));
#14026=CARTESIAN_POINT('',(-0.1,-8.07,0.2));
#14027=CARTESIAN_POINT('',(0.1,-7.92,0.2));
#14028=CARTESIAN_POINT('',(0.1,-7.17,0.2));
#14029=CARTESIAN_POINT('',(0.1,-7.32,0.2));
#14030=CARTESIAN_POINT('',(0.1,-8.255,0.2));
#14031=CARTESIAN_POINT('',(0.1,-7.17,0.2));
#14032=CARTESIAN_POINT('',(0.1,-7.17,0.2));
#14033=CARTESIAN_POINT('',(-0.1,-7.17,0.2));
#14034=CARTESIAN_POINT('',(-0.1,-7.17,0.2));
#14035=CARTESIAN_POINT('',(-0.1,-7.32,0.2));
#14036=CARTESIAN_POINT('',(-0.1,-8.07,0.2));
#14037=CARTESIAN_POINT('',(-0.1,-7.92,0.2));
#14038=CARTESIAN_POINT('',(-0.1,-8.255,0.2));
#14039=CARTESIAN_POINT('',(-0.1,-8.07,0.2));
#14040=CARTESIAN_POINT('',(-0.1,-5.53,0.2));
#14041=CARTESIAN_POINT('',(0.1,-5.53,0.2));
#14042=CARTESIAN_POINT('',(-0.1,-5.53,0.2));
#14043=CARTESIAN_POINT('',(0.1,-5.38,0.2));
#14044=CARTESIAN_POINT('',(0.1,-4.63,0.2));
#14045=CARTESIAN_POINT('',(0.1,-4.78,0.2));
#14046=CARTESIAN_POINT('',(0.1,-6.985,0.2));
#14047=CARTESIAN_POINT('',(0.1,-4.63,0.2));
#14048=CARTESIAN_POINT('',(0.1,-4.63,0.2));
#14049=CARTESIAN_POINT('',(-0.1,-4.63,0.2));
#14050=CARTESIAN_POINT('',(-0.1,-4.63,0.2));
#14051=CARTESIAN_POINT('',(-0.1,-4.78,0.2));
#14052=CARTESIAN_POINT('',(-0.1,-5.53,0.2));
#14053=CARTESIAN_POINT('',(-0.1,-5.38,0.2));
#14054=CARTESIAN_POINT('',(-0.1,-6.985,0.2));
#14055=CARTESIAN_POINT('',(-0.1,-5.53,0.2));
#14056=CARTESIAN_POINT('',(-0.1,-2.99,0.2));
#14057=CARTESIAN_POINT('',(0.1,-2.99,0.2));
#14058=CARTESIAN_POINT('',(-0.1,-2.99,0.2));
#14059=CARTESIAN_POINT('',(0.1,-2.84,0.2));
#14060=CARTESIAN_POINT('',(0.1,-2.09,0.2));
#14061=CARTESIAN_POINT('',(0.1,-2.24,0.2));
#14062=CARTESIAN_POINT('',(0.1,-5.715,0.2));
#14063=CARTESIAN_POINT('',(0.1,-2.09,0.2));
#14064=CARTESIAN_POINT('',(0.1,-2.09,0.2));
#14065=CARTESIAN_POINT('',(-0.1,-2.09,0.2));
#14066=CARTESIAN_POINT('',(-0.1,-2.09,0.2));
#14067=CARTESIAN_POINT('',(-0.1,-2.24,0.2));
#14068=CARTESIAN_POINT('',(-0.1,-2.99,0.2));
#14069=CARTESIAN_POINT('',(-0.1,-2.84,0.2));
#14070=CARTESIAN_POINT('',(-0.1,-5.715,0.2));
#14071=CARTESIAN_POINT('',(-0.1,-2.99,0.2));
#14072=CARTESIAN_POINT('',(-0.1,-0.45,0.2));
#14073=CARTESIAN_POINT('',(0.1,-0.45,0.2));
#14074=CARTESIAN_POINT('',(-0.1,-0.45,0.2));
#14075=CARTESIAN_POINT('',(0.1,-0.3,0.2));
#14076=CARTESIAN_POINT('',(0.1,0.45,0.2));
#14077=CARTESIAN_POINT('',(0.1,0.3,0.2));
#14078=CARTESIAN_POINT('',(0.1,-4.445,0.2));
#14079=CARTESIAN_POINT('',(0.1,0.45,0.2));
#14080=CARTESIAN_POINT('',(0.1,0.45,0.2));
#14081=CARTESIAN_POINT('',(-0.1,0.45,0.2));
#14082=CARTESIAN_POINT('',(-0.1,0.45,0.2));
#14083=CARTESIAN_POINT('',(-0.1,0.3,0.2));
#14084=CARTESIAN_POINT('',(-0.1,-0.45,0.2));
#14085=CARTESIAN_POINT('',(-0.1,-0.3,0.2));
#14086=CARTESIAN_POINT('',(-0.1,-4.445,0.2));
#14087=CARTESIAN_POINT('',(-0.1,-0.45,0.2));
#14088=CARTESIAN_POINT('Origin',(0.846666666667,-19.05,0.));
#14089=CARTESIAN_POINT('Origin',(-1.27,1.27,0.));
#14090=CARTESIAN_POINT('Origin',(0.45,-18.38,8.35));
#14091=CARTESIAN_POINT('',(0.3,-18.08,8.2));
#14092=CARTESIAN_POINT('',(0.3,-18.08,8.2));
#14093=CARTESIAN_POINT('',(0.3,-17.48,8.2));
#14094=CARTESIAN_POINT('',(0.3,-17.48,8.2));
#14095=CARTESIAN_POINT('',(0.3,-18.38,8.2));
#14096=CARTESIAN_POINT('Origin',(0.6,-17.33,8.35));
#14097=CARTESIAN_POINT('',(-0.3,-17.48,8.2));
#14098=CARTESIAN_POINT('',(-0.3,-17.48,8.2));
#14099=CARTESIAN_POINT('',(0.6,-17.48,8.2));
#14100=CARTESIAN_POINT('Origin',(-0.45,-17.18,8.35));
#14101=CARTESIAN_POINT('',(-0.3,-18.08,8.2));
#14102=CARTESIAN_POINT('',(-0.3,-18.08,8.2));
#14103=CARTESIAN_POINT('',(-0.3,-17.18,8.2));
#14104=CARTESIAN_POINT('Origin',(-0.6,-18.23,8.35));
#14105=CARTESIAN_POINT('',(-0.6,-18.08,8.2));
#14106=CARTESIAN_POINT('Origin',(0.45,-15.84,8.35));
#14107=CARTESIAN_POINT('',(0.3,-15.54,8.2));
#14108=CARTESIAN_POINT('',(0.3,-15.54,8.2));
#14109=CARTESIAN_POINT('',(0.3,-14.94,8.2));
#14110=CARTESIAN_POINT('',(0.3,-14.94,8.2));
#14111=CARTESIAN_POINT('',(0.3,-15.84,8.2));
#14112=CARTESIAN_POINT('Origin',(0.6,-14.79,8.35));
#14113=CARTESIAN_POINT('',(-0.3,-14.94,8.2));
#14114=CARTESIAN_POINT('',(-0.3,-14.94,8.2));
#14115=CARTESIAN_POINT('',(0.6,-14.94,8.2));
#14116=CARTESIAN_POINT('Origin',(-0.45,-14.64,8.35));
#14117=CARTESIAN_POINT('',(-0.3,-15.54,8.2));
#14118=CARTESIAN_POINT('',(-0.3,-15.54,8.2));
#14119=CARTESIAN_POINT('',(-0.3,-14.64,8.2));
#14120=CARTESIAN_POINT('Origin',(-0.6,-15.69,8.35));
#14121=CARTESIAN_POINT('',(-0.6,-15.54,8.2));
#14122=CARTESIAN_POINT('Origin',(0.45,-13.3,8.35));
#14123=CARTESIAN_POINT('',(0.3,-13.,8.2));
#14124=CARTESIAN_POINT('',(0.3,-13.,8.2));
#14125=CARTESIAN_POINT('',(0.3,-12.4,8.2));
#14126=CARTESIAN_POINT('',(0.3,-12.4,8.2));
#14127=CARTESIAN_POINT('',(0.3,-13.3,8.2));
#14128=CARTESIAN_POINT('Origin',(0.6,-12.25,8.35));
#14129=CARTESIAN_POINT('',(-0.3,-12.4,8.2));
#14130=CARTESIAN_POINT('',(-0.3,-12.4,8.2));
#14131=CARTESIAN_POINT('',(0.6,-12.4,8.2));
#14132=CARTESIAN_POINT('Origin',(-0.45,-12.1,8.35));
#14133=CARTESIAN_POINT('',(-0.3,-13.,8.2));
#14134=CARTESIAN_POINT('',(-0.3,-13.,8.2));
#14135=CARTESIAN_POINT('',(-0.3,-12.1,8.2));
#14136=CARTESIAN_POINT('Origin',(-0.6,-13.15,8.35));
#14137=CARTESIAN_POINT('',(-0.6,-13.,8.2));
#14138=CARTESIAN_POINT('Origin',(0.45,-10.76,8.35));
#14139=CARTESIAN_POINT('',(0.3,-10.46,8.2));
#14140=CARTESIAN_POINT('',(0.3,-10.46,8.2));
#14141=CARTESIAN_POINT('',(0.3,-9.86,8.2));
#14142=CARTESIAN_POINT('',(0.3,-9.86,8.2));
#14143=CARTESIAN_POINT('',(0.3,-10.76,8.2));
#14144=CARTESIAN_POINT('Origin',(0.6,-9.71,8.35));
#14145=CARTESIAN_POINT('',(-0.3,-9.86,8.2));
#14146=CARTESIAN_POINT('',(-0.3,-9.86,8.2));
#14147=CARTESIAN_POINT('',(0.6,-9.86,8.2));
#14148=CARTESIAN_POINT('Origin',(-0.45,-9.56,8.35));
#14149=CARTESIAN_POINT('',(-0.3,-10.46,8.2));
#14150=CARTESIAN_POINT('',(-0.3,-10.46,8.2));
#14151=CARTESIAN_POINT('',(-0.3,-9.56,8.2));
#14152=CARTESIAN_POINT('Origin',(-0.6,-10.61,8.35));
#14153=CARTESIAN_POINT('',(-0.6,-10.46,8.2));
#14154=CARTESIAN_POINT('Origin',(0.45,-8.22,8.35));
#14155=CARTESIAN_POINT('',(0.3,-7.92,8.2));
#14156=CARTESIAN_POINT('',(0.3,-7.92,8.2));
#14157=CARTESIAN_POINT('',(0.3,-7.32,8.2));
#14158=CARTESIAN_POINT('',(0.3,-7.32,8.2));
#14159=CARTESIAN_POINT('',(0.3,-8.22,8.2));
#14160=CARTESIAN_POINT('Origin',(0.6,-7.17,8.35));
#14161=CARTESIAN_POINT('',(-0.3,-7.32,8.2));
#14162=CARTESIAN_POINT('',(-0.3,-7.32,8.2));
#14163=CARTESIAN_POINT('',(0.6,-7.32,8.2));
#14164=CARTESIAN_POINT('Origin',(-0.45,-7.02,8.35));
#14165=CARTESIAN_POINT('',(-0.3,-7.92,8.2));
#14166=CARTESIAN_POINT('',(-0.3,-7.92,8.2));
#14167=CARTESIAN_POINT('',(-0.3,-7.02,8.2));
#14168=CARTESIAN_POINT('Origin',(-0.6,-8.07,8.35));
#14169=CARTESIAN_POINT('',(-0.6,-7.92,8.2));
#14170=CARTESIAN_POINT('Origin',(0.45,-5.68,8.35));
#14171=CARTESIAN_POINT('',(0.3,-5.38,8.2));
#14172=CARTESIAN_POINT('',(0.3,-5.38,8.2));
#14173=CARTESIAN_POINT('',(0.3,-4.78,8.2));
#14174=CARTESIAN_POINT('',(0.3,-4.78,8.2));
#14175=CARTESIAN_POINT('',(0.3,-5.68,8.2));
#14176=CARTESIAN_POINT('Origin',(0.6,-4.63,8.35));
#14177=CARTESIAN_POINT('',(-0.3,-4.78,8.2));
#14178=CARTESIAN_POINT('',(-0.3,-4.78,8.2));
#14179=CARTESIAN_POINT('',(0.6,-4.78,8.2));
#14180=CARTESIAN_POINT('Origin',(-0.45,-4.48,8.35));
#14181=CARTESIAN_POINT('',(-0.3,-5.38,8.2));
#14182=CARTESIAN_POINT('',(-0.3,-5.38,8.2));
#14183=CARTESIAN_POINT('',(-0.3,-4.48,8.2));
#14184=CARTESIAN_POINT('Origin',(-0.6,-5.53,8.35));
#14185=CARTESIAN_POINT('',(-0.6,-5.38,8.2));
#14186=CARTESIAN_POINT('Origin',(0.45,-3.14,8.35));
#14187=CARTESIAN_POINT('',(0.3,-2.84,8.2));
#14188=CARTESIAN_POINT('',(0.3,-2.84,8.2));
#14189=CARTESIAN_POINT('',(0.3,-2.24,8.2));
#14190=CARTESIAN_POINT('',(0.3,-2.24,8.2));
#14191=CARTESIAN_POINT('',(0.3,-3.14,8.2));
#14192=CARTESIAN_POINT('Origin',(0.6,-2.09,8.35));
#14193=CARTESIAN_POINT('',(-0.3,-2.24,8.2));
#14194=CARTESIAN_POINT('',(-0.3,-2.24,8.2));
#14195=CARTESIAN_POINT('',(0.6,-2.24,8.2));
#14196=CARTESIAN_POINT('Origin',(-0.45,-1.94,8.35));
#14197=CARTESIAN_POINT('',(-0.3,-2.84,8.2));
#14198=CARTESIAN_POINT('',(-0.3,-2.84,8.2));
#14199=CARTESIAN_POINT('',(-0.3,-1.94,8.2));
#14200=CARTESIAN_POINT('Origin',(-0.6,-2.99,8.35));
#14201=CARTESIAN_POINT('',(-0.6,-2.84,8.2));
#14202=CARTESIAN_POINT('Origin',(0.45,-0.6,8.35));
#14203=CARTESIAN_POINT('',(0.3,-0.3,8.2));
#14204=CARTESIAN_POINT('',(0.3,-0.3,8.2));
#14205=CARTESIAN_POINT('',(0.3,0.3,8.2));
#14206=CARTESIAN_POINT('',(0.3,0.3,8.2));
#14207=CARTESIAN_POINT('',(0.3,-0.6,8.2));
#14208=CARTESIAN_POINT('Origin',(0.6,0.45,8.35));
#14209=CARTESIAN_POINT('',(-0.3,0.3,8.2));
#14210=CARTESIAN_POINT('',(-0.3,0.3,8.2));
#14211=CARTESIAN_POINT('',(0.6,0.3,8.2));
#14212=CARTESIAN_POINT('Origin',(-0.45,0.6,8.35));
#14213=CARTESIAN_POINT('',(-0.3,-0.3,8.2));
#14214=CARTESIAN_POINT('',(-0.3,-0.3,8.2));
#14215=CARTESIAN_POINT('',(-0.3,0.6,8.2));
#14216=CARTESIAN_POINT('Origin',(-0.6,-0.45,8.35));
#14217=CARTESIAN_POINT('',(-0.6,-0.3,8.2));
#14218=CARTESIAN_POINT('Origin',(-0.1,-18.08,0.2));
#14219=CARTESIAN_POINT('',(-0.1,-18.08,0.2));
#14220=CARTESIAN_POINT('Origin',(0.1,-17.78,3.911477598424));
#14221=CARTESIAN_POINT('',(0.1,-18.08,-2.5));
#14222=CARTESIAN_POINT('',(0.1,-18.08,-2.5));
#14223=CARTESIAN_POINT('',(0.1,-17.93,-3.1));
#14224=CARTESIAN_POINT('',(0.1,-17.93,-3.1));
#14225=CARTESIAN_POINT('',(0.1,-17.63,-3.1));
#14226=CARTESIAN_POINT('',(0.1,-17.63,-3.1));
#14227=CARTESIAN_POINT('',(0.1,-17.48,-2.5));
#14228=CARTESIAN_POINT('',(0.1,-17.48,-2.5));
#14229=CARTESIAN_POINT('',(0.1,-17.48,0.2));
#14230=CARTESIAN_POINT('Origin',(-0.1,-18.08,0.2));
#14231=CARTESIAN_POINT('',(-0.1,-17.48,0.2));
#14232=CARTESIAN_POINT('Origin',(-0.1,-17.78,3.911477598424));
#14233=CARTESIAN_POINT('',(-0.1,-18.08,-2.5));
#14234=CARTESIAN_POINT('',(-0.1,-18.08,-2.5));
#14235=CARTESIAN_POINT('',(-0.1,-17.48,-2.5));
#14236=CARTESIAN_POINT('',(-0.1,-17.48,0.2));
#14237=CARTESIAN_POINT('',(-0.1,-17.63,-3.1));
#14238=CARTESIAN_POINT('',(-0.1,-17.48,-2.5));
#14239=CARTESIAN_POINT('',(-0.1,-17.93,-3.1));
#14240=CARTESIAN_POINT('',(-0.1,-17.93,-3.1));
#14241=CARTESIAN_POINT('',(-0.1,-17.93,-3.1));
#14242=CARTESIAN_POINT('Origin',(-0.1,-15.54,0.2));
#14243=CARTESIAN_POINT('',(-0.1,-15.54,0.2));
#14244=CARTESIAN_POINT('Origin',(0.1,-15.24,3.911477598424));
#14245=CARTESIAN_POINT('',(0.1,-15.54,-2.5));
#14246=CARTESIAN_POINT('',(0.1,-15.54,-2.5));
#14247=CARTESIAN_POINT('',(0.1,-15.39,-3.1));
#14248=CARTESIAN_POINT('',(0.1,-15.39,-3.1));
#14249=CARTESIAN_POINT('',(0.1,-15.09,-3.1));
#14250=CARTESIAN_POINT('',(0.1,-15.09,-3.1));
#14251=CARTESIAN_POINT('',(0.1,-14.94,-2.5));
#14252=CARTESIAN_POINT('',(0.1,-14.94,-2.5));
#14253=CARTESIAN_POINT('',(0.1,-14.94,0.2));
#14254=CARTESIAN_POINT('Origin',(-0.1,-15.54,0.2));
#14255=CARTESIAN_POINT('',(-0.1,-14.94,0.2));
#14256=CARTESIAN_POINT('Origin',(-0.1,-15.24,3.911477598424));
#14257=CARTESIAN_POINT('',(-0.1,-15.54,-2.5));
#14258=CARTESIAN_POINT('',(-0.1,-15.54,-2.5));
#14259=CARTESIAN_POINT('',(-0.1,-14.94,-2.5));
#14260=CARTESIAN_POINT('',(-0.1,-14.94,0.2));
#14261=CARTESIAN_POINT('',(-0.1,-15.09,-3.1));
#14262=CARTESIAN_POINT('',(-0.1,-14.94,-2.5));
#14263=CARTESIAN_POINT('',(-0.1,-15.39,-3.1));
#14264=CARTESIAN_POINT('',(-0.1,-15.39,-3.1));
#14265=CARTESIAN_POINT('',(-0.1,-15.39,-3.1));
#14266=CARTESIAN_POINT('Origin',(-0.1,-13.,0.2));
#14267=CARTESIAN_POINT('',(-0.1,-13.,0.2));
#14268=CARTESIAN_POINT('Origin',(0.1,-12.7,3.911477598424));
#14269=CARTESIAN_POINT('',(0.1,-13.,-2.5));
#14270=CARTESIAN_POINT('',(0.1,-13.,-2.5));
#14271=CARTESIAN_POINT('',(0.1,-12.85,-3.1));
#14272=CARTESIAN_POINT('',(0.1,-12.85,-3.1));
#14273=CARTESIAN_POINT('',(0.1,-12.55,-3.1));
#14274=CARTESIAN_POINT('',(0.1,-12.55,-3.1));
#14275=CARTESIAN_POINT('',(0.1,-12.4,-2.5));
#14276=CARTESIAN_POINT('',(0.1,-12.4,-2.5));
#14277=CARTESIAN_POINT('',(0.1,-12.4,0.2));
#14278=CARTESIAN_POINT('Origin',(-0.1,-13.,0.2));
#14279=CARTESIAN_POINT('',(-0.1,-12.4,0.2));
#14280=CARTESIAN_POINT('Origin',(-0.1,-12.7,3.911477598424));
#14281=CARTESIAN_POINT('',(-0.1,-13.,-2.5));
#14282=CARTESIAN_POINT('',(-0.1,-13.,-2.5));
#14283=CARTESIAN_POINT('',(-0.1,-12.4,-2.5));
#14284=CARTESIAN_POINT('',(-0.1,-12.4,0.2));
#14285=CARTESIAN_POINT('',(-0.1,-12.55,-3.1));
#14286=CARTESIAN_POINT('',(-0.1,-12.4,-2.5));
#14287=CARTESIAN_POINT('',(-0.1,-12.85,-3.1));
#14288=CARTESIAN_POINT('',(-0.1,-12.85,-3.1));
#14289=CARTESIAN_POINT('',(-0.1,-12.85,-3.1));
#14290=CARTESIAN_POINT('Origin',(-0.1,-10.46,0.2));
#14291=CARTESIAN_POINT('',(-0.1,-10.46,0.2));
#14292=CARTESIAN_POINT('Origin',(0.1,-10.16,3.911477598424));
#14293=CARTESIAN_POINT('',(0.1,-10.46,-2.5));
#14294=CARTESIAN_POINT('',(0.1,-10.46,-2.5));
#14295=CARTESIAN_POINT('',(0.1,-10.31,-3.1));
#14296=CARTESIAN_POINT('',(0.1,-10.31,-3.1));
#14297=CARTESIAN_POINT('',(0.1,-10.01,-3.1));
#14298=CARTESIAN_POINT('',(0.1,-10.01,-3.1));
#14299=CARTESIAN_POINT('',(0.1,-9.86,-2.5));
#14300=CARTESIAN_POINT('',(0.1,-9.86,-2.5));
#14301=CARTESIAN_POINT('',(0.1,-9.86,0.2));
#14302=CARTESIAN_POINT('Origin',(-0.1,-10.46,0.2));
#14303=CARTESIAN_POINT('',(-0.1,-9.86,0.2));
#14304=CARTESIAN_POINT('Origin',(-0.1,-10.16,3.911477598424));
#14305=CARTESIAN_POINT('',(-0.1,-10.46,-2.5));
#14306=CARTESIAN_POINT('',(-0.1,-10.46,-2.5));
#14307=CARTESIAN_POINT('',(-0.1,-9.86,-2.5));
#14308=CARTESIAN_POINT('',(-0.1,-9.86,0.2));
#14309=CARTESIAN_POINT('',(-0.1,-10.01,-3.1));
#14310=CARTESIAN_POINT('',(-0.1,-9.86,-2.5));
#14311=CARTESIAN_POINT('',(-0.1,-10.31,-3.1));
#14312=CARTESIAN_POINT('',(-0.1,-10.31,-3.1));
#14313=CARTESIAN_POINT('',(-0.1,-10.31,-3.1));
#14314=CARTESIAN_POINT('Origin',(-0.1,-7.92,0.2));
#14315=CARTESIAN_POINT('',(-0.1,-7.92,0.2));
#14316=CARTESIAN_POINT('Origin',(0.1,-7.62,3.911477598424));
#14317=CARTESIAN_POINT('',(0.1,-7.92,-2.5));
#14318=CARTESIAN_POINT('',(0.1,-7.92,-2.5));
#14319=CARTESIAN_POINT('',(0.1,-7.77,-3.1));
#14320=CARTESIAN_POINT('',(0.1,-7.77,-3.1));
#14321=CARTESIAN_POINT('',(0.1,-7.47,-3.1));
#14322=CARTESIAN_POINT('',(0.1,-7.47,-3.1));
#14323=CARTESIAN_POINT('',(0.1,-7.32,-2.5));
#14324=CARTESIAN_POINT('',(0.1,-7.32,-2.5));
#14325=CARTESIAN_POINT('',(0.1,-7.32,0.2));
#14326=CARTESIAN_POINT('Origin',(-0.1,-7.92,0.2));
#14327=CARTESIAN_POINT('',(-0.1,-7.32,0.2));
#14328=CARTESIAN_POINT('Origin',(-0.1,-7.62,3.911477598424));
#14329=CARTESIAN_POINT('',(-0.1,-7.92,-2.5));
#14330=CARTESIAN_POINT('',(-0.1,-7.92,-2.5));
#14331=CARTESIAN_POINT('',(-0.1,-7.32,-2.5));
#14332=CARTESIAN_POINT('',(-0.1,-7.32,0.2));
#14333=CARTESIAN_POINT('',(-0.1,-7.47,-3.1));
#14334=CARTESIAN_POINT('',(-0.1,-7.32,-2.5));
#14335=CARTESIAN_POINT('',(-0.1,-7.77,-3.1));
#14336=CARTESIAN_POINT('',(-0.1,-7.77,-3.1));
#14337=CARTESIAN_POINT('',(-0.1,-7.77,-3.1));
#14338=CARTESIAN_POINT('Origin',(-0.1,-5.38,0.2));
#14339=CARTESIAN_POINT('',(-0.1,-5.38,0.2));
#14340=CARTESIAN_POINT('Origin',(0.1,-5.08,3.911477598424));
#14341=CARTESIAN_POINT('',(0.1,-5.38,-2.5));
#14342=CARTESIAN_POINT('',(0.1,-5.38,-2.5));
#14343=CARTESIAN_POINT('',(0.1,-5.23,-3.1));
#14344=CARTESIAN_POINT('',(0.1,-5.23,-3.1));
#14345=CARTESIAN_POINT('',(0.1,-4.93,-3.1));
#14346=CARTESIAN_POINT('',(0.1,-4.93,-3.1));
#14347=CARTESIAN_POINT('',(0.1,-4.78,-2.5));
#14348=CARTESIAN_POINT('',(0.1,-4.78,-2.5));
#14349=CARTESIAN_POINT('',(0.1,-4.78,0.2));
#14350=CARTESIAN_POINT('Origin',(-0.1,-5.38,0.2));
#14351=CARTESIAN_POINT('',(-0.1,-4.78,0.2));
#14352=CARTESIAN_POINT('Origin',(-0.1,-5.08,3.911477598424));
#14353=CARTESIAN_POINT('',(-0.1,-5.38,-2.5));
#14354=CARTESIAN_POINT('',(-0.1,-5.38,-2.5));
#14355=CARTESIAN_POINT('',(-0.1,-4.78,-2.5));
#14356=CARTESIAN_POINT('',(-0.1,-4.78,0.2));
#14357=CARTESIAN_POINT('',(-0.1,-4.93,-3.1));
#14358=CARTESIAN_POINT('',(-0.1,-4.78,-2.5));
#14359=CARTESIAN_POINT('',(-0.1,-5.23,-3.1));
#14360=CARTESIAN_POINT('',(-0.1,-5.23,-3.1));
#14361=CARTESIAN_POINT('',(-0.1,-5.23,-3.1));
#14362=CARTESIAN_POINT('Origin',(-0.1,-2.84,0.2));
#14363=CARTESIAN_POINT('',(-0.1,-2.84,0.2));
#14364=CARTESIAN_POINT('Origin',(0.1,-2.54,3.911477598424));
#14365=CARTESIAN_POINT('',(0.1,-2.84,-2.5));
#14366=CARTESIAN_POINT('',(0.1,-2.84,-2.5));
#14367=CARTESIAN_POINT('',(0.1,-2.69,-3.1));
#14368=CARTESIAN_POINT('',(0.1,-2.69,-3.1));
#14369=CARTESIAN_POINT('',(0.1,-2.39,-3.1));
#14370=CARTESIAN_POINT('',(0.1,-2.39,-3.1));
#14371=CARTESIAN_POINT('',(0.1,-2.24,-2.5));
#14372=CARTESIAN_POINT('',(0.1,-2.24,-2.5));
#14373=CARTESIAN_POINT('',(0.1,-2.24,0.2));
#14374=CARTESIAN_POINT('Origin',(-0.1,-2.84,0.2));
#14375=CARTESIAN_POINT('',(-0.1,-2.24,0.2));
#14376=CARTESIAN_POINT('Origin',(-0.1,-2.54,3.911477598424));
#14377=CARTESIAN_POINT('',(-0.1,-2.84,-2.5));
#14378=CARTESIAN_POINT('',(-0.1,-2.84,-2.5));
#14379=CARTESIAN_POINT('',(-0.1,-2.24,-2.5));
#14380=CARTESIAN_POINT('',(-0.1,-2.24,0.2));
#14381=CARTESIAN_POINT('',(-0.1,-2.39,-3.1));
#14382=CARTESIAN_POINT('',(-0.1,-2.24,-2.5));
#14383=CARTESIAN_POINT('',(-0.1,-2.69,-3.1));
#14384=CARTESIAN_POINT('',(-0.1,-2.69,-3.1));
#14385=CARTESIAN_POINT('',(-0.1,-2.69,-3.1));
#14386=CARTESIAN_POINT('Origin',(-0.1,-0.3,0.2));
#14387=CARTESIAN_POINT('',(-0.1,-0.3,0.2));
#14388=CARTESIAN_POINT('Origin',(0.1,-1.110223024625E-17,3.911477598424));
#14389=CARTESIAN_POINT('',(0.1,-0.3,-2.5));
#14390=CARTESIAN_POINT('',(0.1,-0.3,-2.5));
#14391=CARTESIAN_POINT('',(0.1,-0.15,-3.1));
#14392=CARTESIAN_POINT('',(0.1,-0.15,-3.1));
#14393=CARTESIAN_POINT('',(0.1,0.15,-3.1));
#14394=CARTESIAN_POINT('',(0.1,0.15,-3.1));
#14395=CARTESIAN_POINT('',(0.1,0.3,-2.5));
#14396=CARTESIAN_POINT('',(0.1,0.3,-2.5));
#14397=CARTESIAN_POINT('',(0.1,0.3,0.2));
#14398=CARTESIAN_POINT('Origin',(-0.1,-0.3,0.2));
#14399=CARTESIAN_POINT('',(-0.1,0.3,0.2));
#14400=CARTESIAN_POINT('Origin',(-0.1,1.110223024625E-17,3.911477598424));
#14401=CARTESIAN_POINT('',(-0.1,-0.3,-2.5));
#14402=CARTESIAN_POINT('',(-0.1,-0.3,-2.5));
#14403=CARTESIAN_POINT('',(-0.1,0.3,-2.5));
#14404=CARTESIAN_POINT('',(-0.1,0.3,0.2));
#14405=CARTESIAN_POINT('',(-0.1,0.15,-3.1));
#14406=CARTESIAN_POINT('',(-0.1,0.3,-2.5));
#14407=CARTESIAN_POINT('',(-0.1,-0.15,-3.1));
#14408=CARTESIAN_POINT('',(-0.1,-0.15,-3.1));
#14409=CARTESIAN_POINT('',(-0.1,-0.15,-3.1));
#14410=CARTESIAN_POINT('Origin',(0.3,-18.08,8.2));
#14411=CARTESIAN_POINT('',(0.3,-18.08,0.9));
#14412=CARTESIAN_POINT('',(0.3,-18.08,8.2));
#14413=CARTESIAN_POINT('',(0.3,-17.48,0.9));
#14414=CARTESIAN_POINT('',(0.3,-17.48,8.2));
#14415=CARTESIAN_POINT('',(0.3,-18.08,0.9));
#14416=CARTESIAN_POINT('Origin',(0.3,-17.48,8.2));
#14417=CARTESIAN_POINT('',(-0.3,-17.48,0.9));
#14418=CARTESIAN_POINT('',(-0.3,-17.48,8.2));
#14419=CARTESIAN_POINT('',(-0.1,-17.48,0.9));
#14420=CARTESIAN_POINT('',(0.3,-17.48,0.9));
#14421=CARTESIAN_POINT('',(-0.1,-17.48,7.4));
#14422=CARTESIAN_POINT('',(-0.1,-17.48,6.055738799212));
#14423=CARTESIAN_POINT('',(0.1,-17.48,7.4));
#14424=CARTESIAN_POINT('',(-0.1,-17.48,7.4));
#14425=CARTESIAN_POINT('',(0.1,-17.48,0.9));
#14426=CARTESIAN_POINT('',(0.1,-17.48,6.055738799212));
#14427=CARTESIAN_POINT('',(0.3,-17.48,0.9));
#14428=CARTESIAN_POINT('Origin',(-0.3,-17.48,8.2));
#14429=CARTESIAN_POINT('',(-0.3,-18.08,0.9));
#14430=CARTESIAN_POINT('',(-0.3,-18.08,8.2));
#14431=CARTESIAN_POINT('',(-0.3,-17.48,0.9));
#14432=CARTESIAN_POINT('Origin',(-0.3,-18.08,8.2));
#14433=CARTESIAN_POINT('',(0.1,-18.08,0.9));
#14434=CARTESIAN_POINT('',(-0.3,-18.08,0.9));
#14435=CARTESIAN_POINT('',(0.1,-18.08,7.4));
#14436=CARTESIAN_POINT('',(0.1,-18.08,6.055738799212));
#14437=CARTESIAN_POINT('',(-0.1,-18.08,7.4));
#14438=CARTESIAN_POINT('',(-0.1,-18.08,7.4));
#14439=CARTESIAN_POINT('',(-0.1,-18.08,0.9));
#14440=CARTESIAN_POINT('',(-0.1,-18.08,6.055738799212));
#14441=CARTESIAN_POINT('',(-0.3,-18.08,0.9));
#14442=CARTESIAN_POINT('Origin',(0.3,-15.54,8.2));
#14443=CARTESIAN_POINT('',(0.3,-15.54,0.9));
#14444=CARTESIAN_POINT('',(0.3,-15.54,8.2));
#14445=CARTESIAN_POINT('',(0.3,-14.94,0.9));
#14446=CARTESIAN_POINT('',(0.3,-14.94,8.2));
#14447=CARTESIAN_POINT('',(0.3,-15.54,0.9));
#14448=CARTESIAN_POINT('Origin',(0.3,-14.94,8.2));
#14449=CARTESIAN_POINT('',(-0.3,-14.94,0.9));
#14450=CARTESIAN_POINT('',(-0.3,-14.94,8.2));
#14451=CARTESIAN_POINT('',(-0.1,-14.94,0.9));
#14452=CARTESIAN_POINT('',(0.3,-14.94,0.9));
#14453=CARTESIAN_POINT('',(-0.1,-14.94,7.4));
#14454=CARTESIAN_POINT('',(-0.1,-14.94,6.055738799212));
#14455=CARTESIAN_POINT('',(0.1,-14.94,7.4));
#14456=CARTESIAN_POINT('',(-0.1,-14.94,7.4));
#14457=CARTESIAN_POINT('',(0.1,-14.94,0.9));
#14458=CARTESIAN_POINT('',(0.1,-14.94,6.055738799212));
#14459=CARTESIAN_POINT('',(0.3,-14.94,0.9));
#14460=CARTESIAN_POINT('Origin',(-0.3,-14.94,8.2));
#14461=CARTESIAN_POINT('',(-0.3,-15.54,0.9));
#14462=CARTESIAN_POINT('',(-0.3,-15.54,8.2));
#14463=CARTESIAN_POINT('',(-0.3,-14.94,0.9));
#14464=CARTESIAN_POINT('Origin',(-0.3,-15.54,8.2));
#14465=CARTESIAN_POINT('',(0.1,-15.54,0.9));
#14466=CARTESIAN_POINT('',(-0.3,-15.54,0.9));
#14467=CARTESIAN_POINT('',(0.1,-15.54,7.4));
#14468=CARTESIAN_POINT('',(0.1,-15.54,6.055738799212));
#14469=CARTESIAN_POINT('',(-0.1,-15.54,7.4));
#14470=CARTESIAN_POINT('',(-0.1,-15.54,7.4));
#14471=CARTESIAN_POINT('',(-0.1,-15.54,0.9));
#14472=CARTESIAN_POINT('',(-0.1,-15.54,6.055738799212));
#14473=CARTESIAN_POINT('',(-0.3,-15.54,0.9));
#14474=CARTESIAN_POINT('Origin',(0.3,-13.,8.2));
#14475=CARTESIAN_POINT('',(0.3,-13.,0.9));
#14476=CARTESIAN_POINT('',(0.3,-13.,8.2));
#14477=CARTESIAN_POINT('',(0.3,-12.4,0.9));
#14478=CARTESIAN_POINT('',(0.3,-12.4,8.2));
#14479=CARTESIAN_POINT('',(0.3,-13.,0.9));
#14480=CARTESIAN_POINT('Origin',(0.3,-12.4,8.2));
#14481=CARTESIAN_POINT('',(-0.3,-12.4,0.9));
#14482=CARTESIAN_POINT('',(-0.3,-12.4,8.2));
#14483=CARTESIAN_POINT('',(-0.1,-12.4,0.9));
#14484=CARTESIAN_POINT('',(0.3,-12.4,0.9));
#14485=CARTESIAN_POINT('',(-0.1,-12.4,7.4));
#14486=CARTESIAN_POINT('',(-0.1,-12.4,6.055738799212));
#14487=CARTESIAN_POINT('',(0.1,-12.4,7.4));
#14488=CARTESIAN_POINT('',(-0.1,-12.4,7.4));
#14489=CARTESIAN_POINT('',(0.1,-12.4,0.9));
#14490=CARTESIAN_POINT('',(0.1,-12.4,6.055738799212));
#14491=CARTESIAN_POINT('',(0.3,-12.4,0.9));
#14492=CARTESIAN_POINT('Origin',(-0.3,-12.4,8.2));
#14493=CARTESIAN_POINT('',(-0.3,-13.,0.9));
#14494=CARTESIAN_POINT('',(-0.3,-13.,8.2));
#14495=CARTESIAN_POINT('',(-0.3,-12.4,0.9));
#14496=CARTESIAN_POINT('Origin',(-0.3,-13.,8.2));
#14497=CARTESIAN_POINT('',(0.1,-13.,0.9));
#14498=CARTESIAN_POINT('',(-0.3,-13.,0.9));
#14499=CARTESIAN_POINT('',(0.1,-13.,7.4));
#14500=CARTESIAN_POINT('',(0.1,-13.,6.055738799212));
#14501=CARTESIAN_POINT('',(-0.1,-13.,7.4));
#14502=CARTESIAN_POINT('',(-0.1,-13.,7.4));
#14503=CARTESIAN_POINT('',(-0.1,-13.,0.9));
#14504=CARTESIAN_POINT('',(-0.1,-13.,6.055738799212));
#14505=CARTESIAN_POINT('',(-0.3,-13.,0.9));
#14506=CARTESIAN_POINT('Origin',(0.3,-10.46,8.2));
#14507=CARTESIAN_POINT('',(0.3,-10.46,0.9));
#14508=CARTESIAN_POINT('',(0.3,-10.46,8.2));
#14509=CARTESIAN_POINT('',(0.3,-9.86,0.9));
#14510=CARTESIAN_POINT('',(0.3,-9.86,8.2));
#14511=CARTESIAN_POINT('',(0.3,-10.46,0.9));
#14512=CARTESIAN_POINT('Origin',(0.3,-9.86,8.2));
#14513=CARTESIAN_POINT('',(-0.3,-9.86,0.9));
#14514=CARTESIAN_POINT('',(-0.3,-9.86,8.2));
#14515=CARTESIAN_POINT('',(-0.1,-9.86,0.9));
#14516=CARTESIAN_POINT('',(0.3,-9.86,0.9));
#14517=CARTESIAN_POINT('',(-0.1,-9.86,7.4));
#14518=CARTESIAN_POINT('',(-0.1,-9.86,6.055738799212));
#14519=CARTESIAN_POINT('',(0.1,-9.86,7.4));
#14520=CARTESIAN_POINT('',(-0.1,-9.86,7.4));
#14521=CARTESIAN_POINT('',(0.1,-9.86,0.9));
#14522=CARTESIAN_POINT('',(0.1,-9.86,6.055738799212));
#14523=CARTESIAN_POINT('',(0.3,-9.86,0.9));
#14524=CARTESIAN_POINT('Origin',(-0.3,-9.86,8.2));
#14525=CARTESIAN_POINT('',(-0.3,-10.46,0.9));
#14526=CARTESIAN_POINT('',(-0.3,-10.46,8.2));
#14527=CARTESIAN_POINT('',(-0.3,-9.86,0.9));
#14528=CARTESIAN_POINT('Origin',(-0.3,-10.46,8.2));
#14529=CARTESIAN_POINT('',(0.1,-10.46,0.9));
#14530=CARTESIAN_POINT('',(-0.3,-10.46,0.9));
#14531=CARTESIAN_POINT('',(0.1,-10.46,7.4));
#14532=CARTESIAN_POINT('',(0.1,-10.46,6.055738799212));
#14533=CARTESIAN_POINT('',(-0.1,-10.46,7.4));
#14534=CARTESIAN_POINT('',(-0.1,-10.46,7.4));
#14535=CARTESIAN_POINT('',(-0.1,-10.46,0.9));
#14536=CARTESIAN_POINT('',(-0.1,-10.46,6.055738799212));
#14537=CARTESIAN_POINT('',(-0.3,-10.46,0.9));
#14538=CARTESIAN_POINT('Origin',(0.3,-7.92,8.2));
#14539=CARTESIAN_POINT('',(0.3,-7.92,0.9));
#14540=CARTESIAN_POINT('',(0.3,-7.92,8.2));
#14541=CARTESIAN_POINT('',(0.3,-7.32,0.9));
#14542=CARTESIAN_POINT('',(0.3,-7.32,8.2));
#14543=CARTESIAN_POINT('',(0.3,-7.92,0.9));
#14544=CARTESIAN_POINT('Origin',(0.3,-7.32,8.2));
#14545=CARTESIAN_POINT('',(-0.3,-7.32,0.9));
#14546=CARTESIAN_POINT('',(-0.3,-7.32,8.2));
#14547=CARTESIAN_POINT('',(-0.1,-7.32,0.9));
#14548=CARTESIAN_POINT('',(0.3,-7.32,0.9));
#14549=CARTESIAN_POINT('',(-0.1,-7.32,7.4));
#14550=CARTESIAN_POINT('',(-0.1,-7.32,6.055738799212));
#14551=CARTESIAN_POINT('',(0.1,-7.32,7.4));
#14552=CARTESIAN_POINT('',(-0.1,-7.32,7.4));
#14553=CARTESIAN_POINT('',(0.1,-7.32,0.9));
#14554=CARTESIAN_POINT('',(0.1,-7.32,6.055738799212));
#14555=CARTESIAN_POINT('',(0.3,-7.32,0.9));
#14556=CARTESIAN_POINT('Origin',(-0.3,-7.32,8.2));
#14557=CARTESIAN_POINT('',(-0.3,-7.92,0.9));
#14558=CARTESIAN_POINT('',(-0.3,-7.92,8.2));
#14559=CARTESIAN_POINT('',(-0.3,-7.32,0.9));
#14560=CARTESIAN_POINT('Origin',(-0.3,-7.92,8.2));
#14561=CARTESIAN_POINT('',(0.1,-7.92,0.9));
#14562=CARTESIAN_POINT('',(-0.3,-7.92,0.9));
#14563=CARTESIAN_POINT('',(0.1,-7.92,7.4));
#14564=CARTESIAN_POINT('',(0.1,-7.92,6.055738799212));
#14565=CARTESIAN_POINT('',(-0.1,-7.92,7.4));
#14566=CARTESIAN_POINT('',(-0.1,-7.92,7.4));
#14567=CARTESIAN_POINT('',(-0.1,-7.92,0.9));
#14568=CARTESIAN_POINT('',(-0.1,-7.92,6.055738799212));
#14569=CARTESIAN_POINT('',(-0.3,-7.92,0.9));
#14570=CARTESIAN_POINT('Origin',(0.3,-5.38,8.2));
#14571=CARTESIAN_POINT('',(0.3,-5.38,0.9));
#14572=CARTESIAN_POINT('',(0.3,-5.38,8.2));
#14573=CARTESIAN_POINT('',(0.3,-4.78,0.9));
#14574=CARTESIAN_POINT('',(0.3,-4.78,8.2));
#14575=CARTESIAN_POINT('',(0.3,-5.38,0.9));
#14576=CARTESIAN_POINT('Origin',(0.3,-4.78,8.2));
#14577=CARTESIAN_POINT('',(-0.3,-4.78,0.9));
#14578=CARTESIAN_POINT('',(-0.3,-4.78,8.2));
#14579=CARTESIAN_POINT('',(-0.1,-4.78,0.9));
#14580=CARTESIAN_POINT('',(0.3,-4.78,0.9));
#14581=CARTESIAN_POINT('',(-0.1,-4.78,7.4));
#14582=CARTESIAN_POINT('',(-0.1,-4.78,6.055738799212));
#14583=CARTESIAN_POINT('',(0.1,-4.78,7.4));
#14584=CARTESIAN_POINT('',(-0.1,-4.78,7.4));
#14585=CARTESIAN_POINT('',(0.1,-4.78,0.9));
#14586=CARTESIAN_POINT('',(0.1,-4.78,6.055738799212));
#14587=CARTESIAN_POINT('',(0.3,-4.78,0.9));
#14588=CARTESIAN_POINT('Origin',(-0.3,-4.78,8.2));
#14589=CARTESIAN_POINT('',(-0.3,-5.38,0.9));
#14590=CARTESIAN_POINT('',(-0.3,-5.38,8.2));
#14591=CARTESIAN_POINT('',(-0.3,-4.78,0.9));
#14592=CARTESIAN_POINT('Origin',(-0.3,-5.38,8.2));
#14593=CARTESIAN_POINT('',(0.1,-5.38,0.9));
#14594=CARTESIAN_POINT('',(-0.3,-5.38,0.9));
#14595=CARTESIAN_POINT('',(0.1,-5.38,7.4));
#14596=CARTESIAN_POINT('',(0.1,-5.38,6.055738799212));
#14597=CARTESIAN_POINT('',(-0.1,-5.38,7.4));
#14598=CARTESIAN_POINT('',(-0.1,-5.38,7.4));
#14599=CARTESIAN_POINT('',(-0.1,-5.38,0.9));
#14600=CARTESIAN_POINT('',(-0.1,-5.38,6.055738799212));
#14601=CARTESIAN_POINT('',(-0.3,-5.38,0.9));
#14602=CARTESIAN_POINT('Origin',(0.3,-2.84,8.2));
#14603=CARTESIAN_POINT('',(0.3,-2.84,0.9));
#14604=CARTESIAN_POINT('',(0.3,-2.84,8.2));
#14605=CARTESIAN_POINT('',(0.3,-2.24,0.9));
#14606=CARTESIAN_POINT('',(0.3,-2.24,8.2));
#14607=CARTESIAN_POINT('',(0.3,-2.84,0.9));
#14608=CARTESIAN_POINT('Origin',(0.3,-2.24,8.2));
#14609=CARTESIAN_POINT('',(-0.3,-2.24,0.9));
#14610=CARTESIAN_POINT('',(-0.3,-2.24,8.2));
#14611=CARTESIAN_POINT('',(-0.1,-2.24,0.9));
#14612=CARTESIAN_POINT('',(0.3,-2.24,0.9));
#14613=CARTESIAN_POINT('',(-0.1,-2.24,7.4));
#14614=CARTESIAN_POINT('',(-0.1,-2.24,6.055738799212));
#14615=CARTESIAN_POINT('',(0.1,-2.24,7.4));
#14616=CARTESIAN_POINT('',(-0.1,-2.24,7.4));
#14617=CARTESIAN_POINT('',(0.1,-2.24,0.9));
#14618=CARTESIAN_POINT('',(0.1,-2.24,6.055738799212));
#14619=CARTESIAN_POINT('',(0.3,-2.24,0.9));
#14620=CARTESIAN_POINT('Origin',(-0.3,-2.24,8.2));
#14621=CARTESIAN_POINT('',(-0.3,-2.84,0.9));
#14622=CARTESIAN_POINT('',(-0.3,-2.84,8.2));
#14623=CARTESIAN_POINT('',(-0.3,-2.24,0.9));
#14624=CARTESIAN_POINT('Origin',(-0.3,-2.84,8.2));
#14625=CARTESIAN_POINT('',(0.1,-2.84,0.9));
#14626=CARTESIAN_POINT('',(-0.3,-2.84,0.9));
#14627=CARTESIAN_POINT('',(0.1,-2.84,7.4));
#14628=CARTESIAN_POINT('',(0.1,-2.84,6.055738799212));
#14629=CARTESIAN_POINT('',(-0.1,-2.84,7.4));
#14630=CARTESIAN_POINT('',(-0.1,-2.84,7.4));
#14631=CARTESIAN_POINT('',(-0.1,-2.84,0.9));
#14632=CARTESIAN_POINT('',(-0.1,-2.84,6.055738799212));
#14633=CARTESIAN_POINT('',(-0.3,-2.84,0.9));
#14634=CARTESIAN_POINT('Origin',(0.3,-0.3,8.2));
#14635=CARTESIAN_POINT('',(0.3,-0.3,0.9));
#14636=CARTESIAN_POINT('',(0.3,-0.3,8.2));
#14637=CARTESIAN_POINT('',(0.3,0.3,0.9));
#14638=CARTESIAN_POINT('',(0.3,0.3,8.2));
#14639=CARTESIAN_POINT('',(0.3,-0.3,0.9));
#14640=CARTESIAN_POINT('Origin',(0.3,0.3,8.2));
#14641=CARTESIAN_POINT('',(-0.3,0.3,0.9));
#14642=CARTESIAN_POINT('',(-0.3,0.3,8.2));
#14643=CARTESIAN_POINT('',(-0.1,0.3,0.9));
#14644=CARTESIAN_POINT('',(0.3,0.3,0.9));
#14645=CARTESIAN_POINT('',(-0.1,0.3,7.4));
#14646=CARTESIAN_POINT('',(-0.1,0.3,6.055738799212));
#14647=CARTESIAN_POINT('',(0.1,0.3,7.4));
#14648=CARTESIAN_POINT('',(-0.1,0.3,7.4));
#14649=CARTESIAN_POINT('',(0.1,0.3,0.9));
#14650=CARTESIAN_POINT('',(0.1,0.3,6.055738799212));
#14651=CARTESIAN_POINT('',(0.3,0.3,0.9));
#14652=CARTESIAN_POINT('Origin',(-0.3,0.3,8.2));
#14653=CARTESIAN_POINT('',(-0.3,-0.3,0.9));
#14654=CARTESIAN_POINT('',(-0.3,-0.3,8.2));
#14655=CARTESIAN_POINT('',(-0.3,0.3,0.9));
#14656=CARTESIAN_POINT('Origin',(-0.3,-0.3,8.2));
#14657=CARTESIAN_POINT('',(0.1,-0.3,0.9));
#14658=CARTESIAN_POINT('',(-0.3,-0.3,0.9));
#14659=CARTESIAN_POINT('',(0.1,-0.3,7.4));
#14660=CARTESIAN_POINT('',(0.1,-0.3,6.055738799212));
#14661=CARTESIAN_POINT('',(-0.1,-0.3,7.4));
#14662=CARTESIAN_POINT('',(-0.1,-0.3,7.4));
#14663=CARTESIAN_POINT('',(-0.1,-0.3,0.9));
#14664=CARTESIAN_POINT('',(-0.1,-0.3,6.055738799212));
#14665=CARTESIAN_POINT('',(-0.3,-0.3,0.9));
#14666=CARTESIAN_POINT('Origin',(-0.1,-18.08,-2.5));
#14667=CARTESIAN_POINT('',(-0.1,-18.08,-2.5));
#14668=CARTESIAN_POINT('Origin',(-0.1,-17.93,-3.1));
#14669=CARTESIAN_POINT('',(-0.1,-17.93,-3.1));
#14670=CARTESIAN_POINT('Origin',(-0.1,-17.63,-3.1));
#14671=CARTESIAN_POINT('',(-0.1,-17.63,-3.1));
#14672=CARTESIAN_POINT('Origin',(-0.1,-17.48,-2.5));
#14673=CARTESIAN_POINT('',(-0.1,-17.48,-2.5));
#14674=CARTESIAN_POINT('Origin',(-0.1,-17.48,0.2));
#14675=CARTESIAN_POINT('Origin',(-0.1,-15.54,-2.5));
#14676=CARTESIAN_POINT('',(-0.1,-15.54,-2.5));
#14677=CARTESIAN_POINT('Origin',(-0.1,-15.39,-3.1));
#14678=CARTESIAN_POINT('',(-0.1,-15.39,-3.1));
#14679=CARTESIAN_POINT('Origin',(-0.1,-15.09,-3.1));
#14680=CARTESIAN_POINT('',(-0.1,-15.09,-3.1));
#14681=CARTESIAN_POINT('Origin',(-0.1,-14.94,-2.5));
#14682=CARTESIAN_POINT('',(-0.1,-14.94,-2.5));
#14683=CARTESIAN_POINT('Origin',(-0.1,-14.94,0.2));
#14684=CARTESIAN_POINT('Origin',(-0.1,-13.,-2.5));
#14685=CARTESIAN_POINT('',(-0.1,-13.,-2.5));
#14686=CARTESIAN_POINT('Origin',(-0.1,-12.85,-3.1));
#14687=CARTESIAN_POINT('',(-0.1,-12.85,-3.1));
#14688=CARTESIAN_POINT('Origin',(-0.1,-12.55,-3.1));
#14689=CARTESIAN_POINT('',(-0.1,-12.55,-3.1));
#14690=CARTESIAN_POINT('Origin',(-0.1,-12.4,-2.5));
#14691=CARTESIAN_POINT('',(-0.1,-12.4,-2.5));
#14692=CARTESIAN_POINT('Origin',(-0.1,-12.4,0.2));
#14693=CARTESIAN_POINT('Origin',(-0.1,-10.46,-2.5));
#14694=CARTESIAN_POINT('',(-0.1,-10.46,-2.5));
#14695=CARTESIAN_POINT('Origin',(-0.1,-10.31,-3.1));
#14696=CARTESIAN_POINT('',(-0.1,-10.31,-3.1));
#14697=CARTESIAN_POINT('Origin',(-0.1,-10.01,-3.1));
#14698=CARTESIAN_POINT('',(-0.1,-10.01,-3.1));
#14699=CARTESIAN_POINT('Origin',(-0.1,-9.86,-2.5));
#14700=CARTESIAN_POINT('',(-0.1,-9.86,-2.5));
#14701=CARTESIAN_POINT('Origin',(-0.1,-9.86,0.2));
#14702=CARTESIAN_POINT('Origin',(-0.1,-7.92,-2.5));
#14703=CARTESIAN_POINT('',(-0.1,-7.92,-2.5));
#14704=CARTESIAN_POINT('Origin',(-0.1,-7.77,-3.1));
#14705=CARTESIAN_POINT('',(-0.1,-7.77,-3.1));
#14706=CARTESIAN_POINT('Origin',(-0.1,-7.47,-3.1));
#14707=CARTESIAN_POINT('',(-0.1,-7.47,-3.1));
#14708=CARTESIAN_POINT('Origin',(-0.1,-7.32,-2.5));
#14709=CARTESIAN_POINT('',(-0.1,-7.32,-2.5));
#14710=CARTESIAN_POINT('Origin',(-0.1,-7.32,0.2));
#14711=CARTESIAN_POINT('Origin',(-0.1,-5.38,-2.5));
#14712=CARTESIAN_POINT('',(-0.1,-5.38,-2.5));
#14713=CARTESIAN_POINT('Origin',(-0.1,-5.23,-3.1));
#14714=CARTESIAN_POINT('',(-0.1,-5.23,-3.1));
#14715=CARTESIAN_POINT('Origin',(-0.1,-4.93,-3.1));
#14716=CARTESIAN_POINT('',(-0.1,-4.93,-3.1));
#14717=CARTESIAN_POINT('Origin',(-0.1,-4.78,-2.5));
#14718=CARTESIAN_POINT('',(-0.1,-4.78,-2.5));
#14719=CARTESIAN_POINT('Origin',(-0.1,-4.78,0.2));
#14720=CARTESIAN_POINT('Origin',(-0.1,-2.84,-2.5));
#14721=CARTESIAN_POINT('',(-0.1,-2.84,-2.5));
#14722=CARTESIAN_POINT('Origin',(-0.1,-2.69,-3.1));
#14723=CARTESIAN_POINT('',(-0.1,-2.69,-3.1));
#14724=CARTESIAN_POINT('Origin',(-0.1,-2.39,-3.1));
#14725=CARTESIAN_POINT('',(-0.1,-2.39,-3.1));
#14726=CARTESIAN_POINT('Origin',(-0.1,-2.24,-2.5));
#14727=CARTESIAN_POINT('',(-0.1,-2.24,-2.5));
#14728=CARTESIAN_POINT('Origin',(-0.1,-2.24,0.2));
#14729=CARTESIAN_POINT('Origin',(-0.1,-0.3,-2.5));
#14730=CARTESIAN_POINT('',(-0.1,-0.3,-2.5));
#14731=CARTESIAN_POINT('Origin',(-0.1,-0.15,-3.1));
#14732=CARTESIAN_POINT('',(-0.1,-0.15,-3.1));
#14733=CARTESIAN_POINT('Origin',(-0.1,0.15,-3.1));
#14734=CARTESIAN_POINT('',(-0.1,0.15,-3.1));
#14735=CARTESIAN_POINT('Origin',(-0.1,0.3,-2.5));
#14736=CARTESIAN_POINT('',(-0.1,0.3,-2.5));
#14737=CARTESIAN_POINT('Origin',(-0.1,0.3,0.2));
#14738=CARTESIAN_POINT('Origin',(-2.067651605486E-15,-17.78,0.9));
#14739=CARTESIAN_POINT('',(0.1,-17.78,0.9));
#14740=CARTESIAN_POINT('Origin',(-2.067651605486E-15,-17.78,0.9));
#14741=CARTESIAN_POINT('',(-0.1,-17.78,0.9));
#14742=CARTESIAN_POINT('Origin',(-0.1,-17.78,3.911477598424));
#14743=CARTESIAN_POINT('',(-0.1,-18.03,7.35));
#14744=CARTESIAN_POINT('',(-0.1,-18.08,7.4));
#14745=CARTESIAN_POINT('',(-0.1,-18.03,1.25));
#14746=CARTESIAN_POINT('',(-0.1,-18.03,7.35));
#14747=CARTESIAN_POINT('',(-0.1,-17.53,1.25));
#14748=CARTESIAN_POINT('',(-0.1,-18.03,1.25));
#14749=CARTESIAN_POINT('',(-0.1,-17.53,7.35));
#14750=CARTESIAN_POINT('',(-0.1,-17.53,1.25));
#14751=CARTESIAN_POINT('',(-0.1,-17.53,7.35));
#14752=CARTESIAN_POINT('Origin',(-0.1,-17.53,7.35));
#14753=CARTESIAN_POINT('',(0.1,-17.53,7.35));
#14754=CARTESIAN_POINT('',(-0.1,-17.53,7.35));
#14755=CARTESIAN_POINT('',(0.1,-17.53,7.35));
#14756=CARTESIAN_POINT('Origin',(0.1,-17.78,3.911477598424));
#14757=CARTESIAN_POINT('',(0.1,-17.53,1.25));
#14758=CARTESIAN_POINT('',(0.1,-17.53,1.25));
#14759=CARTESIAN_POINT('',(0.1,-18.03,1.25));
#14760=CARTESIAN_POINT('',(0.1,-18.03,1.25));
#14761=CARTESIAN_POINT('',(0.1,-18.03,7.35));
#14762=CARTESIAN_POINT('',(0.1,-18.03,7.35));
#14763=CARTESIAN_POINT('',(0.1,-18.08,7.4));
#14764=CARTESIAN_POINT('Origin',(-0.1,-18.08,7.4));
#14765=CARTESIAN_POINT('',(-0.1,-18.03,7.35));
#14766=CARTESIAN_POINT('Origin',(-1.785654957231E-15,-15.24,0.9));
#14767=CARTESIAN_POINT('',(0.1,-15.24,0.9));
#14768=CARTESIAN_POINT('Origin',(-1.785654957231E-15,-15.24,0.9));
#14769=CARTESIAN_POINT('',(-0.1,-15.24,0.9));
#14770=CARTESIAN_POINT('Origin',(-0.1,-15.24,3.911477598424));
#14771=CARTESIAN_POINT('',(-0.1,-15.49,7.35));
#14772=CARTESIAN_POINT('',(-0.1,-15.54,7.4));
#14773=CARTESIAN_POINT('',(-0.1,-15.49,1.25));
#14774=CARTESIAN_POINT('',(-0.1,-15.49,7.35));
#14775=CARTESIAN_POINT('',(-0.1,-14.99,1.25));
#14776=CARTESIAN_POINT('',(-0.1,-15.49,1.25));
#14777=CARTESIAN_POINT('',(-0.1,-14.99,7.35));
#14778=CARTESIAN_POINT('',(-0.1,-14.99,1.25));
#14779=CARTESIAN_POINT('',(-0.1,-14.99,7.35));
#14780=CARTESIAN_POINT('Origin',(-0.1,-14.99,7.35));
#14781=CARTESIAN_POINT('',(0.1,-14.99,7.35));
#14782=CARTESIAN_POINT('',(-0.1,-14.99,7.35));
#14783=CARTESIAN_POINT('',(0.1,-14.99,7.35));
#14784=CARTESIAN_POINT('Origin',(0.1,-15.24,3.911477598424));
#14785=CARTESIAN_POINT('',(0.1,-14.99,1.25));
#14786=CARTESIAN_POINT('',(0.1,-14.99,1.25));
#14787=CARTESIAN_POINT('',(0.1,-15.49,1.25));
#14788=CARTESIAN_POINT('',(0.1,-15.49,1.25));
#14789=CARTESIAN_POINT('',(0.1,-15.49,7.35));
#14790=CARTESIAN_POINT('',(0.1,-15.49,7.35));
#14791=CARTESIAN_POINT('',(0.1,-15.54,7.4));
#14792=CARTESIAN_POINT('Origin',(-0.1,-15.54,7.4));
#14793=CARTESIAN_POINT('',(-0.1,-15.49,7.35));
#14794=CARTESIAN_POINT('Origin',(-1.503658308977E-15,-12.7,0.9));
#14795=CARTESIAN_POINT('',(0.1,-12.7,0.9));
#14796=CARTESIAN_POINT('Origin',(-1.503658308977E-15,-12.7,0.9));
#14797=CARTESIAN_POINT('',(-0.1,-12.7,0.9));
#14798=CARTESIAN_POINT('Origin',(-0.1,-12.7,3.911477598424));
#14799=CARTESIAN_POINT('',(-0.1,-12.95,7.35));
#14800=CARTESIAN_POINT('',(-0.1,-13.,7.4));
#14801=CARTESIAN_POINT('',(-0.1,-12.95,1.25));
#14802=CARTESIAN_POINT('',(-0.1,-12.95,7.35));
#14803=CARTESIAN_POINT('',(-0.1,-12.45,1.25));
#14804=CARTESIAN_POINT('',(-0.1,-12.95,1.25));
#14805=CARTESIAN_POINT('',(-0.1,-12.45,7.35));
#14806=CARTESIAN_POINT('',(-0.1,-12.45,1.25));
#14807=CARTESIAN_POINT('',(-0.1,-12.45,7.35));
#14808=CARTESIAN_POINT('Origin',(-0.1,-12.45,7.35));
#14809=CARTESIAN_POINT('',(0.1,-12.45,7.35));
#14810=CARTESIAN_POINT('',(-0.1,-12.45,7.35));
#14811=CARTESIAN_POINT('',(0.1,-12.45,7.35));
#14812=CARTESIAN_POINT('Origin',(0.1,-12.7,3.911477598424));
#14813=CARTESIAN_POINT('',(0.1,-12.45,1.25));
#14814=CARTESIAN_POINT('',(0.1,-12.45,1.25));
#14815=CARTESIAN_POINT('',(0.1,-12.95,1.25));
#14816=CARTESIAN_POINT('',(0.1,-12.95,1.25));
#14817=CARTESIAN_POINT('',(0.1,-12.95,7.35));
#14818=CARTESIAN_POINT('',(0.1,-12.95,7.35));
#14819=CARTESIAN_POINT('',(0.1,-13.,7.4));
#14820=CARTESIAN_POINT('Origin',(-0.1,-13.,7.4));
#14821=CARTESIAN_POINT('',(-0.1,-12.95,7.35));
#14822=CARTESIAN_POINT('Origin',(-1.221661660722E-15,-10.16,0.9));
#14823=CARTESIAN_POINT('',(0.1,-10.16,0.9));
#14824=CARTESIAN_POINT('Origin',(-1.221661660722E-15,-10.16,0.9));
#14825=CARTESIAN_POINT('',(-0.1,-10.16,0.9));
#14826=CARTESIAN_POINT('Origin',(-0.1,-10.16,3.911477598424));
#14827=CARTESIAN_POINT('',(-0.1,-10.41,7.35));
#14828=CARTESIAN_POINT('',(-0.1,-10.46,7.4));
#14829=CARTESIAN_POINT('',(-0.1,-10.41,1.25));
#14830=CARTESIAN_POINT('',(-0.1,-10.41,7.35));
#14831=CARTESIAN_POINT('',(-0.1,-9.91,1.25));
#14832=CARTESIAN_POINT('',(-0.1,-10.41,1.25));
#14833=CARTESIAN_POINT('',(-0.1,-9.91,7.35));
#14834=CARTESIAN_POINT('',(-0.1,-9.91,1.25));
#14835=CARTESIAN_POINT('',(-0.1,-9.91,7.35));
#14836=CARTESIAN_POINT('Origin',(-0.1,-9.91,7.35));
#14837=CARTESIAN_POINT('',(0.1,-9.91,7.35));
#14838=CARTESIAN_POINT('',(-0.1,-9.91,7.35));
#14839=CARTESIAN_POINT('',(0.1,-9.91,7.35));
#14840=CARTESIAN_POINT('Origin',(0.1,-10.16,3.911477598424));
#14841=CARTESIAN_POINT('',(0.1,-9.91,1.25));
#14842=CARTESIAN_POINT('',(0.1,-9.91,1.25));
#14843=CARTESIAN_POINT('',(0.1,-10.41,1.25));
#14844=CARTESIAN_POINT('',(0.1,-10.41,1.25));
#14845=CARTESIAN_POINT('',(0.1,-10.41,7.35));
#14846=CARTESIAN_POINT('',(0.1,-10.41,7.35));
#14847=CARTESIAN_POINT('',(0.1,-10.46,7.4));
#14848=CARTESIAN_POINT('Origin',(-0.1,-10.46,7.4));
#14849=CARTESIAN_POINT('',(-0.1,-10.41,7.35));
#14850=CARTESIAN_POINT('Origin',(-9.396650124671E-16,-7.62,0.9));
#14851=CARTESIAN_POINT('',(0.1,-7.62,0.9));
#14852=CARTESIAN_POINT('Origin',(-9.396650124671E-16,-7.62,0.9));
#14853=CARTESIAN_POINT('',(-0.1,-7.62,0.9));
#14854=CARTESIAN_POINT('Origin',(-0.1,-7.62,3.911477598424));
#14855=CARTESIAN_POINT('',(-0.1,-7.87,7.35));
#14856=CARTESIAN_POINT('',(-0.1,-7.92,7.4));
#14857=CARTESIAN_POINT('',(-0.1,-7.87,1.25));
#14858=CARTESIAN_POINT('',(-0.1,-7.87,7.35));
#14859=CARTESIAN_POINT('',(-0.1,-7.37,1.25));
#14860=CARTESIAN_POINT('',(-0.1,-7.87,1.25));
#14861=CARTESIAN_POINT('',(-0.1,-7.37,7.35));
#14862=CARTESIAN_POINT('',(-0.1,-7.37,1.25));
#14863=CARTESIAN_POINT('',(-0.1,-7.37,7.35));
#14864=CARTESIAN_POINT('Origin',(-0.1,-7.37,7.35));
#14865=CARTESIAN_POINT('',(0.1,-7.37,7.35));
#14866=CARTESIAN_POINT('',(-0.1,-7.37,7.35));
#14867=CARTESIAN_POINT('',(0.1,-7.37,7.35));
#14868=CARTESIAN_POINT('Origin',(0.1,-7.62,3.911477598424));
#14869=CARTESIAN_POINT('',(0.1,-7.37,1.25));
#14870=CARTESIAN_POINT('',(0.1,-7.37,1.25));
#14871=CARTESIAN_POINT('',(0.1,-7.87,1.25));
#14872=CARTESIAN_POINT('',(0.1,-7.87,1.25));
#14873=CARTESIAN_POINT('',(0.1,-7.87,7.35));
#14874=CARTESIAN_POINT('',(0.1,-7.87,7.35));
#14875=CARTESIAN_POINT('',(0.1,-7.92,7.4));
#14876=CARTESIAN_POINT('Origin',(-0.1,-7.92,7.4));
#14877=CARTESIAN_POINT('',(-0.1,-7.87,7.35));
#14878=CARTESIAN_POINT('Origin',(-6.576683642123E-16,-5.08,0.9));
#14879=CARTESIAN_POINT('',(0.1,-5.08,0.9));
#14880=CARTESIAN_POINT('Origin',(-6.576683642123E-16,-5.08,0.9));
#14881=CARTESIAN_POINT('',(-0.1,-5.08,0.9));
#14882=CARTESIAN_POINT('Origin',(-0.1,-5.08,3.911477598424));
#14883=CARTESIAN_POINT('',(-0.1,-5.33,7.35));
#14884=CARTESIAN_POINT('',(-0.1,-5.38,7.4));
#14885=CARTESIAN_POINT('',(-0.1,-5.33,1.25));
#14886=CARTESIAN_POINT('',(-0.1,-5.33,7.35));
#14887=CARTESIAN_POINT('',(-0.1,-4.83,1.25));
#14888=CARTESIAN_POINT('',(-0.1,-5.33,1.25));
#14889=CARTESIAN_POINT('',(-0.1,-4.83,7.35));
#14890=CARTESIAN_POINT('',(-0.1,-4.83,1.25));
#14891=CARTESIAN_POINT('',(-0.1,-4.83,7.35));
#14892=CARTESIAN_POINT('Origin',(-0.1,-4.83,7.35));
#14893=CARTESIAN_POINT('',(0.1,-4.83,7.35));
#14894=CARTESIAN_POINT('',(-0.1,-4.83,7.35));
#14895=CARTESIAN_POINT('',(0.1,-4.83,7.35));
#14896=CARTESIAN_POINT('Origin',(0.1,-5.08,3.911477598424));
#14897=CARTESIAN_POINT('',(0.1,-4.83,1.25));
#14898=CARTESIAN_POINT('',(0.1,-4.83,1.25));
#14899=CARTESIAN_POINT('',(0.1,-5.33,1.25));
#14900=CARTESIAN_POINT('',(0.1,-5.33,1.25));
#14901=CARTESIAN_POINT('',(0.1,-5.33,7.35));
#14902=CARTESIAN_POINT('',(0.1,-5.33,7.35));
#14903=CARTESIAN_POINT('',(0.1,-5.38,7.4));
#14904=CARTESIAN_POINT('Origin',(-0.1,-5.38,7.4));
#14905=CARTESIAN_POINT('',(-0.1,-5.33,7.35));
#14906=CARTESIAN_POINT('Origin',(-3.756717159575E-16,-2.54,0.9));
#14907=CARTESIAN_POINT('',(0.1,-2.54,0.9));
#14908=CARTESIAN_POINT('Origin',(-3.756717159575E-16,-2.54,0.9));
#14909=CARTESIAN_POINT('',(-0.1,-2.54,0.9));
#14910=CARTESIAN_POINT('Origin',(-0.1,-2.54,3.911477598424));
#14911=CARTESIAN_POINT('',(-0.1,-2.79,7.35));
#14912=CARTESIAN_POINT('',(-0.1,-2.84,7.4));
#14913=CARTESIAN_POINT('',(-0.1,-2.79,1.25));
#14914=CARTESIAN_POINT('',(-0.1,-2.79,7.35));
#14915=CARTESIAN_POINT('',(-0.1,-2.29,1.25));
#14916=CARTESIAN_POINT('',(-0.1,-2.79,1.25));
#14917=CARTESIAN_POINT('',(-0.1,-2.29,7.35));
#14918=CARTESIAN_POINT('',(-0.1,-2.29,1.25));
#14919=CARTESIAN_POINT('',(-0.1,-2.29,7.35));
#14920=CARTESIAN_POINT('Origin',(-0.1,-2.29,7.35));
#14921=CARTESIAN_POINT('',(0.1,-2.29,7.35));
#14922=CARTESIAN_POINT('',(-0.1,-2.29,7.35));
#14923=CARTESIAN_POINT('',(0.1,-2.29,7.35));
#14924=CARTESIAN_POINT('Origin',(0.1,-2.54,3.911477598424));
#14925=CARTESIAN_POINT('',(0.1,-2.29,1.25));
#14926=CARTESIAN_POINT('',(0.1,-2.29,1.25));
#14927=CARTESIAN_POINT('',(0.1,-2.79,1.25));
#14928=CARTESIAN_POINT('',(0.1,-2.79,1.25));
#14929=CARTESIAN_POINT('',(0.1,-2.79,7.35));
#14930=CARTESIAN_POINT('',(0.1,-2.79,7.35));
#14931=CARTESIAN_POINT('',(0.1,-2.84,7.4));
#14932=CARTESIAN_POINT('Origin',(-0.1,-2.84,7.4));
#14933=CARTESIAN_POINT('',(-0.1,-2.79,7.35));
#14934=CARTESIAN_POINT('Origin',(-9.367506770275E-17,1.7763568394E-15,0.9));
#14935=CARTESIAN_POINT('',(0.1,8.770761894539E-16,0.9));
#14936=CARTESIAN_POINT('Origin',(-9.367506770275E-17,1.7763568394E-15,0.9));
#14937=CARTESIAN_POINT('',(-0.1,8.992806499464E-16,0.9));
#14938=CARTESIAN_POINT('Origin',(-0.1,1.110223024625E-17,3.911477598424));
#14939=CARTESIAN_POINT('',(-0.1,-0.25,7.35));
#14940=CARTESIAN_POINT('',(-0.1,-0.3,7.4));
#14941=CARTESIAN_POINT('',(-0.1,-0.25,1.25));
#14942=CARTESIAN_POINT('',(-0.1,-0.25,7.35));
#14943=CARTESIAN_POINT('',(-0.1,0.25,1.25));
#14944=CARTESIAN_POINT('',(-0.1,-0.25,1.25));
#14945=CARTESIAN_POINT('',(-0.1,0.25,7.35));
#14946=CARTESIAN_POINT('',(-0.1,0.25,1.25));
#14947=CARTESIAN_POINT('',(-0.1,0.25,7.35));
#14948=CARTESIAN_POINT('Origin',(-0.1,0.25,7.35));
#14949=CARTESIAN_POINT('',(0.1,0.25,7.35));
#14950=CARTESIAN_POINT('',(-0.1,0.25,7.35));
#14951=CARTESIAN_POINT('',(0.1,0.25,7.35));
#14952=CARTESIAN_POINT('Origin',(0.1,-1.110223024625E-17,3.911477598424));
#14953=CARTESIAN_POINT('',(0.1,0.25,1.25));
#14954=CARTESIAN_POINT('',(0.1,0.25,1.25));
#14955=CARTESIAN_POINT('',(0.1,-0.25,1.25));
#14956=CARTESIAN_POINT('',(0.1,-0.25,1.25));
#14957=CARTESIAN_POINT('',(0.1,-0.25,7.35));
#14958=CARTESIAN_POINT('',(0.1,-0.25,7.35));
#14959=CARTESIAN_POINT('',(0.1,-0.3,7.4));
#14960=CARTESIAN_POINT('Origin',(-0.1,-0.3,7.4));
#14961=CARTESIAN_POINT('',(-0.1,-0.25,7.35));
#14962=CARTESIAN_POINT('Origin',(-0.1,-17.53,1.25));
#14963=CARTESIAN_POINT('',(-0.1,-17.53,1.25));
#14964=CARTESIAN_POINT('Origin',(-0.1,-18.03,1.25));
#14965=CARTESIAN_POINT('',(-0.1,-18.03,1.25));
#14966=CARTESIAN_POINT('Origin',(-0.1,-18.03,7.35));
#14967=CARTESIAN_POINT('Origin',(-0.1,-14.99,1.25));
#14968=CARTESIAN_POINT('',(-0.1,-14.99,1.25));
#14969=CARTESIAN_POINT('Origin',(-0.1,-15.49,1.25));
#14970=CARTESIAN_POINT('',(-0.1,-15.49,1.25));
#14971=CARTESIAN_POINT('Origin',(-0.1,-15.49,7.35));
#14972=CARTESIAN_POINT('Origin',(-0.1,-12.45,1.25));
#14973=CARTESIAN_POINT('',(-0.1,-12.45,1.25));
#14974=CARTESIAN_POINT('Origin',(-0.1,-12.95,1.25));
#14975=CARTESIAN_POINT('',(-0.1,-12.95,1.25));
#14976=CARTESIAN_POINT('Origin',(-0.1,-12.95,7.35));
#14977=CARTESIAN_POINT('Origin',(-0.1,-9.91,1.25));
#14978=CARTESIAN_POINT('',(-0.1,-9.91,1.25));
#14979=CARTESIAN_POINT('Origin',(-0.1,-10.41,1.25));
#14980=CARTESIAN_POINT('',(-0.1,-10.41,1.25));
#14981=CARTESIAN_POINT('Origin',(-0.1,-10.41,7.35));
#14982=CARTESIAN_POINT('Origin',(-0.1,-7.37,1.25));
#14983=CARTESIAN_POINT('',(-0.1,-7.37,1.25));
#14984=CARTESIAN_POINT('Origin',(-0.1,-7.87,1.25));
#14985=CARTESIAN_POINT('',(-0.1,-7.87,1.25));
#14986=CARTESIAN_POINT('Origin',(-0.1,-7.87,7.35));
#14987=CARTESIAN_POINT('Origin',(-0.1,-4.83,1.25));
#14988=CARTESIAN_POINT('',(-0.1,-4.83,1.25));
#14989=CARTESIAN_POINT('Origin',(-0.1,-5.33,1.25));
#14990=CARTESIAN_POINT('',(-0.1,-5.33,1.25));
#14991=CARTESIAN_POINT('Origin',(-0.1,-5.33,7.35));
#14992=CARTESIAN_POINT('Origin',(-0.1,-2.29,1.25));
#14993=CARTESIAN_POINT('',(-0.1,-2.29,1.25));
#14994=CARTESIAN_POINT('Origin',(-0.1,-2.79,1.25));
#14995=CARTESIAN_POINT('',(-0.1,-2.79,1.25));
#14996=CARTESIAN_POINT('Origin',(-0.1,-2.79,7.35));
#14997=CARTESIAN_POINT('Origin',(-0.1,0.25,1.25));
#14998=CARTESIAN_POINT('',(-0.1,0.25,1.25));
#14999=CARTESIAN_POINT('Origin',(-0.1,-0.25,1.25));
#15000=CARTESIAN_POINT('',(-0.1,-0.25,1.25));
#15001=CARTESIAN_POINT('Origin',(-0.1,-0.25,7.35));
#15002=CARTESIAN_POINT('',(-60.6307967897555,79.6711919773802,-5.01962710786157));
#15003=CARTESIAN_POINT('',(0.,0.,0.));
#15004=CARTESIAN_POINT('Origin',(189.5,-93.,0.));
#15005=CARTESIAN_POINT('',(189.5,-93.,0.));
#15006=CARTESIAN_POINT('',(189.5,-93.,1.51));
#15007=CARTESIAN_POINT('',(189.5,-93.,0.));
#15008=CARTESIAN_POINT('',(82.5,-93.,1.51));
#15009=CARTESIAN_POINT('',(189.5,-93.,1.51));
#15010=CARTESIAN_POINT('',(82.5,-93.,0.));
#15011=CARTESIAN_POINT('',(82.5,-93.,0.));
#15012=CARTESIAN_POINT('',(189.5,-93.,0.));
#15013=CARTESIAN_POINT('Origin',(189.5,-18.,0.));
#15014=CARTESIAN_POINT('',(189.5,-18.,0.));
#15015=CARTESIAN_POINT('',(189.5,-18.,1.51));
#15016=CARTESIAN_POINT('',(189.5,-18.,0.));
#15017=CARTESIAN_POINT('',(189.5,-18.,1.51));
#15018=CARTESIAN_POINT('',(189.5,-18.,0.));
#15019=CARTESIAN_POINT('Origin',(82.5,-93.,0.));
#15020=CARTESIAN_POINT('',(82.5,-18.,1.51));
#15021=CARTESIAN_POINT('',(82.5,-93.,1.51));
#15022=CARTESIAN_POINT('',(82.5,-18.,0.));
#15023=CARTESIAN_POINT('',(82.5,-18.,0.));
#15024=CARTESIAN_POINT('',(82.5,-93.,0.));
#15025=CARTESIAN_POINT('Origin',(0.,0.,0.));
#15026=CARTESIAN_POINT('',(82.5,-18.,0.));
#15027=CARTESIAN_POINT('',(93.,-81.4,0.));
#15028=CARTESIAN_POINT('Origin',(93.,-83.,0.));
#15029=CARTESIAN_POINT('',(96.92,-68.15,0.));
#15030=CARTESIAN_POINT('Origin',(96.92,-69.,0.));
#15031=CARTESIAN_POINT('',(102.,-67.,0.));
#15032=CARTESIAN_POINT('Origin',(102.,-69.,0.));
#15033=CARTESIAN_POINT('',(98.19,-65.71,0.));
#15034=CARTESIAN_POINT('Origin',(98.19,-66.46,0.));
#15035=CARTESIAN_POINT('',(107.08,-68.15,0.));
#15036=CARTESIAN_POINT('Origin',(107.08,-69.,0.));
#15037=CARTESIAN_POINT('',(104.54,-63.17,0.));
#15038=CARTESIAN_POINT('Origin',(104.54,-63.92,0.));
#15039=CARTESIAN_POINT('',(120.935,-68.145,0.));
#15040=CARTESIAN_POINT('Origin',(120.935,-68.995,0.));
#15041=CARTESIAN_POINT('',(126.015,-66.995,0.));
#15042=CARTESIAN_POINT('Origin',(126.015,-68.995,0.));
#15043=CARTESIAN_POINT('',(122.205,-65.705,0.));
#15044=CARTESIAN_POINT('Origin',(122.205,-66.455,0.));
#15045=CARTESIAN_POINT('',(131.095,-68.145,0.));
#15046=CARTESIAN_POINT('Origin',(131.095,-68.995,0.));
#15047=CARTESIAN_POINT('',(128.555,-63.165,0.));
#15048=CARTESIAN_POINT('Origin',(128.555,-63.915,0.));
#15049=CARTESIAN_POINT('',(182.5,-83.9,0.));
#15050=CARTESIAN_POINT('Origin',(182.5,-85.5,0.));
#15051=CARTESIAN_POINT('',(145.92,-68.145,0.));
#15052=CARTESIAN_POINT('Origin',(145.92,-68.995,0.));
#15053=CARTESIAN_POINT('',(147.19,-65.705,0.));
#15054=CARTESIAN_POINT('Origin',(147.19,-66.455,0.));
#15055=CARTESIAN_POINT('',(151.,-66.995,0.));
#15056=CARTESIAN_POINT('Origin',(151.,-68.995,0.));
#15057=CARTESIAN_POINT('',(156.08,-68.145,0.));
#15058=CARTESIAN_POINT('Origin',(156.08,-68.995,0.));
#15059=CARTESIAN_POINT('',(153.54,-63.165,0.));
#15060=CARTESIAN_POINT('Origin',(153.54,-63.915,0.));
#15061=CARTESIAN_POINT('',(170.84,-68.15,0.));
#15062=CARTESIAN_POINT('Origin',(170.84,-69.,0.));
#15063=CARTESIAN_POINT('',(172.11,-65.71,0.));
#15064=CARTESIAN_POINT('Origin',(172.11,-66.46,0.));
#15065=CARTESIAN_POINT('',(175.92,-67.,0.));
#15066=CARTESIAN_POINT('Origin',(175.92,-69.,0.));
#15067=CARTESIAN_POINT('',(181.,-68.15,0.));
#15068=CARTESIAN_POINT('Origin',(181.,-69.,0.));
#15069=CARTESIAN_POINT('',(178.46,-63.17,0.));
#15070=CARTESIAN_POINT('Origin',(178.46,-63.92,0.));
#15071=CARTESIAN_POINT('',(111.76,-45.5,0.));
#15072=CARTESIAN_POINT('Origin',(111.76,-46.,0.));
#15073=CARTESIAN_POINT('',(114.3,-45.5,0.));
#15074=CARTESIAN_POINT('Origin',(114.3,-46.,0.));
#15075=CARTESIAN_POINT('',(116.84,-45.5,0.));
#15076=CARTESIAN_POINT('Origin',(116.84,-46.,0.));
#15077=CARTESIAN_POINT('',(119.38,-45.5,0.));
#15078=CARTESIAN_POINT('Origin',(119.38,-46.,0.));
#15079=CARTESIAN_POINT('',(121.92,-45.5,0.));
#15080=CARTESIAN_POINT('Origin',(121.92,-46.,0.));
#15081=CARTESIAN_POINT('',(124.46,-45.5,0.));
#15082=CARTESIAN_POINT('Origin',(124.46,-46.,0.));
#15083=CARTESIAN_POINT('',(127.,-45.5,0.));
#15084=CARTESIAN_POINT('Origin',(127.,-46.,0.));
#15085=CARTESIAN_POINT('',(129.54,-45.5,0.));
#15086=CARTESIAN_POINT('Origin',(129.54,-46.,0.));
#15087=CARTESIAN_POINT('',(95.,-24.9,0.));
#15088=CARTESIAN_POINT('Origin',(95.,-26.5,0.));
#15089=CARTESIAN_POINT('',(154.5,-29.8,0.));
#15090=CARTESIAN_POINT('Origin',(154.5,-30.3,0.));
#15091=CARTESIAN_POINT('',(154.5,-22.2,0.));
#15092=CARTESIAN_POINT('Origin',(154.5,-22.7,0.));
#15093=CARTESIAN_POINT('',(182.5,-25.4,0.));
#15094=CARTESIAN_POINT('Origin',(182.5,-27.,0.));
#15095=CARTESIAN_POINT('Origin',(0.,0.,1.51));
#15096=CARTESIAN_POINT('',(82.5,-18.,1.51));
#15097=CARTESIAN_POINT('',(93.,-81.4,1.51));
#15098=CARTESIAN_POINT('Origin',(93.,-83.,1.51));
#15099=CARTESIAN_POINT('',(96.92,-68.15,1.51));
#15100=CARTESIAN_POINT('Origin',(96.92,-69.,1.51));
#15101=CARTESIAN_POINT('',(102.,-67.,1.51));
#15102=CARTESIAN_POINT('Origin',(102.,-69.,1.51));
#15103=CARTESIAN_POINT('',(98.19,-65.71,1.51));
#15104=CARTESIAN_POINT('Origin',(98.19,-66.46,1.51));
#15105=CARTESIAN_POINT('',(107.08,-68.15,1.51));
#15106=CARTESIAN_POINT('Origin',(107.08,-69.,1.51));
#15107=CARTESIAN_POINT('',(104.54,-63.17,1.51));
#15108=CARTESIAN_POINT('Origin',(104.54,-63.92,1.51));
#15109=CARTESIAN_POINT('',(120.935,-68.145,1.51));
#15110=CARTESIAN_POINT('Origin',(120.935,-68.995,1.51));
#15111=CARTESIAN_POINT('',(126.015,-66.995,1.51));
#15112=CARTESIAN_POINT('Origin',(126.015,-68.995,1.51));
#15113=CARTESIAN_POINT('',(122.205,-65.705,1.51));
#15114=CARTESIAN_POINT('Origin',(122.205,-66.455,1.51));
#15115=CARTESIAN_POINT('',(131.095,-68.145,1.51));
#15116=CARTESIAN_POINT('Origin',(131.095,-68.995,1.51));
#15117=CARTESIAN_POINT('',(128.555,-63.165,1.51));
#15118=CARTESIAN_POINT('Origin',(128.555,-63.915,1.51));
#15119=CARTESIAN_POINT('',(182.5,-83.9,1.51));
#15120=CARTESIAN_POINT('Origin',(182.5,-85.5,1.51));
#15121=CARTESIAN_POINT('',(145.92,-68.145,1.51));
#15122=CARTESIAN_POINT('Origin',(145.92,-68.995,1.51));
#15123=CARTESIAN_POINT('',(147.19,-65.705,1.51));
#15124=CARTESIAN_POINT('Origin',(147.19,-66.455,1.51));
#15125=CARTESIAN_POINT('',(151.,-66.995,1.51));
#15126=CARTESIAN_POINT('Origin',(151.,-68.995,1.51));
#15127=CARTESIAN_POINT('',(156.08,-68.145,1.51));
#15128=CARTESIAN_POINT('Origin',(156.08,-68.995,1.51));
#15129=CARTESIAN_POINT('',(153.54,-63.165,1.51));
#15130=CARTESIAN_POINT('Origin',(153.54,-63.915,1.51));
#15131=CARTESIAN_POINT('',(170.84,-68.15,1.51));
#15132=CARTESIAN_POINT('Origin',(170.84,-69.,1.51));
#15133=CARTESIAN_POINT('',(172.11,-65.71,1.51));
#15134=CARTESIAN_POINT('Origin',(172.11,-66.46,1.51));
#15135=CARTESIAN_POINT('',(175.92,-67.,1.51));
#15136=CARTESIAN_POINT('Origin',(175.92,-69.,1.51));
#15137=CARTESIAN_POINT('',(181.,-68.15,1.51));
#15138=CARTESIAN_POINT('Origin',(181.,-69.,1.51));
#15139=CARTESIAN_POINT('',(178.46,-63.17,1.51));
#15140=CARTESIAN_POINT('Origin',(178.46,-63.92,1.51));
#15141=CARTESIAN_POINT('',(111.76,-45.5,1.51));
#15142=CARTESIAN_POINT('Origin',(111.76,-46.,1.51));
#15143=CARTESIAN_POINT('',(114.3,-45.5,1.51));
#15144=CARTESIAN_POINT('Origin',(114.3,-46.,1.51));
#15145=CARTESIAN_POINT('',(116.84,-45.5,1.51));
#15146=CARTESIAN_POINT('Origin',(116.84,-46.,1.51));
#15147=CARTESIAN_POINT('',(119.38,-45.5,1.51));
#15148=CARTESIAN_POINT('Origin',(119.38,-46.,1.51));
#15149=CARTESIAN_POINT('',(121.92,-45.5,1.51));
#15150=CARTESIAN_POINT('Origin',(121.92,-46.,1.51));
#15151=CARTESIAN_POINT('',(124.46,-45.5,1.51));
#15152=CARTESIAN_POINT('Origin',(124.46,-46.,1.51));
#15153=CARTESIAN_POINT('',(127.,-45.5,1.51));
#15154=CARTESIAN_POINT('Origin',(127.,-46.,1.51));
#15155=CARTESIAN_POINT('',(129.54,-45.5,1.51));
#15156=CARTESIAN_POINT('Origin',(129.54,-46.,1.51));
#15157=CARTESIAN_POINT('',(95.,-24.9,1.51));
#15158=CARTESIAN_POINT('Origin',(95.,-26.5,1.51));
#15159=CARTESIAN_POINT('',(154.5,-29.8,1.51));
#15160=CARTESIAN_POINT('Origin',(154.5,-30.3,1.51));
#15161=CARTESIAN_POINT('',(154.5,-22.2,1.51));
#15162=CARTESIAN_POINT('Origin',(154.5,-22.7,1.51));
#15163=CARTESIAN_POINT('',(182.5,-25.4,1.51));
#15164=CARTESIAN_POINT('Origin',(182.5,-27.,1.51));
#15165=CARTESIAN_POINT('Origin',(82.5,-18.,0.));
#15166=CARTESIAN_POINT('Origin',(93.,-83.,-0.046));
#15167=CARTESIAN_POINT('',(93.,-81.4,-0.046));
#15168=CARTESIAN_POINT('Origin',(96.92,-69.,-0.046));
#15169=CARTESIAN_POINT('',(96.92,-68.15,-0.046));
#15170=CARTESIAN_POINT('Origin',(102.,-69.,-0.046));
#15171=CARTESIAN_POINT('',(102.,-67.,-0.046));
#15172=CARTESIAN_POINT('Origin',(98.19,-66.46,-0.046));
#15173=CARTESIAN_POINT('',(98.19,-65.71,-0.046));
#15174=CARTESIAN_POINT('Origin',(107.08,-69.,-0.046));
#15175=CARTESIAN_POINT('',(107.08,-68.15,-0.046));
#15176=CARTESIAN_POINT('Origin',(104.54,-63.92,-0.046));
#15177=CARTESIAN_POINT('',(104.54,-63.17,-0.046));
#15178=CARTESIAN_POINT('Origin',(120.935,-68.995,-0.046));
#15179=CARTESIAN_POINT('',(120.935,-68.145,-0.046));
#15180=CARTESIAN_POINT('Origin',(126.015,-68.995,-0.046));
#15181=CARTESIAN_POINT('',(126.015,-66.995,-0.046));
#15182=CARTESIAN_POINT('Origin',(122.205,-66.455,-0.046));
#15183=CARTESIAN_POINT('',(122.205,-65.705,-0.046));
#15184=CARTESIAN_POINT('Origin',(131.095,-68.995,-0.046));
#15185=CARTESIAN_POINT('',(131.095,-68.145,-0.046));
#15186=CARTESIAN_POINT('Origin',(128.555,-63.915,-0.046));
#15187=CARTESIAN_POINT('',(128.555,-63.165,-0.046));
#15188=CARTESIAN_POINT('Origin',(182.5,-85.5,-0.046));
#15189=CARTESIAN_POINT('',(182.5,-83.9,-0.046));
#15190=CARTESIAN_POINT('Origin',(145.92,-68.995,-0.046));
#15191=CARTESIAN_POINT('',(145.92,-68.145,-0.046));
#15192=CARTESIAN_POINT('Origin',(147.19,-66.455,-0.046));
#15193=CARTESIAN_POINT('',(147.19,-65.705,-0.046));
#15194=CARTESIAN_POINT('Origin',(151.,-68.995,-0.046));
#15195=CARTESIAN_POINT('',(151.,-66.995,-0.046));
#15196=CARTESIAN_POINT('Origin',(156.08,-68.995,-0.046));
#15197=CARTESIAN_POINT('',(156.08,-68.145,-0.046));
#15198=CARTESIAN_POINT('Origin',(153.54,-63.915,-0.046));
#15199=CARTESIAN_POINT('',(153.54,-63.165,-0.046));
#15200=CARTESIAN_POINT('Origin',(170.84,-69.,-0.046));
#15201=CARTESIAN_POINT('',(170.84,-68.15,-0.046));
#15202=CARTESIAN_POINT('Origin',(172.11,-66.46,-0.046));
#15203=CARTESIAN_POINT('',(172.11,-65.71,-0.046));
#15204=CARTESIAN_POINT('Origin',(175.92,-69.,-0.046));
#15205=CARTESIAN_POINT('',(175.92,-67.,-0.046));
#15206=CARTESIAN_POINT('Origin',(181.,-69.,-0.046));
#15207=CARTESIAN_POINT('',(181.,-68.15,-0.046));
#15208=CARTESIAN_POINT('Origin',(178.46,-63.92,-0.046));
#15209=CARTESIAN_POINT('',(178.46,-63.17,-0.046));
#15210=CARTESIAN_POINT('Origin',(111.76,-46.,-0.046));
#15211=CARTESIAN_POINT('',(111.76,-45.5,-0.046));
#15212=CARTESIAN_POINT('Origin',(114.3,-46.,-0.046));
#15213=CARTESIAN_POINT('',(114.3,-45.5,-0.046));
#15214=CARTESIAN_POINT('Origin',(116.84,-46.,-0.046));
#15215=CARTESIAN_POINT('',(116.84,-45.5,-0.046));
#15216=CARTESIAN_POINT('Origin',(119.38,-46.,-0.046));
#15217=CARTESIAN_POINT('',(119.38,-45.5,-0.046));
#15218=CARTESIAN_POINT('Origin',(121.92,-46.,-0.046));
#15219=CARTESIAN_POINT('',(121.92,-45.5,-0.046));
#15220=CARTESIAN_POINT('Origin',(124.46,-46.,-0.046));
#15221=CARTESIAN_POINT('',(124.46,-45.5,-0.046));
#15222=CARTESIAN_POINT('Origin',(127.,-46.,-0.046));
#15223=CARTESIAN_POINT('',(127.,-45.5,-0.046));
#15224=CARTESIAN_POINT('Origin',(129.54,-46.,-0.046));
#15225=CARTESIAN_POINT('',(129.54,-45.5,-0.046));
#15226=CARTESIAN_POINT('Origin',(95.,-26.5,-0.046));
#15227=CARTESIAN_POINT('',(95.,-24.9,-0.046));
#15228=CARTESIAN_POINT('Origin',(154.5,-30.3,-0.046));
#15229=CARTESIAN_POINT('',(154.5,-29.8,-0.046));
#15230=CARTESIAN_POINT('Origin',(154.5,-22.7,-0.046));
#15231=CARTESIAN_POINT('',(154.5,-22.2,-0.046));
#15232=CARTESIAN_POINT('Origin',(182.5,-27.,-0.046));
#15233=CARTESIAN_POINT('',(182.5,-25.4,-0.046));
#15234=CARTESIAN_POINT('',(0.,0.,0.));
#15235=CARTESIAN_POINT('',(0.,0.,0.));
#15236=CARTESIAN_POINT('Origin',(36.575,-10.54,3.56));
#15237=CARTESIAN_POINT('',(7.11,-1.65,3.56));
#15238=CARTESIAN_POINT('',(69.61,-1.65,3.56));
#15239=CARTESIAN_POINT('',(38.36,-1.65,3.56));
#15240=CARTESIAN_POINT('',(7.11,-19.55,3.56));
#15241=CARTESIAN_POINT('',(7.11,-10.6,3.56));
#15242=CARTESIAN_POINT('',(69.61,-19.55,3.56));
#15243=CARTESIAN_POINT('',(38.36,-19.55,3.56));
#15244=CARTESIAN_POINT('',(69.61,-10.6,3.56));
#15245=CARTESIAN_POINT('Origin',(69.61,-10.6,3.56));
#15246=CARTESIAN_POINT('',(69.61,-19.55,1.2));
#15247=CARTESIAN_POINT('',(69.61,-19.55,3.56));
#15248=CARTESIAN_POINT('',(69.61,-1.65,1.2));
#15249=CARTESIAN_POINT('',(69.61,-10.54,1.2));
#15250=CARTESIAN_POINT('',(69.61,-1.65,3.56));
#15251=CARTESIAN_POINT('Origin',(38.36,-19.55,3.56));
#15252=CARTESIAN_POINT('',(7.11,-19.55,1.2));
#15253=CARTESIAN_POINT('',(36.575,-19.55,1.2));
#15254=CARTESIAN_POINT('',(7.11,-19.55,3.56));
#15255=CARTESIAN_POINT('Origin',(7.11,-10.6,3.56));
#15256=CARTESIAN_POINT('',(7.11,-1.65,1.2));
#15257=CARTESIAN_POINT('',(7.11,-10.54,1.2));
#15258=CARTESIAN_POINT('',(7.11,-1.65,3.56));
#15259=CARTESIAN_POINT('Origin',(38.36,-1.65,3.56));
#15260=CARTESIAN_POINT('',(36.575,-1.65,1.2));
#15261=CARTESIAN_POINT('Origin',(36.575,-10.54,0.));
#15262=CARTESIAN_POINT('',(0.,0.,0.));
#15263=CARTESIAN_POINT('',(73.15,0.,0.));
#15264=CARTESIAN_POINT('',(36.575,0.,0.));
#15265=CARTESIAN_POINT('',(73.15,-21.08,0.));
#15266=CARTESIAN_POINT('',(73.15,-10.54,0.));
#15267=CARTESIAN_POINT('',(0.,-21.08,0.));
#15268=CARTESIAN_POINT('',(36.575,-21.08,0.));
#15269=CARTESIAN_POINT('',(0.,-10.54,0.));
#15270=CARTESIAN_POINT('',(3.66,-2.41,0.));
#15271=CARTESIAN_POINT('Origin',(2.41,-2.41,0.));
#15272=CARTESIAN_POINT('',(3.66,-18.67,0.));
#15273=CARTESIAN_POINT('Origin',(2.41,-18.67,0.));
#15274=CARTESIAN_POINT('Origin',(36.575,-10.54,1.2));
#15275=CARTESIAN_POINT('',(0.,0.,1.2));
#15276=CARTESIAN_POINT('',(73.15,0.,1.2));
#15277=CARTESIAN_POINT('',(36.575,0.,1.2));
#15278=CARTESIAN_POINT('',(0.,-21.08,1.2));
#15279=CARTESIAN_POINT('',(0.,-10.54,1.2));
#15280=CARTESIAN_POINT('',(73.15,-21.08,1.2));
#15281=CARTESIAN_POINT('',(36.575,-21.08,1.2));
#15282=CARTESIAN_POINT('',(73.15,-10.54,1.2));
#15283=CARTESIAN_POINT('',(3.66,-2.41,1.2));
#15284=CARTESIAN_POINT('Origin',(2.41,-2.41,1.2));
#15285=CARTESIAN_POINT('',(3.66,-18.67,1.2));
#15286=CARTESIAN_POINT('Origin',(2.41,-18.67,1.2));
#15287=CARTESIAN_POINT('Origin',(73.15,-10.54,1.2));
#15288=CARTESIAN_POINT('',(73.15,0.,1.2));
#15289=CARTESIAN_POINT('',(73.15,-21.08,1.2));
#15290=CARTESIAN_POINT('Origin',(2.41,-18.67,1.2));
#15291=CARTESIAN_POINT('',(3.66,-18.67,1.2));
#15292=CARTESIAN_POINT('Origin',(2.41,-2.41,1.2));
#15293=CARTESIAN_POINT('',(3.66,-2.41,1.2));
#15294=CARTESIAN_POINT('Origin',(36.575,-21.08,1.2));
#15295=CARTESIAN_POINT('',(0.,-21.08,1.2));
#15296=CARTESIAN_POINT('Origin',(0.,-10.54,1.2));
#15297=CARTESIAN_POINT('',(0.,0.,1.2));
#15298=CARTESIAN_POINT('Origin',(36.575,0.,1.2));
#15299=CARTESIAN_POINT('',(0.,0.,0.));
#15300=CARTESIAN_POINT('Origin',(24.1476805880727,11.227144164154,2.7));
#15301=CARTESIAN_POINT('',(24.1476805880727,10.927144164154,2.7));
#15302=CARTESIAN_POINT('Origin',(24.1476805880727,11.227144164154,2.7));
#15303=CARTESIAN_POINT('',(24.1476805880727,11.227144164154,3.));
#15304=CARTESIAN_POINT('Origin',(24.1476805880727,11.227144164154,2.7));
#15305=CARTESIAN_POINT('Origin',(24.1476805880727,11.227144164154,5.20417042793042E-15));
#15306=CARTESIAN_POINT('',(24.1476805880727,10.927144164154,5.07626230025834E-15));
#15307=CARTESIAN_POINT('',(24.1476805880727,10.927144164154,5.20417042793042E-15));
#15308=CARTESIAN_POINT('Origin',(24.1476805880727,11.227144164154,5.20417042793042E-15));
#15309=CARTESIAN_POINT('Origin',(24.1476805880727,11.227144164154,5.20417042793042E-15));
#15310=CARTESIAN_POINT('',(24.1476805880727,10.327144164154,5.55111512312578E-15));
#15311=CARTESIAN_POINT('Origin',(24.1476805880727,11.227144164154,5.20417042793042E-15));
#15312=CARTESIAN_POINT('Origin',(24.1476805880727,11.227144164154,-1.));
#15313=CARTESIAN_POINT('',(24.1476805880727,10.327144164154,-1.));
#15314=CARTESIAN_POINT('',(24.1476805880727,10.327144164154,-1.));
#15315=CARTESIAN_POINT('Origin',(24.1476805880727,11.227144164154,-1.));
#15316=CARTESIAN_POINT('Origin',(24.1476805880727,11.227144164154,-1.));
#15317=CARTESIAN_POINT('',(24.1476805880727,10.567144164154,-1.));
#15318=CARTESIAN_POINT('Origin',(24.1476805880727,11.227144164154,-1.));
#15319=CARTESIAN_POINT('Origin',(24.1476805880727,11.227144164154,-4.57));
#15320=CARTESIAN_POINT('',(24.1476805880727,10.567144164154,-4.57));
#15321=CARTESIAN_POINT('',(24.1476805880727,10.567144164154,-4.57));
#15322=CARTESIAN_POINT('Origin',(24.1476805880727,11.227144164154,-4.57));
#15323=CARTESIAN_POINT('Origin',(24.1476805880727,11.227144164154,-4.785));
#15324=CARTESIAN_POINT('',(24.1476805880727,10.997144164154,-5.));
#15325=CARTESIAN_POINT('',(24.1476805880727,10.782144164154,-4.785));
#15326=CARTESIAN_POINT('Origin',(24.1476805880727,11.227144164154,-5.));
#15327=CARTESIAN_POINT('Origin',(24.1476805880727,11.227144164154,-8.46));
#15328=CARTESIAN_POINT('',(24.1476805880727,10.997144164154,-8.46));
#15329=CARTESIAN_POINT('',(24.1476805880727,10.997144164154,-8.46));
#15330=CARTESIAN_POINT('Origin',(24.1476805880727,11.227144164154,-8.46));
#15331=CARTESIAN_POINT('Origin',(24.1476805880727,11.227144164154,-8.46));
#15332=CARTESIAN_POINT('',(24.1476805880727,11.227144164154,-8.69));
#15333=CARTESIAN_POINT('Origin',(24.1476805880727,11.227144164154,-8.46));
#15334=CARTESIAN_POINT('',(0.,0.,0.));
#15335=CARTESIAN_POINT('Origin',(24.1476805880727,18.847144164154,2.7));
#15336=CARTESIAN_POINT('',(24.1476805880727,18.547144164154,2.7));
#15337=CARTESIAN_POINT('Origin',(24.1476805880727,18.847144164154,2.7));
#15338=CARTESIAN_POINT('',(24.1476805880727,18.847144164154,3.));
#15339=CARTESIAN_POINT('Origin',(24.1476805880727,18.847144164154,2.7));
#15340=CARTESIAN_POINT('Origin',(24.1476805880727,18.847144164154,2.60208521396521E-15));
#15341=CARTESIAN_POINT('',(24.1476805880727,18.547144164154,2.47417708629313E-15));
#15342=CARTESIAN_POINT('',(24.1476805880727,18.547144164154,2.60208521396521E-15));
#15343=CARTESIAN_POINT('Origin',(24.1476805880727,18.847144164154,2.60208521396521E-15));
#15344=CARTESIAN_POINT('Origin',(24.1476805880727,18.847144164154,2.60208521396521E-15));
#15345=CARTESIAN_POINT('',(24.1476805880727,17.947144164154,2.91433543964104E-15));
#15346=CARTESIAN_POINT('Origin',(24.1476805880727,18.847144164154,2.60208521396521E-15));
#15347=CARTESIAN_POINT('Origin',(24.1476805880727,18.847144164154,-1.));
#15348=CARTESIAN_POINT('',(24.1476805880727,17.947144164154,-1.));
#15349=CARTESIAN_POINT('',(24.1476805880727,17.947144164154,-1.));
#15350=CARTESIAN_POINT('Origin',(24.1476805880727,18.847144164154,-1.));
#15351=CARTESIAN_POINT('Origin',(24.1476805880727,18.847144164154,-1.));
#15352=CARTESIAN_POINT('',(24.1476805880727,18.187144164154,-1.));
#15353=CARTESIAN_POINT('Origin',(24.1476805880727,18.847144164154,-1.));
#15354=CARTESIAN_POINT('Origin',(24.1476805880727,18.847144164154,-4.57));
#15355=CARTESIAN_POINT('',(24.1476805880727,18.187144164154,-4.57));
#15356=CARTESIAN_POINT('',(24.1476805880727,18.187144164154,-4.57));
#15357=CARTESIAN_POINT('Origin',(24.1476805880727,18.847144164154,-4.57));
#15358=CARTESIAN_POINT('Origin',(24.1476805880727,18.847144164154,-4.785));
#15359=CARTESIAN_POINT('',(24.1476805880727,18.617144164154,-5.));
#15360=CARTESIAN_POINT('',(24.1476805880727,18.402144164154,-4.785));
#15361=CARTESIAN_POINT('Origin',(24.1476805880727,18.847144164154,-5.));
#15362=CARTESIAN_POINT('Origin',(24.1476805880727,18.847144164154,-8.46));
#15363=CARTESIAN_POINT('',(24.1476805880727,18.617144164154,-8.46));
#15364=CARTESIAN_POINT('',(24.1476805880727,18.617144164154,-8.46));
#15365=CARTESIAN_POINT('Origin',(24.1476805880727,18.847144164154,-8.46));
#15366=CARTESIAN_POINT('Origin',(24.1476805880727,18.847144164154,-8.46));
#15367=CARTESIAN_POINT('',(24.1476805880727,18.847144164154,-8.69));
#15368=CARTESIAN_POINT('Origin',(24.1476805880727,18.847144164154,-8.46));
#15369=CARTESIAN_POINT('',(0.,0.,0.));
#15370=CARTESIAN_POINT('Origin',(24.1476805880727,8.687144164154,2.7));
#15371=CARTESIAN_POINT('',(24.1476805880727,8.387144164154,2.7));
#15372=CARTESIAN_POINT('Origin',(24.1476805880727,8.687144164154,2.7));
#15373=CARTESIAN_POINT('',(24.1476805880727,8.687144164154,3.));
#15374=CARTESIAN_POINT('Origin',(24.1476805880727,8.687144164154,2.7));
#15375=CARTESIAN_POINT('Origin',(24.1476805880727,8.687144164154,6.07153216591882E-15));
#15376=CARTESIAN_POINT('',(24.1476805880727,8.387144164154,5.94362403824674E-15));
#15377=CARTESIAN_POINT('',(24.1476805880727,8.387144164154,6.07153216591882E-15));
#15378=CARTESIAN_POINT('Origin',(24.1476805880727,8.687144164154,6.07153216591882E-15));
#15379=CARTESIAN_POINT('Origin',(24.1476805880727,8.687144164154,6.07153216591882E-15));
#15380=CARTESIAN_POINT('',(24.1476805880727,7.787144164154,6.38378239159465E-15));
#15381=CARTESIAN_POINT('Origin',(24.1476805880727,8.687144164154,6.07153216591882E-15));
#15382=CARTESIAN_POINT('Origin',(24.1476805880727,8.687144164154,-1.));
#15383=CARTESIAN_POINT('',(24.1476805880727,7.787144164154,-1.));
#15384=CARTESIAN_POINT('',(24.1476805880727,7.787144164154,-1.));
#15385=CARTESIAN_POINT('Origin',(24.1476805880727,8.687144164154,-1.));
#15386=CARTESIAN_POINT('Origin',(24.1476805880727,8.687144164154,-1.));
#15387=CARTESIAN_POINT('',(24.1476805880727,8.027144164154,-1.));
#15388=CARTESIAN_POINT('Origin',(24.1476805880727,8.687144164154,-1.));
#15389=CARTESIAN_POINT('Origin',(24.1476805880727,8.687144164154,-4.57));
#15390=CARTESIAN_POINT('',(24.1476805880727,8.027144164154,-4.57));
#15391=CARTESIAN_POINT('',(24.1476805880727,8.027144164154,-4.57));
#15392=CARTESIAN_POINT('Origin',(24.1476805880727,8.687144164154,-4.57));
#15393=CARTESIAN_POINT('Origin',(24.1476805880727,8.687144164154,-4.785));
#15394=CARTESIAN_POINT('',(24.1476805880727,8.457144164154,-5.));
#15395=CARTESIAN_POINT('',(24.1476805880727,8.242144164154,-4.785));
#15396=CARTESIAN_POINT('Origin',(24.1476805880727,8.687144164154,-5.));
#15397=CARTESIAN_POINT('Origin',(24.1476805880727,8.687144164154,-8.46));
#15398=CARTESIAN_POINT('',(24.1476805880727,8.457144164154,-8.46));
#15399=CARTESIAN_POINT('',(24.1476805880727,8.457144164154,-8.46));
#15400=CARTESIAN_POINT('Origin',(24.1476805880727,8.687144164154,-8.46));
#15401=CARTESIAN_POINT('Origin',(24.1476805880727,8.687144164154,-8.46));
#15402=CARTESIAN_POINT('',(24.1476805880727,8.687144164154,-8.69));
#15403=CARTESIAN_POINT('Origin',(24.1476805880727,8.687144164154,-8.46));
#15404=CARTESIAN_POINT('',(0.,0.,0.));
#15405=CARTESIAN_POINT('Origin',(24.1476805880727,13.767144164154,2.7));
#15406=CARTESIAN_POINT('',(24.1476805880727,13.467144164154,2.7));
#15407=CARTESIAN_POINT('Origin',(24.1476805880727,13.767144164154,2.7));
#15408=CARTESIAN_POINT('',(24.1476805880727,13.767144164154,3.));
#15409=CARTESIAN_POINT('Origin',(24.1476805880727,13.767144164154,2.7));
#15410=CARTESIAN_POINT('Origin',(24.1476805880727,13.767144164154,4.33680868994202E-15));
#15411=CARTESIAN_POINT('',(24.1476805880727,13.467144164154,4.20890056226994E-15));
#15412=CARTESIAN_POINT('',(24.1476805880727,13.467144164154,4.33680868994202E-15));
#15413=CARTESIAN_POINT('Origin',(24.1476805880727,13.767144164154,4.33680868994202E-15));
#15414=CARTESIAN_POINT('Origin',(24.1476805880727,13.767144164154,4.33680868994202E-15));
#15415=CARTESIAN_POINT('',(24.1476805880727,12.867144164154,4.71844785465692E-15));
#15416=CARTESIAN_POINT('Origin',(24.1476805880727,13.767144164154,4.33680868994202E-15));
#15417=CARTESIAN_POINT('Origin',(24.1476805880727,13.767144164154,-1.));
#15418=CARTESIAN_POINT('',(24.1476805880727,12.867144164154,-1.));
#15419=CARTESIAN_POINT('',(24.1476805880727,12.867144164154,-1.));
#15420=CARTESIAN_POINT('Origin',(24.1476805880727,13.767144164154,-1.));
#15421=CARTESIAN_POINT('Origin',(24.1476805880727,13.767144164154,-1.));
#15422=CARTESIAN_POINT('',(24.1476805880727,13.107144164154,-1.));
#15423=CARTESIAN_POINT('Origin',(24.1476805880727,13.767144164154,-1.));
#15424=CARTESIAN_POINT('Origin',(24.1476805880727,13.767144164154,-4.57));
#15425=CARTESIAN_POINT('',(24.1476805880727,13.107144164154,-4.57));
#15426=CARTESIAN_POINT('',(24.1476805880727,13.107144164154,-4.57));
#15427=CARTESIAN_POINT('Origin',(24.1476805880727,13.767144164154,-4.57));
#15428=CARTESIAN_POINT('Origin',(24.1476805880727,13.767144164154,-4.785));
#15429=CARTESIAN_POINT('',(24.1476805880727,13.537144164154,-5.));
#15430=CARTESIAN_POINT('',(24.1476805880727,13.322144164154,-4.785));
#15431=CARTESIAN_POINT('Origin',(24.1476805880727,13.767144164154,-5.));
#15432=CARTESIAN_POINT('Origin',(24.1476805880727,13.767144164154,-8.46));
#15433=CARTESIAN_POINT('',(24.1476805880727,13.537144164154,-8.46));
#15434=CARTESIAN_POINT('',(24.1476805880727,13.537144164154,-8.46));
#15435=CARTESIAN_POINT('Origin',(24.1476805880727,13.767144164154,-8.46));
#15436=CARTESIAN_POINT('Origin',(24.1476805880727,13.767144164154,-8.46));
#15437=CARTESIAN_POINT('',(24.1476805880727,13.767144164154,-8.69));
#15438=CARTESIAN_POINT('Origin',(24.1476805880727,13.767144164154,-8.46));
#15439=CARTESIAN_POINT('',(0.,0.,0.));
#15440=CARTESIAN_POINT('Origin',(24.1476805880727,21.387144164154,2.7));
#15441=CARTESIAN_POINT('',(24.1476805880727,21.087144164154,2.7));
#15442=CARTESIAN_POINT('Origin',(24.1476805880727,21.387144164154,2.7));
#15443=CARTESIAN_POINT('',(24.1476805880727,21.387144164154,3.));
#15444=CARTESIAN_POINT('Origin',(24.1476805880727,21.387144164154,2.7));
#15445=CARTESIAN_POINT('Origin',(24.1476805880727,21.387144164154,1.7347234759768E-15));
#15446=CARTESIAN_POINT('',(24.1476805880727,21.087144164154,1.60681534830472E-15));
#15447=CARTESIAN_POINT('',(24.1476805880727,21.087144164154,1.7347234759768E-15));
#15448=CARTESIAN_POINT('Origin',(24.1476805880727,21.387144164154,1.7347234759768E-15));
#15449=CARTESIAN_POINT('Origin',(24.1476805880727,21.387144164154,1.7347234759768E-15));
#15450=CARTESIAN_POINT('',(24.1476805880727,20.487144164154,2.08166817117217E-15));
#15451=CARTESIAN_POINT('Origin',(24.1476805880727,21.387144164154,1.7347234759768E-15));
#15452=CARTESIAN_POINT('Origin',(24.1476805880727,21.387144164154,-1.));
#15453=CARTESIAN_POINT('',(24.1476805880727,20.487144164154,-1.));
#15454=CARTESIAN_POINT('',(24.1476805880727,20.487144164154,-1.));
#15455=CARTESIAN_POINT('Origin',(24.1476805880727,21.387144164154,-1.));
#15456=CARTESIAN_POINT('Origin',(24.1476805880727,21.387144164154,-1.));
#15457=CARTESIAN_POINT('',(24.1476805880727,20.727144164154,-1.));
#15458=CARTESIAN_POINT('Origin',(24.1476805880727,21.387144164154,-1.));
#15459=CARTESIAN_POINT('Origin',(24.1476805880727,21.387144164154,-4.57));
#15460=CARTESIAN_POINT('',(24.1476805880727,20.727144164154,-4.57));
#15461=CARTESIAN_POINT('',(24.1476805880727,20.727144164154,-4.57));
#15462=CARTESIAN_POINT('Origin',(24.1476805880727,21.387144164154,-4.57));
#15463=CARTESIAN_POINT('Origin',(24.1476805880727,21.387144164154,-4.785));
#15464=CARTESIAN_POINT('',(24.1476805880727,21.157144164154,-5.));
#15465=CARTESIAN_POINT('',(24.1476805880727,20.942144164154,-4.785));
#15466=CARTESIAN_POINT('Origin',(24.1476805880727,21.387144164154,-5.));
#15467=CARTESIAN_POINT('Origin',(24.1476805880727,21.387144164154,-8.46));
#15468=CARTESIAN_POINT('',(24.1476805880727,21.157144164154,-8.46));
#15469=CARTESIAN_POINT('',(24.1476805880727,21.157144164154,-8.46));
#15470=CARTESIAN_POINT('Origin',(24.1476805880727,21.387144164154,-8.46));
#15471=CARTESIAN_POINT('Origin',(24.1476805880727,21.387144164154,-8.46));
#15472=CARTESIAN_POINT('',(24.1476805880727,21.387144164154,-8.69));
#15473=CARTESIAN_POINT('Origin',(24.1476805880727,21.387144164154,-8.46));
#15474=CARTESIAN_POINT('',(0.,0.,0.));
#15475=CARTESIAN_POINT('Origin',(24.1476805880727,11.227144164154,-3.5));
#15476=CARTESIAN_POINT('',(24.1476805880727,11.887144164154,-3.5));
#15477=CARTESIAN_POINT('Origin',(24.1476805880727,11.227144164154,-3.5));
#15478=CARTESIAN_POINT('',(24.1476805880727,11.887144164154,-1.));
#15479=CARTESIAN_POINT('',(24.1476805880727,11.887144164154,-3.5));
#15480=CARTESIAN_POINT('Origin',(24.1476805880727,11.227144164154,-1.));
#15481=CARTESIAN_POINT('Origin',(24.1476805880727,8.687144164154,-3.5));
#15482=CARTESIAN_POINT('',(24.1476805880727,9.347144164154,-3.5));
#15483=CARTESIAN_POINT('Origin',(24.1476805880727,8.687144164154,-3.5));
#15484=CARTESIAN_POINT('',(24.1476805880727,9.347144164154,-1.));
#15485=CARTESIAN_POINT('',(24.1476805880727,9.347144164154,-3.5));
#15486=CARTESIAN_POINT('Origin',(24.1476805880727,8.687144164154,-1.));
#15487=CARTESIAN_POINT('Origin',(24.1476805880727,13.767144164154,-3.5));
#15488=CARTESIAN_POINT('',(24.1476805880727,14.427144164154,-3.5));
#15489=CARTESIAN_POINT('Origin',(24.1476805880727,13.767144164154,-3.5));
#15490=CARTESIAN_POINT('',(24.1476805880727,14.427144164154,-1.));
#15491=CARTESIAN_POINT('',(24.1476805880727,14.427144164154,-3.5));
#15492=CARTESIAN_POINT('Origin',(24.1476805880727,13.767144164154,-1.));
#15493=CARTESIAN_POINT('Origin',(24.1476805880727,16.307144164154,-3.5));
#15494=CARTESIAN_POINT('',(24.1476805880727,16.967144164154,-3.5));
#15495=CARTESIAN_POINT('Origin',(24.1476805880727,16.307144164154,-3.5));
#15496=CARTESIAN_POINT('',(24.1476805880727,16.967144164154,-1.));
#15497=CARTESIAN_POINT('',(24.1476805880727,16.967144164154,-3.5));
#15498=CARTESIAN_POINT('Origin',(24.1476805880727,16.307144164154,-1.));
#15499=CARTESIAN_POINT('Origin',(24.1476805880727,18.847144164154,-3.5));
#15500=CARTESIAN_POINT('',(24.1476805880727,19.507144164154,-3.5));
#15501=CARTESIAN_POINT('Origin',(24.1476805880727,18.847144164154,-3.5));
#15502=CARTESIAN_POINT('',(24.1476805880727,19.507144164154,-1.));
#15503=CARTESIAN_POINT('',(24.1476805880727,19.507144164154,-3.5));
#15504=CARTESIAN_POINT('Origin',(24.1476805880727,18.847144164154,-1.));
#15505=CARTESIAN_POINT('Origin',(24.1476805880727,21.387144164154,-3.5));
#15506=CARTESIAN_POINT('',(24.1476805880727,22.047144164154,-3.5));
#15507=CARTESIAN_POINT('Origin',(24.1476805880727,21.387144164154,-3.5));
#15508=CARTESIAN_POINT('',(24.1476805880727,22.047144164154,-1.));
#15509=CARTESIAN_POINT('',(24.1476805880727,22.047144164154,-3.5));
#15510=CARTESIAN_POINT('Origin',(24.1476805880727,21.387144164154,-1.));
#15511=CARTESIAN_POINT('Origin',(24.1476805880727,23.927144164154,-3.5));
#15512=CARTESIAN_POINT('',(24.1476805880727,24.587144164154,-3.5));
#15513=CARTESIAN_POINT('Origin',(24.1476805880727,23.927144164154,-3.5));
#15514=CARTESIAN_POINT('',(24.1476805880727,24.587144164154,-1.));
#15515=CARTESIAN_POINT('',(24.1476805880727,24.587144164154,-3.5));
#15516=CARTESIAN_POINT('Origin',(24.1476805880727,23.927144164154,-1.));
#15517=CARTESIAN_POINT('Origin',(24.1476805880727,26.467144164154,-0.5));
#15518=CARTESIAN_POINT('',(23.3976805880727,27.737144164154,-0.5));
#15519=CARTESIAN_POINT('',(23.3976805880727,27.587144164154,-0.5));
#15520=CARTESIAN_POINT('',(23.3976805880727,27.737144164154,-0.5));
#15521=CARTESIAN_POINT('',(22.8776805880727,27.2869220241754,-0.5));
#15522=CARTESIAN_POINT('',(23.3976805880727,27.587144164154,-0.5));
#15523=CARTESIAN_POINT('',(22.8776805880727,25.6473663041326,-0.5));
#15524=CARTESIAN_POINT('',(22.8776805880727,27.2869220241754,-0.5));
#15525=CARTESIAN_POINT('',(23.3976805880727,25.347144164154,-0.5));
#15526=CARTESIAN_POINT('',(22.8776805880727,25.6473663041326,-0.5));
#15527=CARTESIAN_POINT('',(23.3976805880727,25.047144164154,-0.5));
#15528=CARTESIAN_POINT('',(23.3976805880727,25.347144164154,-0.5));
#15529=CARTESIAN_POINT('',(22.8776805880727,24.7469220241754,-0.5));
#15530=CARTESIAN_POINT('',(23.3976805880727,25.047144164154,-0.5));
#15531=CARTESIAN_POINT('',(22.8776805880727,23.1073663041326,-0.5));
#15532=CARTESIAN_POINT('',(22.8776805880727,24.7469220241754,-0.5));
#15533=CARTESIAN_POINT('',(23.3976805880727,22.807144164154,-0.5));
#15534=CARTESIAN_POINT('',(22.8776805880727,23.1073663041326,-0.5));
#15535=CARTESIAN_POINT('',(23.3976805880727,22.507144164154,-0.5));
#15536=CARTESIAN_POINT('',(23.3976805880727,22.807144164154,-0.5));
#15537=CARTESIAN_POINT('',(22.8776805880727,22.2069220241754,-0.5));
#15538=CARTESIAN_POINT('',(23.3976805880727,22.507144164154,-0.5));
#15539=CARTESIAN_POINT('',(22.8776805880727,20.5673663041326,-0.5));
#15540=CARTESIAN_POINT('',(22.8776805880727,22.2069220241754,-0.5));
#15541=CARTESIAN_POINT('',(23.3976805880727,20.267144164154,-0.5));
#15542=CARTESIAN_POINT('',(22.8776805880727,20.5673663041326,-0.5));
#15543=CARTESIAN_POINT('',(23.3976805880727,19.967144164154,-0.5));
#15544=CARTESIAN_POINT('',(23.3976805880727,20.267144164154,-0.5));
#15545=CARTESIAN_POINT('',(22.8776805880727,19.6669220241754,-0.5));
#15546=CARTESIAN_POINT('',(23.3976805880727,19.967144164154,-0.5));
#15547=CARTESIAN_POINT('',(22.8776805880727,18.0273663041326,-0.5));
#15548=CARTESIAN_POINT('',(22.8776805880727,19.6669220241754,-0.5));
#15549=CARTESIAN_POINT('',(23.3976805880727,17.727144164154,-0.5));
#15550=CARTESIAN_POINT('',(22.8776805880727,18.0273663041326,-0.5));
#15551=CARTESIAN_POINT('',(23.3976805880727,17.427144164154,-0.5));
#15552=CARTESIAN_POINT('',(23.3976805880727,17.727144164154,-0.5));
#15553=CARTESIAN_POINT('',(22.8776805880727,17.1269220241754,-0.5));
#15554=CARTESIAN_POINT('',(23.3976805880727,17.427144164154,-0.5));
#15555=CARTESIAN_POINT('',(22.8776805880727,15.4873663041326,-0.5));
#15556=CARTESIAN_POINT('',(22.8776805880727,17.1269220241754,-0.5));
#15557=CARTESIAN_POINT('',(23.3976805880727,15.187144164154,-0.5));
#15558=CARTESIAN_POINT('',(22.8776805880727,15.4873663041326,-0.5));
#15559=CARTESIAN_POINT('',(23.3976805880727,14.887144164154,-0.5));
#15560=CARTESIAN_POINT('',(23.3976805880727,15.187144164154,-0.5));
#15561=CARTESIAN_POINT('',(22.8776805880727,14.5869220241754,-0.5));
#15562=CARTESIAN_POINT('',(23.3976805880727,14.887144164154,-0.5));
#15563=CARTESIAN_POINT('',(22.8776805880727,12.9473663041326,-0.5));
#15564=CARTESIAN_POINT('',(22.8776805880727,14.5869220241754,-0.5));
#15565=CARTESIAN_POINT('',(23.3976805880727,12.647144164154,-0.5));
#15566=CARTESIAN_POINT('',(22.8776805880727,12.9473663041326,-0.5));
#15567=CARTESIAN_POINT('',(23.3976805880727,12.347144164154,-0.5));
#15568=CARTESIAN_POINT('',(23.3976805880727,12.647144164154,-0.5));
#15569=CARTESIAN_POINT('',(22.8776805880727,12.0469220241754,-0.5));
#15570=CARTESIAN_POINT('',(23.3976805880727,12.347144164154,-0.5));
#15571=CARTESIAN_POINT('',(22.8776805880727,10.4073663041326,-0.5));
#15572=CARTESIAN_POINT('',(22.8776805880727,12.0469220241754,-0.5));
#15573=CARTESIAN_POINT('',(23.3976805880727,10.107144164154,-0.5));
#15574=CARTESIAN_POINT('',(22.8776805880727,10.4073663041326,-0.5));
#15575=CARTESIAN_POINT('',(23.3976805880727,9.807144164154,-0.5));
#15576=CARTESIAN_POINT('',(23.3976805880727,10.107144164154,-0.5));
#15577=CARTESIAN_POINT('',(22.8776805880727,9.5069220241754,-0.5));
#15578=CARTESIAN_POINT('',(23.3976805880727,9.807144164154,-0.5));
#15579=CARTESIAN_POINT('',(22.8776805880727,7.8673663041326,-0.499999999999994));
#15580=CARTESIAN_POINT('',(22.8776805880727,9.5069220241754,-0.499999999999994));
#15581=CARTESIAN_POINT('',(23.3976805880727,7.567144164154,-0.499999999999994));
#15582=CARTESIAN_POINT('',(22.8776805880727,7.8673663041326,-0.499999999999994));
#15583=CARTESIAN_POINT('',(23.3976805880727,7.417144164154,-0.499999999999994));
#15584=CARTESIAN_POINT('',(23.3976805880727,7.567144164154,-0.499999999999994));
#15585=CARTESIAN_POINT('',(24.8976805880727,7.417144164154,-0.499999999999994));
#15586=CARTESIAN_POINT('',(23.3976805880727,7.417144164154,-0.499999999999994));
#15587=CARTESIAN_POINT('',(24.8976805880727,7.567144164154,-0.499999999999994));
#15588=CARTESIAN_POINT('',(24.8976805880727,7.417144164154,-0.499999999999994));
#15589=CARTESIAN_POINT('',(25.4176805880727,7.8673663041326,-0.499999999999994));
#15590=CARTESIAN_POINT('',(24.8976805880727,7.567144164154,-0.499999999999994));
#15591=CARTESIAN_POINT('',(25.4176805880727,9.5069220241754,-0.499999999999994));
#15592=CARTESIAN_POINT('',(25.4176805880727,7.8673663041326,-0.499999999999994));
#15593=CARTESIAN_POINT('',(24.8976805880727,9.807144164154,-0.5));
#15594=CARTESIAN_POINT('',(25.4176805880727,9.5069220241754,-0.499999999999994));
#15595=CARTESIAN_POINT('',(24.8976805880727,10.107144164154,-0.5));
#15596=CARTESIAN_POINT('',(24.8976805880727,9.807144164154,-0.5));
#15597=CARTESIAN_POINT('',(25.4176805880727,10.4073663041326,-0.5));
#15598=CARTESIAN_POINT('',(24.8976805880727,10.107144164154,-0.5));
#15599=CARTESIAN_POINT('',(25.4176805880727,12.0469220241754,-0.5));
#15600=CARTESIAN_POINT('',(25.4176805880727,10.4073663041326,-0.5));
#15601=CARTESIAN_POINT('',(24.8976805880727,12.347144164154,-0.5));
#15602=CARTESIAN_POINT('',(25.4176805880727,12.0469220241754,-0.5));
#15603=CARTESIAN_POINT('',(24.8976805880727,12.647144164154,-0.5));
#15604=CARTESIAN_POINT('',(24.8976805880727,12.347144164154,-0.5));
#15605=CARTESIAN_POINT('',(25.4176805880727,12.9473663041326,-0.5));
#15606=CARTESIAN_POINT('',(24.8976805880727,12.647144164154,-0.5));
#15607=CARTESIAN_POINT('',(25.4176805880727,14.5869220241754,-0.5));
#15608=CARTESIAN_POINT('',(25.4176805880727,12.9473663041326,-0.5));
#15609=CARTESIAN_POINT('',(24.8976805880727,14.887144164154,-0.5));
#15610=CARTESIAN_POINT('',(25.4176805880727,14.5869220241754,-0.5));
#15611=CARTESIAN_POINT('',(24.8976805880727,15.187144164154,-0.5));
#15612=CARTESIAN_POINT('',(24.8976805880727,14.887144164154,-0.5));
#15613=CARTESIAN_POINT('',(25.4176805880727,15.4873663041326,-0.5));
#15614=CARTESIAN_POINT('',(24.8976805880727,15.187144164154,-0.5));
#15615=CARTESIAN_POINT('',(25.4176805880727,17.1269220241754,-0.5));
#15616=CARTESIAN_POINT('',(25.4176805880727,15.4873663041326,-0.5));
#15617=CARTESIAN_POINT('',(24.8976805880727,17.427144164154,-0.5));
#15618=CARTESIAN_POINT('',(25.4176805880727,17.1269220241754,-0.5));
#15619=CARTESIAN_POINT('',(24.8976805880727,17.727144164154,-0.5));
#15620=CARTESIAN_POINT('',(24.8976805880727,17.427144164154,-0.5));
#15621=CARTESIAN_POINT('',(25.4176805880727,18.0273663041326,-0.5));
#15622=CARTESIAN_POINT('',(24.8976805880727,17.727144164154,-0.5));
#15623=CARTESIAN_POINT('',(25.4176805880727,19.6669220241754,-0.5));
#15624=CARTESIAN_POINT('',(25.4176805880727,18.0273663041326,-0.5));
#15625=CARTESIAN_POINT('',(24.8976805880727,19.967144164154,-0.5));
#15626=CARTESIAN_POINT('',(25.4176805880727,19.6669220241754,-0.5));
#15627=CARTESIAN_POINT('',(24.8976805880727,20.267144164154,-0.5));
#15628=CARTESIAN_POINT('',(24.8976805880727,19.967144164154,-0.5));
#15629=CARTESIAN_POINT('',(25.4176805880727,20.5673663041326,-0.5));
#15630=CARTESIAN_POINT('',(24.8976805880727,20.267144164154,-0.5));
#15631=CARTESIAN_POINT('',(25.4176805880727,22.2069220241754,-0.5));
#15632=CARTESIAN_POINT('',(25.4176805880727,20.5673663041326,-0.5));
#15633=CARTESIAN_POINT('',(24.8976805880727,22.507144164154,-0.5));
#15634=CARTESIAN_POINT('',(25.4176805880727,22.2069220241754,-0.5));
#15635=CARTESIAN_POINT('',(24.8976805880727,22.807144164154,-0.5));
#15636=CARTESIAN_POINT('',(24.8976805880727,22.507144164154,-0.5));
#15637=CARTESIAN_POINT('',(25.4176805880727,23.1073663041326,-0.5));
#15638=CARTESIAN_POINT('',(24.8976805880727,22.807144164154,-0.5));
#15639=CARTESIAN_POINT('',(25.4176805880727,24.7469220241754,-0.5));
#15640=CARTESIAN_POINT('',(25.4176805880727,23.1073663041326,-0.5));
#15641=CARTESIAN_POINT('',(24.8976805880727,25.047144164154,-0.5));
#15642=CARTESIAN_POINT('',(25.4176805880727,24.7469220241754,-0.5));
#15643=CARTESIAN_POINT('',(24.8976805880727,25.347144164154,-0.5));
#15644=CARTESIAN_POINT('',(24.8976805880727,25.047144164154,-0.5));
#15645=CARTESIAN_POINT('',(25.4176805880727,25.6473663041326,-0.5));
#15646=CARTESIAN_POINT('',(24.8976805880727,25.347144164154,-0.5));
#15647=CARTESIAN_POINT('',(25.4176805880727,27.2869220241754,-0.5));
#15648=CARTESIAN_POINT('',(25.4176805880727,25.6473663041326,-0.5));
#15649=CARTESIAN_POINT('',(24.8976805880727,27.587144164154,-0.5));
#15650=CARTESIAN_POINT('',(25.4176805880727,27.2869220241754,-0.5));
#15651=CARTESIAN_POINT('',(24.8976805880727,27.737144164154,-0.5));
#15652=CARTESIAN_POINT('',(24.8976805880727,27.587144164154,-0.5));
#15653=CARTESIAN_POINT('',(24.8976805880727,27.737144164154,-0.5));
#15654=CARTESIAN_POINT('',(24.1476805880727,24.827144164154,-0.5));
#15655=CARTESIAN_POINT('Origin',(24.1476805880727,23.927144164154,-0.5));
#15656=CARTESIAN_POINT('',(24.1476805880727,22.287144164154,-0.5));
#15657=CARTESIAN_POINT('Origin',(24.1476805880727,21.387144164154,-0.5));
#15658=CARTESIAN_POINT('',(24.1476805880727,19.747144164154,-0.5));
#15659=CARTESIAN_POINT('Origin',(24.1476805880727,18.847144164154,-0.5));
#15660=CARTESIAN_POINT('',(24.1476805880727,17.207144164154,-0.5));
#15661=CARTESIAN_POINT('Origin',(24.1476805880727,16.307144164154,-0.5));
#15662=CARTESIAN_POINT('',(24.1476805880727,14.667144164154,-0.5));
#15663=CARTESIAN_POINT('Origin',(24.1476805880727,13.767144164154,-0.5));
#15664=CARTESIAN_POINT('',(24.1476805880727,12.127144164154,-0.5));
#15665=CARTESIAN_POINT('Origin',(24.1476805880727,11.227144164154,-0.5));
#15666=CARTESIAN_POINT('',(24.1476805880727,9.587144164154,-0.499999999999994));
#15667=CARTESIAN_POINT('Origin',(24.1476805880727,8.687144164154,-0.499999999999994));
#15668=CARTESIAN_POINT('',(24.1476805880727,27.367144164154,-0.5));
#15669=CARTESIAN_POINT('Origin',(24.1476805880727,26.467144164154,-0.5));
#15670=CARTESIAN_POINT('Origin',(24.1476805880727,26.467144164154,-1.));
#15671=CARTESIAN_POINT('',(24.1476805880727,9.587144164154,-1.));
#15672=CARTESIAN_POINT('Origin',(24.1476805880727,8.687144164154,-1.));
#15673=CARTESIAN_POINT('Origin',(24.1476805880727,8.687144164154,-1.));
#15674=CARTESIAN_POINT('',(24.1476805880727,9.587144164154,-1.));
#15675=CARTESIAN_POINT('Origin',(24.1476805880727,26.467144164154,-1.));
#15676=CARTESIAN_POINT('',(24.1476805880727,12.127144164154,-1.));
#15677=CARTESIAN_POINT('Origin',(24.1476805880727,11.227144164154,-1.));
#15678=CARTESIAN_POINT('Origin',(24.1476805880727,11.227144164154,-1.));
#15679=CARTESIAN_POINT('',(24.1476805880727,12.127144164154,-1.));
#15680=CARTESIAN_POINT('Origin',(24.1476805880727,26.467144164154,-1.));
#15681=CARTESIAN_POINT('',(24.1476805880727,14.667144164154,-1.));
#15682=CARTESIAN_POINT('Origin',(24.1476805880727,13.767144164154,-1.));
#15683=CARTESIAN_POINT('Origin',(24.1476805880727,13.767144164154,-1.));
#15684=CARTESIAN_POINT('',(24.1476805880727,14.667144164154,-1.));
#15685=CARTESIAN_POINT('Origin',(24.1476805880727,26.467144164154,-1.));
#15686=CARTESIAN_POINT('',(24.1476805880727,17.207144164154,-1.));
#15687=CARTESIAN_POINT('Origin',(24.1476805880727,16.307144164154,-1.));
#15688=CARTESIAN_POINT('Origin',(24.1476805880727,16.307144164154,-1.));
#15689=CARTESIAN_POINT('',(24.1476805880727,17.207144164154,-1.));
#15690=CARTESIAN_POINT('Origin',(24.1476805880727,26.467144164154,-1.));
#15691=CARTESIAN_POINT('',(24.1476805880727,19.747144164154,-1.));
#15692=CARTESIAN_POINT('Origin',(24.1476805880727,18.847144164154,-1.));
#15693=CARTESIAN_POINT('Origin',(24.1476805880727,18.847144164154,-1.));
#15694=CARTESIAN_POINT('',(24.1476805880727,19.747144164154,-1.));
#15695=CARTESIAN_POINT('Origin',(24.1476805880727,26.467144164154,-1.));
#15696=CARTESIAN_POINT('',(24.1476805880727,22.287144164154,-1.));
#15697=CARTESIAN_POINT('Origin',(24.1476805880727,21.387144164154,-1.));
#15698=CARTESIAN_POINT('Origin',(24.1476805880727,21.387144164154,-1.));
#15699=CARTESIAN_POINT('',(24.1476805880727,22.287144164154,-1.));
#15700=CARTESIAN_POINT('Origin',(24.1476805880727,26.467144164154,-1.));
#15701=CARTESIAN_POINT('',(24.1476805880727,24.827144164154,-1.));
#15702=CARTESIAN_POINT('Origin',(24.1476805880727,23.927144164154,-1.));
#15703=CARTESIAN_POINT('Origin',(24.1476805880727,23.927144164154,-1.));
#15704=CARTESIAN_POINT('',(24.1476805880727,24.827144164154,-1.));
#15705=CARTESIAN_POINT('Origin',(24.1476805880727,26.467144164154,-3.5));
#15706=CARTESIAN_POINT('',(24.8976805880727,27.737144164154,-3.5));
#15707=CARTESIAN_POINT('',(23.3976805880727,27.737144164154,-3.5));
#15708=CARTESIAN_POINT('',(24.8976805880727,27.737144164154,-3.5));
#15709=CARTESIAN_POINT('',(24.8976805880727,27.587144164154,-3.5));
#15710=CARTESIAN_POINT('',(24.8976805880727,27.587144164154,-3.5));
#15711=CARTESIAN_POINT('',(25.4176805880727,27.2869220241754,-3.5));
#15712=CARTESIAN_POINT('',(25.4176805880727,27.2869220241754,-3.5));
#15713=CARTESIAN_POINT('',(25.4176805880727,25.6473663041326,-3.5));
#15714=CARTESIAN_POINT('',(25.4176805880727,25.6473663041326,-3.5));
#15715=CARTESIAN_POINT('',(24.8976805880727,25.347144164154,-3.5));
#15716=CARTESIAN_POINT('',(24.8976805880727,25.347144164154,-3.5));
#15717=CARTESIAN_POINT('',(24.8976805880727,25.047144164154,-3.5));
#15718=CARTESIAN_POINT('',(24.8976805880727,25.047144164154,-3.5));
#15719=CARTESIAN_POINT('',(25.4176805880727,24.7469220241754,-3.5));
#15720=CARTESIAN_POINT('',(25.4176805880727,24.7469220241754,-3.5));
#15721=CARTESIAN_POINT('',(25.4176805880727,23.1073663041326,-3.5));
#15722=CARTESIAN_POINT('',(25.4176805880727,23.1073663041326,-3.5));
#15723=CARTESIAN_POINT('',(24.8976805880727,22.807144164154,-3.5));
#15724=CARTESIAN_POINT('',(24.8976805880727,22.807144164154,-3.5));
#15725=CARTESIAN_POINT('',(24.8976805880727,22.507144164154,-3.5));
#15726=CARTESIAN_POINT('',(24.8976805880727,22.507144164154,-3.5));
#15727=CARTESIAN_POINT('',(25.4176805880727,22.2069220241754,-3.5));
#15728=CARTESIAN_POINT('',(25.4176805880727,22.2069220241754,-3.5));
#15729=CARTESIAN_POINT('',(25.4176805880727,20.5673663041326,-3.5));
#15730=CARTESIAN_POINT('',(25.4176805880727,20.5673663041326,-3.5));
#15731=CARTESIAN_POINT('',(24.8976805880727,20.267144164154,-3.5));
#15732=CARTESIAN_POINT('',(24.8976805880727,20.267144164154,-3.5));
#15733=CARTESIAN_POINT('',(24.8976805880727,19.967144164154,-3.5));
#15734=CARTESIAN_POINT('',(24.8976805880727,19.967144164154,-3.5));
#15735=CARTESIAN_POINT('',(25.4176805880727,19.6669220241754,-3.5));
#15736=CARTESIAN_POINT('',(25.4176805880727,19.6669220241754,-3.5));
#15737=CARTESIAN_POINT('',(25.4176805880727,18.0273663041326,-3.5));
#15738=CARTESIAN_POINT('',(25.4176805880727,18.0273663041326,-3.5));
#15739=CARTESIAN_POINT('',(24.8976805880727,17.727144164154,-3.5));
#15740=CARTESIAN_POINT('',(24.8976805880727,17.727144164154,-3.5));
#15741=CARTESIAN_POINT('',(24.8976805880727,17.427144164154,-3.5));
#15742=CARTESIAN_POINT('',(24.8976805880727,17.427144164154,-3.5));
#15743=CARTESIAN_POINT('',(25.4176805880727,17.1269220241754,-3.5));
#15744=CARTESIAN_POINT('',(25.4176805880727,17.1269220241754,-3.5));
#15745=CARTESIAN_POINT('',(25.4176805880727,15.4873663041326,-3.5));
#15746=CARTESIAN_POINT('',(25.4176805880727,15.4873663041326,-3.5));
#15747=CARTESIAN_POINT('',(24.8976805880727,15.187144164154,-3.5));
#15748=CARTESIAN_POINT('',(24.8976805880727,15.187144164154,-3.5));
#15749=CARTESIAN_POINT('',(24.8976805880727,14.887144164154,-3.5));
#15750=CARTESIAN_POINT('',(24.8976805880727,14.887144164154,-3.5));
#15751=CARTESIAN_POINT('',(25.4176805880727,14.5869220241754,-3.5));
#15752=CARTESIAN_POINT('',(25.4176805880727,14.5869220241754,-3.5));
#15753=CARTESIAN_POINT('',(25.4176805880727,12.9473663041326,-3.5));
#15754=CARTESIAN_POINT('',(25.4176805880727,12.9473663041326,-3.5));
#15755=CARTESIAN_POINT('',(24.8976805880727,12.647144164154,-3.5));
#15756=CARTESIAN_POINT('',(24.8976805880727,12.647144164154,-3.5));
#15757=CARTESIAN_POINT('',(24.8976805880727,12.347144164154,-3.5));
#15758=CARTESIAN_POINT('',(24.8976805880727,12.347144164154,-3.5));
#15759=CARTESIAN_POINT('',(25.4176805880727,12.0469220241754,-3.5));
#15760=CARTESIAN_POINT('',(25.4176805880727,12.0469220241754,-3.5));
#15761=CARTESIAN_POINT('',(25.4176805880727,10.4073663041326,-3.5));
#15762=CARTESIAN_POINT('',(25.4176805880727,10.4073663041326,-3.5));
#15763=CARTESIAN_POINT('',(24.8976805880727,10.107144164154,-3.5));
#15764=CARTESIAN_POINT('',(24.8976805880727,10.107144164154,-3.5));
#15765=CARTESIAN_POINT('',(24.8976805880727,9.807144164154,-3.5));
#15766=CARTESIAN_POINT('',(24.8976805880727,9.807144164154,-3.5));
#15767=CARTESIAN_POINT('',(25.4176805880727,9.5069220241754,-3.5));
#15768=CARTESIAN_POINT('',(25.4176805880727,9.5069220241754,-3.5));
#15769=CARTESIAN_POINT('',(25.4176805880727,7.8673663041326,-3.5));
#15770=CARTESIAN_POINT('',(25.4176805880727,7.8673663041326,-3.5));
#15771=CARTESIAN_POINT('',(24.8976805880727,7.567144164154,-3.5));
#15772=CARTESIAN_POINT('',(24.8976805880727,7.567144164154,-3.5));
#15773=CARTESIAN_POINT('',(24.8976805880727,7.417144164154,-3.5));
#15774=CARTESIAN_POINT('',(24.8976805880727,7.417144164154,-3.5));
#15775=CARTESIAN_POINT('',(23.3976805880727,7.417144164154,-3.5));
#15776=CARTESIAN_POINT('',(23.3976805880727,7.417144164154,-3.5));
#15777=CARTESIAN_POINT('',(23.3976805880727,7.567144164154,-3.5));
#15778=CARTESIAN_POINT('',(23.3976805880727,7.567144164154,-3.5));
#15779=CARTESIAN_POINT('',(22.8776805880727,7.8673663041326,-3.5));
#15780=CARTESIAN_POINT('',(22.8776805880727,7.8673663041326,-3.5));
#15781=CARTESIAN_POINT('',(22.8776805880727,9.5069220241754,-3.5));
#15782=CARTESIAN_POINT('',(22.8776805880727,9.5069220241754,-3.5));
#15783=CARTESIAN_POINT('',(23.3976805880727,9.807144164154,-3.5));
#15784=CARTESIAN_POINT('',(23.3976805880727,9.807144164154,-3.5));
#15785=CARTESIAN_POINT('',(23.3976805880727,10.107144164154,-3.5));
#15786=CARTESIAN_POINT('',(23.3976805880727,10.107144164154,-3.5));
#15787=CARTESIAN_POINT('',(22.8776805880727,10.4073663041326,-3.5));
#15788=CARTESIAN_POINT('',(22.8776805880727,10.4073663041326,-3.5));
#15789=CARTESIAN_POINT('',(22.8776805880727,12.0469220241754,-3.5));
#15790=CARTESIAN_POINT('',(22.8776805880727,12.0469220241754,-3.5));
#15791=CARTESIAN_POINT('',(23.3976805880727,12.347144164154,-3.5));
#15792=CARTESIAN_POINT('',(23.3976805880727,12.347144164154,-3.5));
#15793=CARTESIAN_POINT('',(23.3976805880727,12.647144164154,-3.5));
#15794=CARTESIAN_POINT('',(23.3976805880727,12.647144164154,-3.5));
#15795=CARTESIAN_POINT('',(22.8776805880727,12.9473663041326,-3.5));
#15796=CARTESIAN_POINT('',(22.8776805880727,12.9473663041326,-3.5));
#15797=CARTESIAN_POINT('',(22.8776805880727,14.5869220241754,-3.5));
#15798=CARTESIAN_POINT('',(22.8776805880727,14.5869220241754,-3.5));
#15799=CARTESIAN_POINT('',(23.3976805880727,14.887144164154,-3.5));
#15800=CARTESIAN_POINT('',(23.3976805880727,14.887144164154,-3.5));
#15801=CARTESIAN_POINT('',(23.3976805880727,15.187144164154,-3.5));
#15802=CARTESIAN_POINT('',(23.3976805880727,15.187144164154,-3.5));
#15803=CARTESIAN_POINT('',(22.8776805880727,15.4873663041326,-3.5));
#15804=CARTESIAN_POINT('',(22.8776805880727,15.4873663041326,-3.5));
#15805=CARTESIAN_POINT('',(22.8776805880727,17.1269220241754,-3.5));
#15806=CARTESIAN_POINT('',(22.8776805880727,17.1269220241754,-3.5));
#15807=CARTESIAN_POINT('',(23.3976805880727,17.427144164154,-3.5));
#15808=CARTESIAN_POINT('',(23.3976805880727,17.427144164154,-3.5));
#15809=CARTESIAN_POINT('',(23.3976805880727,17.727144164154,-3.5));
#15810=CARTESIAN_POINT('',(23.3976805880727,17.727144164154,-3.5));
#15811=CARTESIAN_POINT('',(22.8776805880727,18.0273663041326,-3.5));
#15812=CARTESIAN_POINT('',(22.8776805880727,18.0273663041326,-3.5));
#15813=CARTESIAN_POINT('',(22.8776805880727,19.6669220241754,-3.5));
#15814=CARTESIAN_POINT('',(22.8776805880727,19.6669220241754,-3.5));
#15815=CARTESIAN_POINT('',(23.3976805880727,19.967144164154,-3.5));
#15816=CARTESIAN_POINT('',(23.3976805880727,19.967144164154,-3.5));
#15817=CARTESIAN_POINT('',(23.3976805880727,20.267144164154,-3.5));
#15818=CARTESIAN_POINT('',(23.3976805880727,20.267144164154,-3.5));
#15819=CARTESIAN_POINT('',(22.8776805880727,20.5673663041326,-3.5));
#15820=CARTESIAN_POINT('',(22.8776805880727,20.5673663041326,-3.5));
#15821=CARTESIAN_POINT('',(22.8776805880727,22.2069220241754,-3.5));
#15822=CARTESIAN_POINT('',(22.8776805880727,22.2069220241754,-3.5));
#15823=CARTESIAN_POINT('',(23.3976805880727,22.507144164154,-3.5));
#15824=CARTESIAN_POINT('',(23.3976805880727,22.507144164154,-3.5));
#15825=CARTESIAN_POINT('',(23.3976805880727,22.807144164154,-3.5));
#15826=CARTESIAN_POINT('',(23.3976805880727,22.807144164154,-3.5));
#15827=CARTESIAN_POINT('',(22.8776805880727,23.1073663041326,-3.5));
#15828=CARTESIAN_POINT('',(22.8776805880727,23.1073663041326,-3.5));
#15829=CARTESIAN_POINT('',(22.8776805880727,24.7469220241754,-3.5));
#15830=CARTESIAN_POINT('',(22.8776805880727,24.7469220241754,-3.5));
#15831=CARTESIAN_POINT('',(23.3976805880727,25.047144164154,-3.5));
#15832=CARTESIAN_POINT('',(23.3976805880727,25.047144164154,-3.5));
#15833=CARTESIAN_POINT('',(23.3976805880727,25.347144164154,-3.5));
#15834=CARTESIAN_POINT('',(23.3976805880727,25.347144164154,-3.5));
#15835=CARTESIAN_POINT('',(22.8776805880727,25.6473663041326,-3.5));
#15836=CARTESIAN_POINT('',(22.8776805880727,25.6473663041326,-3.5));
#15837=CARTESIAN_POINT('',(22.8776805880727,27.2869220241754,-3.5));
#15838=CARTESIAN_POINT('',(22.8776805880727,27.2869220241754,-3.5));
#15839=CARTESIAN_POINT('',(23.3976805880727,27.587144164154,-3.5));
#15840=CARTESIAN_POINT('',(23.3976805880727,27.587144164154,-3.5));
#15841=CARTESIAN_POINT('',(23.3976805880727,27.737144164154,-3.5));
#15842=CARTESIAN_POINT('',(24.1476805880727,27.127144164154,-3.5));
#15843=CARTESIAN_POINT('Origin',(24.1476805880727,26.467144164154,-3.5));
#15844=CARTESIAN_POINT('Origin',(23.3976805880727,25.347144164154,-3.5));
#15845=CARTESIAN_POINT('',(23.3976805880727,27.587144164154,-3.5));
#15846=CARTESIAN_POINT('',(23.3976805880727,27.737144164154,-3.5));
#15847=CARTESIAN_POINT('Origin',(23.3976805880727,27.587144164154,-3.5));
#15848=CARTESIAN_POINT('',(22.8776805880727,27.2869220241754,-3.5));
#15849=CARTESIAN_POINT('Origin',(22.8776805880727,27.2869220241754,-3.5));
#15850=CARTESIAN_POINT('',(22.8776805880727,25.6473663041326,-3.5));
#15851=CARTESIAN_POINT('Origin',(22.8776805880727,25.6473663041326,-3.5));
#15852=CARTESIAN_POINT('',(23.3976805880727,25.347144164154,-3.5));
#15853=CARTESIAN_POINT('Origin',(23.3976805880727,25.347144164154,-3.5));
#15854=CARTESIAN_POINT('',(23.3976805880727,25.047144164154,-3.5));
#15855=CARTESIAN_POINT('Origin',(23.3976805880727,25.047144164154,-3.5));
#15856=CARTESIAN_POINT('',(22.8776805880727,24.7469220241754,-3.5));
#15857=CARTESIAN_POINT('Origin',(22.8776805880727,27.2869220241754,-3.5));
#15858=CARTESIAN_POINT('',(22.8776805880727,23.1073663041326,-3.5));
#15859=CARTESIAN_POINT('Origin',(22.8776805880727,23.1073663041326,-3.5));
#15860=CARTESIAN_POINT('',(23.3976805880727,22.807144164154,-3.5));
#15861=CARTESIAN_POINT('Origin',(23.3976805880727,25.347144164154,-3.5));
#15862=CARTESIAN_POINT('',(23.3976805880727,22.507144164154,-3.5));
#15863=CARTESIAN_POINT('Origin',(23.3976805880727,22.507144164154,-3.5));
#15864=CARTESIAN_POINT('',(22.8776805880727,22.2069220241754,-3.5));
#15865=CARTESIAN_POINT('Origin',(22.8776805880727,27.2869220241754,-3.5));
#15866=CARTESIAN_POINT('',(22.8776805880727,20.5673663041326,-3.5));
#15867=CARTESIAN_POINT('Origin',(22.8776805880727,20.5673663041326,-3.5));
#15868=CARTESIAN_POINT('',(23.3976805880727,20.267144164154,-3.5));
#15869=CARTESIAN_POINT('Origin',(23.3976805880727,25.347144164154,-3.5));
#15870=CARTESIAN_POINT('',(23.3976805880727,19.967144164154,-3.5));
#15871=CARTESIAN_POINT('Origin',(23.3976805880727,19.967144164154,-3.5));
#15872=CARTESIAN_POINT('',(22.8776805880727,19.6669220241754,-3.5));
#15873=CARTESIAN_POINT('Origin',(22.8776805880727,27.2869220241754,-3.5));
#15874=CARTESIAN_POINT('',(22.8776805880727,18.0273663041326,-3.5));
#15875=CARTESIAN_POINT('Origin',(22.8776805880727,18.0273663041326,-3.5));
#15876=CARTESIAN_POINT('',(23.3976805880727,17.727144164154,-3.5));
#15877=CARTESIAN_POINT('Origin',(23.3976805880727,25.347144164154,-3.5));
#15878=CARTESIAN_POINT('',(23.3976805880727,17.427144164154,-3.5));
#15879=CARTESIAN_POINT('Origin',(23.3976805880727,17.427144164154,-3.5));
#15880=CARTESIAN_POINT('',(22.8776805880727,17.1269220241754,-3.5));
#15881=CARTESIAN_POINT('Origin',(22.8776805880727,27.2869220241754,-3.5));
#15882=CARTESIAN_POINT('',(22.8776805880727,15.4873663041326,-3.5));
#15883=CARTESIAN_POINT('Origin',(22.8776805880727,15.4873663041326,-3.5));
#15884=CARTESIAN_POINT('',(23.3976805880727,15.187144164154,-3.5));
#15885=CARTESIAN_POINT('Origin',(23.3976805880727,25.347144164154,-3.5));
#15886=CARTESIAN_POINT('',(23.3976805880727,14.887144164154,-3.5));
#15887=CARTESIAN_POINT('Origin',(23.3976805880727,14.887144164154,-3.5));
#15888=CARTESIAN_POINT('',(22.8776805880727,14.5869220241754,-3.5));
#15889=CARTESIAN_POINT('Origin',(22.8776805880727,27.2869220241754,-3.5));
#15890=CARTESIAN_POINT('',(22.8776805880727,12.9473663041326,-3.5));
#15891=CARTESIAN_POINT('Origin',(22.8776805880727,12.9473663041326,-3.5));
#15892=CARTESIAN_POINT('',(23.3976805880727,12.647144164154,-3.5));
#15893=CARTESIAN_POINT('Origin',(23.3976805880727,25.347144164154,-3.5));
#15894=CARTESIAN_POINT('',(23.3976805880727,12.347144164154,-3.5));
#15895=CARTESIAN_POINT('Origin',(23.3976805880727,12.347144164154,-3.5));
#15896=CARTESIAN_POINT('',(22.8776805880727,12.0469220241754,-3.5));
#15897=CARTESIAN_POINT('Origin',(22.8776805880727,27.2869220241754,-3.5));
#15898=CARTESIAN_POINT('',(22.8776805880727,10.4073663041326,-3.5));
#15899=CARTESIAN_POINT('Origin',(22.8776805880727,10.4073663041326,-3.5));
#15900=CARTESIAN_POINT('',(23.3976805880727,10.107144164154,-3.5));
#15901=CARTESIAN_POINT('Origin',(23.3976805880727,25.347144164154,-3.5));
#15902=CARTESIAN_POINT('',(23.3976805880727,9.807144164154,-3.5));
#15903=CARTESIAN_POINT('Origin',(23.3976805880727,9.807144164154,-3.5));
#15904=CARTESIAN_POINT('',(22.8776805880727,9.5069220241754,-3.5));
#15905=CARTESIAN_POINT('Origin',(22.8776805880727,27.2869220241754,-3.5));
#15906=CARTESIAN_POINT('',(22.8776805880727,7.8673663041326,-3.5));
#15907=CARTESIAN_POINT('Origin',(22.8776805880727,7.8673663041326,-3.5));
#15908=CARTESIAN_POINT('',(23.3976805880727,7.567144164154,-3.5));
#15909=CARTESIAN_POINT('Origin',(23.3976805880727,25.347144164154,-3.5));
#15910=CARTESIAN_POINT('',(23.3976805880727,7.417144164154,-3.5));
#15911=CARTESIAN_POINT('Origin',(23.3976805880727,7.417144164154,-3.5));
#15912=CARTESIAN_POINT('',(24.8976805880727,7.417144164154,-3.5));
#15913=CARTESIAN_POINT('Origin',(24.8976805880727,25.197144164154,-3.5));
#15914=CARTESIAN_POINT('',(24.8976805880727,7.567144164154,-3.5));
#15915=CARTESIAN_POINT('Origin',(24.8976805880727,7.567144164154,-3.5));
#15916=CARTESIAN_POINT('',(25.4176805880727,7.8673663041326,-3.5));
#15917=CARTESIAN_POINT('Origin',(25.4176805880727,25.6473663041326,-3.5));
#15918=CARTESIAN_POINT('',(25.4176805880727,9.5069220241754,-3.5));
#15919=CARTESIAN_POINT('Origin',(25.4176805880727,9.5069220241754,-3.5));
#15920=CARTESIAN_POINT('',(24.8976805880727,9.807144164154,-3.5));
#15921=CARTESIAN_POINT('Origin',(24.8976805880727,25.197144164154,-3.5));
#15922=CARTESIAN_POINT('',(24.8976805880727,10.107144164154,-3.5));
#15923=CARTESIAN_POINT('Origin',(24.8976805880727,10.107144164154,-3.5));
#15924=CARTESIAN_POINT('',(25.4176805880727,10.4073663041326,-3.5));
#15925=CARTESIAN_POINT('Origin',(25.4176805880727,25.6473663041326,-3.5));
#15926=CARTESIAN_POINT('',(25.4176805880727,12.0469220241754,-3.5));
#15927=CARTESIAN_POINT('Origin',(25.4176805880727,12.0469220241754,-3.5));
#15928=CARTESIAN_POINT('',(24.8976805880727,12.347144164154,-3.5));
#15929=CARTESIAN_POINT('Origin',(24.8976805880727,25.197144164154,-3.5));
#15930=CARTESIAN_POINT('',(24.8976805880727,12.647144164154,-3.5));
#15931=CARTESIAN_POINT('Origin',(24.8976805880727,12.647144164154,-3.5));
#15932=CARTESIAN_POINT('',(25.4176805880727,12.9473663041326,-3.5));
#15933=CARTESIAN_POINT('Origin',(25.4176805880727,25.6473663041326,-3.5));
#15934=CARTESIAN_POINT('',(25.4176805880727,14.5869220241754,-3.5));
#15935=CARTESIAN_POINT('Origin',(25.4176805880727,14.5869220241754,-3.5));
#15936=CARTESIAN_POINT('',(24.8976805880727,14.887144164154,-3.5));
#15937=CARTESIAN_POINT('Origin',(24.8976805880727,25.197144164154,-3.5));
#15938=CARTESIAN_POINT('',(24.8976805880727,15.187144164154,-3.5));
#15939=CARTESIAN_POINT('Origin',(24.8976805880727,15.187144164154,-3.5));
#15940=CARTESIAN_POINT('',(25.4176805880727,15.4873663041326,-3.5));
#15941=CARTESIAN_POINT('Origin',(25.4176805880727,25.6473663041326,-3.5));
#15942=CARTESIAN_POINT('',(25.4176805880727,17.1269220241754,-3.5));
#15943=CARTESIAN_POINT('Origin',(25.4176805880727,17.1269220241754,-3.5));
#15944=CARTESIAN_POINT('',(24.8976805880727,17.427144164154,-3.5));
#15945=CARTESIAN_POINT('Origin',(24.8976805880727,25.197144164154,-3.5));
#15946=CARTESIAN_POINT('',(24.8976805880727,17.727144164154,-3.5));
#15947=CARTESIAN_POINT('Origin',(24.8976805880727,17.727144164154,-3.5));
#15948=CARTESIAN_POINT('',(25.4176805880727,18.0273663041326,-3.5));
#15949=CARTESIAN_POINT('Origin',(25.4176805880727,25.6473663041326,-3.5));
#15950=CARTESIAN_POINT('',(25.4176805880727,19.6669220241754,-3.5));
#15951=CARTESIAN_POINT('Origin',(25.4176805880727,19.6669220241754,-3.5));
#15952=CARTESIAN_POINT('',(24.8976805880727,19.967144164154,-3.5));
#15953=CARTESIAN_POINT('Origin',(24.8976805880727,25.197144164154,-3.5));
#15954=CARTESIAN_POINT('',(24.8976805880727,20.267144164154,-3.5));
#15955=CARTESIAN_POINT('Origin',(24.8976805880727,20.267144164154,-3.5));
#15956=CARTESIAN_POINT('',(25.4176805880727,20.5673663041326,-3.5));
#15957=CARTESIAN_POINT('Origin',(25.4176805880727,25.6473663041326,-3.5));
#15958=CARTESIAN_POINT('',(25.4176805880727,22.2069220241754,-3.5));
#15959=CARTESIAN_POINT('Origin',(25.4176805880727,22.2069220241754,-3.5));
#15960=CARTESIAN_POINT('',(24.8976805880727,22.507144164154,-3.5));
#15961=CARTESIAN_POINT('Origin',(24.8976805880727,25.197144164154,-3.5));
#15962=CARTESIAN_POINT('',(24.8976805880727,22.807144164154,-3.5));
#15963=CARTESIAN_POINT('Origin',(24.8976805880727,22.807144164154,-3.5));
#15964=CARTESIAN_POINT('',(25.4176805880727,23.1073663041326,-3.5));
#15965=CARTESIAN_POINT('Origin',(25.4176805880727,25.6473663041326,-3.5));
#15966=CARTESIAN_POINT('',(25.4176805880727,24.7469220241754,-3.5));
#15967=CARTESIAN_POINT('Origin',(25.4176805880727,24.7469220241754,-3.5));
#15968=CARTESIAN_POINT('',(24.8976805880727,25.047144164154,-3.5));
#15969=CARTESIAN_POINT('Origin',(24.8976805880727,25.197144164154,-3.5));
#15970=CARTESIAN_POINT('',(24.8976805880727,25.347144164154,-3.5));
#15971=CARTESIAN_POINT('Origin',(24.8976805880727,25.347144164154,-3.5));
#15972=CARTESIAN_POINT('',(25.4176805880727,25.6473663041326,-3.5));
#15973=CARTESIAN_POINT('Origin',(25.4176805880727,25.6473663041326,-3.5));
#15974=CARTESIAN_POINT('',(25.4176805880727,27.2869220241754,-3.5));
#15975=CARTESIAN_POINT('Origin',(25.4176805880727,27.2869220241754,-3.5));
#15976=CARTESIAN_POINT('',(24.8976805880727,27.587144164154,-3.5));
#15977=CARTESIAN_POINT('Origin',(24.8976805880727,25.197144164154,-3.5));
#15978=CARTESIAN_POINT('',(24.8976805880727,27.737144164154,-3.5));
#15979=CARTESIAN_POINT('Origin',(24.8976805880727,27.737144164154,-3.5));
#15980=CARTESIAN_POINT('Origin',(24.1476805880727,26.467144164154,-1.));
#15981=CARTESIAN_POINT('',(24.1476805880727,27.367144164154,-1.));
#15982=CARTESIAN_POINT('Origin',(24.1476805880727,26.467144164154,-1.));
#15983=CARTESIAN_POINT('',(24.1476805880727,27.367144164154,-1.));
#15984=CARTESIAN_POINT('Origin',(24.1476805880727,26.467144164154,-3.5));
#15985=CARTESIAN_POINT('',(24.1476805880727,27.127144164154,-1.));
#15986=CARTESIAN_POINT('',(24.1476805880727,27.127144164154,-3.5));
#15987=CARTESIAN_POINT('Origin',(24.1476805880727,26.467144164154,-1.));
#15988=CARTESIAN_POINT('Origin',(24.1476805880727,26.467144164154,-1.));
#15989=CARTESIAN_POINT('',(0.,0.,0.));
#15990=CARTESIAN_POINT('Origin',(24.1476805880727,16.307144164154,2.7));
#15991=CARTESIAN_POINT('',(24.1476805880727,16.007144164154,2.7));
#15992=CARTESIAN_POINT('Origin',(24.1476805880727,16.307144164154,2.7));
#15993=CARTESIAN_POINT('',(24.1476805880727,16.307144164154,3.));
#15994=CARTESIAN_POINT('Origin',(24.1476805880727,16.307144164154,2.7));
#15995=CARTESIAN_POINT('Origin',(24.1476805880727,16.307144164154,3.46944695195361E-15));
#15996=CARTESIAN_POINT('',(24.1476805880727,16.007144164154,3.34153882428153E-15));
#15997=CARTESIAN_POINT('',(24.1476805880727,16.007144164154,3.46944695195361E-15));
#15998=CARTESIAN_POINT('Origin',(24.1476805880727,16.307144164154,3.46944695195361E-15));
#15999=CARTESIAN_POINT('Origin',(24.1476805880727,16.307144164154,3.46944695195361E-15));
#16000=CARTESIAN_POINT('',(24.1476805880727,15.407144164154,3.88578058618805E-15));
#16001=CARTESIAN_POINT('Origin',(24.1476805880727,16.307144164154,3.46944695195361E-15));
#16002=CARTESIAN_POINT('Origin',(24.1476805880727,16.307144164154,-1.));
#16003=CARTESIAN_POINT('',(24.1476805880727,15.407144164154,-1.));
#16004=CARTESIAN_POINT('',(24.1476805880727,15.407144164154,-1.));
#16005=CARTESIAN_POINT('Origin',(24.1476805880727,16.307144164154,-1.));
#16006=CARTESIAN_POINT('Origin',(24.1476805880727,16.307144164154,-1.));
#16007=CARTESIAN_POINT('',(24.1476805880727,15.647144164154,-1.));
#16008=CARTESIAN_POINT('Origin',(24.1476805880727,16.307144164154,-1.));
#16009=CARTESIAN_POINT('Origin',(24.1476805880727,16.307144164154,-4.57));
#16010=CARTESIAN_POINT('',(24.1476805880727,15.647144164154,-4.57));
#16011=CARTESIAN_POINT('',(24.1476805880727,15.647144164154,-4.57));
#16012=CARTESIAN_POINT('Origin',(24.1476805880727,16.307144164154,-4.57));
#16013=CARTESIAN_POINT('Origin',(24.1476805880727,16.307144164154,-4.785));
#16014=CARTESIAN_POINT('',(24.1476805880727,16.077144164154,-5.));
#16015=CARTESIAN_POINT('',(24.1476805880727,15.862144164154,-4.785));
#16016=CARTESIAN_POINT('Origin',(24.1476805880727,16.307144164154,-5.));
#16017=CARTESIAN_POINT('Origin',(24.1476805880727,16.307144164154,-8.46));
#16018=CARTESIAN_POINT('',(24.1476805880727,16.077144164154,-8.46));
#16019=CARTESIAN_POINT('',(24.1476805880727,16.077144164154,-8.46));
#16020=CARTESIAN_POINT('Origin',(24.1476805880727,16.307144164154,-8.46));
#16021=CARTESIAN_POINT('Origin',(24.1476805880727,16.307144164154,-8.46));
#16022=CARTESIAN_POINT('',(24.1476805880727,16.307144164154,-8.69));
#16023=CARTESIAN_POINT('Origin',(24.1476805880727,16.307144164154,-8.46));
#16024=CARTESIAN_POINT('',(0.,0.,0.));
#16025=CARTESIAN_POINT('Origin',(24.1476805880727,23.927144164154,2.7));
#16026=CARTESIAN_POINT('',(24.1476805880727,23.627144164154,2.7));
#16027=CARTESIAN_POINT('Origin',(24.1476805880727,23.927144164154,2.7));
#16028=CARTESIAN_POINT('',(24.1476805880727,23.927144164154,3.));
#16029=CARTESIAN_POINT('Origin',(24.1476805880727,23.927144164154,2.7));
#16030=CARTESIAN_POINT('Origin',(24.1476805880727,23.927144164154,8.67361737988404E-16));
#16031=CARTESIAN_POINT('',(24.1476805880727,23.627144164154,7.39453610316321E-16));
#16032=CARTESIAN_POINT('',(24.1476805880727,23.627144164154,8.67361737988404E-16));
#16033=CARTESIAN_POINT('Origin',(24.1476805880727,23.927144164154,8.67361737988404E-16));
#16034=CARTESIAN_POINT('Origin',(24.1476805880727,23.927144164154,8.67361737988404E-16));
#16035=CARTESIAN_POINT('',(24.1476805880727,23.027144164154,1.11022302462516E-15));
#16036=CARTESIAN_POINT('Origin',(24.1476805880727,23.927144164154,8.67361737988404E-16));
#16037=CARTESIAN_POINT('Origin',(24.1476805880727,23.927144164154,-1.));
#16038=CARTESIAN_POINT('',(24.1476805880727,23.027144164154,-1.));
#16039=CARTESIAN_POINT('',(24.1476805880727,23.027144164154,-1.));
#16040=CARTESIAN_POINT('Origin',(24.1476805880727,23.927144164154,-1.));
#16041=CARTESIAN_POINT('Origin',(24.1476805880727,23.927144164154,-1.));
#16042=CARTESIAN_POINT('',(24.1476805880727,23.267144164154,-1.));
#16043=CARTESIAN_POINT('Origin',(24.1476805880727,23.927144164154,-1.));
#16044=CARTESIAN_POINT('Origin',(24.1476805880727,23.927144164154,-4.57));
#16045=CARTESIAN_POINT('',(24.1476805880727,23.267144164154,-4.57));
#16046=CARTESIAN_POINT('',(24.1476805880727,23.267144164154,-4.57));
#16047=CARTESIAN_POINT('Origin',(24.1476805880727,23.927144164154,-4.57));
#16048=CARTESIAN_POINT('Origin',(24.1476805880727,23.927144164154,-4.785));
#16049=CARTESIAN_POINT('',(24.1476805880727,23.697144164154,-5.));
#16050=CARTESIAN_POINT('',(24.1476805880727,23.482144164154,-4.785));
#16051=CARTESIAN_POINT('Origin',(24.1476805880727,23.927144164154,-5.));
#16052=CARTESIAN_POINT('Origin',(24.1476805880727,23.927144164154,-8.46));
#16053=CARTESIAN_POINT('',(24.1476805880727,23.697144164154,-8.46));
#16054=CARTESIAN_POINT('',(24.1476805880727,23.697144164154,-8.46));
#16055=CARTESIAN_POINT('Origin',(24.1476805880727,23.927144164154,-8.46));
#16056=CARTESIAN_POINT('Origin',(24.1476805880727,23.927144164154,-8.46));
#16057=CARTESIAN_POINT('',(24.1476805880727,23.927144164154,-8.69));
#16058=CARTESIAN_POINT('Origin',(24.1476805880727,23.927144164154,-8.46));
#16059=CARTESIAN_POINT('',(0.,0.,0.));
#16060=CARTESIAN_POINT('Origin',(24.1476805880727,26.467144164154,2.7));
#16061=CARTESIAN_POINT('',(24.1476805880727,26.167144164154,2.7));
#16062=CARTESIAN_POINT('Origin',(24.1476805880727,26.467144164154,2.7));
#16063=CARTESIAN_POINT('',(24.1476805880727,26.467144164154,3.));
#16064=CARTESIAN_POINT('Origin',(24.1476805880727,26.467144164154,2.7));
#16065=CARTESIAN_POINT('Origin',(24.1476805880727,26.467144164154,0.));
#16066=CARTESIAN_POINT('',(24.1476805880727,26.167144164154,-1.27908127672083E-16));
#16067=CARTESIAN_POINT('',(24.1476805880727,26.167144164154,0.));
#16068=CARTESIAN_POINT('Origin',(24.1476805880727,26.467144164154,0.));
#16069=CARTESIAN_POINT('Origin',(24.1476805880727,26.467144164154,0.));
#16070=CARTESIAN_POINT('',(24.1476805880727,25.567144164154,4.16333634234434E-16));
#16071=CARTESIAN_POINT('Origin',(24.1476805880727,26.467144164154,0.));
#16072=CARTESIAN_POINT('Origin',(24.1476805880727,26.467144164154,-1.));
#16073=CARTESIAN_POINT('',(24.1476805880727,25.567144164154,-1.));
#16074=CARTESIAN_POINT('',(24.1476805880727,25.567144164154,-1.));
#16075=CARTESIAN_POINT('Origin',(24.1476805880727,26.467144164154,-1.));
#16076=CARTESIAN_POINT('Origin',(24.1476805880727,26.467144164154,-1.));
#16077=CARTESIAN_POINT('',(24.1476805880727,25.807144164154,-1.));
#16078=CARTESIAN_POINT('Origin',(24.1476805880727,26.467144164154,-1.));
#16079=CARTESIAN_POINT('Origin',(24.1476805880727,26.467144164154,-4.57));
#16080=CARTESIAN_POINT('',(24.1476805880727,25.807144164154,-4.57));
#16081=CARTESIAN_POINT('',(24.1476805880727,25.807144164154,-4.57));
#16082=CARTESIAN_POINT('Origin',(24.1476805880727,26.467144164154,-4.57));
#16083=CARTESIAN_POINT('Origin',(24.1476805880727,26.467144164154,-4.785));
#16084=CARTESIAN_POINT('',(24.1476805880727,26.237144164154,-5.));
#16085=CARTESIAN_POINT('',(24.1476805880727,26.022144164154,-4.785));
#16086=CARTESIAN_POINT('Origin',(24.1476805880727,26.467144164154,-5.));
#16087=CARTESIAN_POINT('Origin',(24.1476805880727,26.467144164154,-8.46));
#16088=CARTESIAN_POINT('',(24.1476805880727,26.237144164154,-8.46));
#16089=CARTESIAN_POINT('',(24.1476805880727,26.237144164154,-8.46));
#16090=CARTESIAN_POINT('Origin',(24.1476805880727,26.467144164154,-8.46));
#16091=CARTESIAN_POINT('Origin',(24.1476805880727,26.467144164154,-8.46));
#16092=CARTESIAN_POINT('',(24.1476805880727,26.467144164154,-8.69));
#16093=CARTESIAN_POINT('Origin',(24.1476805880727,26.467144164154,-8.46));
#16094=CARTESIAN_POINT('',(-5.98901250660408,24.8425359138847,-6.81443740308278));
#16095=CARTESIAN_POINT('',(41.5133069053232,-3.42460825026935,-6.31443740308279));
#16096=CARTESIAN_POINT('',(41.5133069053232,-3.42460825026935,-6.31443740308279));
#16097=CARTESIAN_POINT('',(41.5133069053232,-3.42460825026935,-6.31443740308279));
#16098=CARTESIAN_POINT('',(41.5133069053232,-3.42460825026935,-6.31443740308279));
#16099=CARTESIAN_POINT('',(41.5133069053232,-3.42460825026935,-6.31443740308279));
#16100=CARTESIAN_POINT('',(41.5133069053232,-3.42460825026935,-6.31443740308279));
#16101=CARTESIAN_POINT('',(41.5133069053232,-3.42460825026935,-6.31443740308279));
#16102=CARTESIAN_POINT('',(41.5133069053232,-3.42460825026935,-6.31443740308279));
#16103=CARTESIAN_POINT('',(41.5133069053232,-3.42460825026935,-6.31443740308279));
#16104=CARTESIAN_POINT('Origin',(140.751191977379,-6.66297434495482,-20.));
#16105=CARTESIAN_POINT('',(149.251191977379,-6.66297434495482,30.1067729660921));
#16106=CARTESIAN_POINT('',(149.251191977379,-6.66297434495482,-20.));
#16107=CARTESIAN_POINT('',(149.251191977379,-6.66297434495481,11.7876864460693));
#16108=CARTESIAN_POINT('',(140.751191977379,-6.66297434495482,30.1067729660921));
#16109=CARTESIAN_POINT('',(140.751191977379,-6.66297434495482,30.1067729660921));
#16110=CARTESIAN_POINT('',(140.751191977379,-6.66297434495482,-20.));
#16111=CARTESIAN_POINT('',(140.751191977379,-6.66297434495482,16.0376864460693));
#16112=CARTESIAN_POINT('',(140.751191977379,-6.66297434495482,-20.));
#16113=CARTESIAN_POINT('Origin',(140.751191977379,-10.,-20.));
#16114=CARTESIAN_POINT('',(149.251191977379,-10.,-20.));
#16115=CARTESIAN_POINT('',(149.251191977379,-11.8871016051214,-20.));
#16116=CARTESIAN_POINT('',(140.751191977379,-10.,-20.));
#16117=CARTESIAN_POINT('',(140.751191977379,-9.38710160512119,-20.));
#16118=CARTESIAN_POINT('',(140.751191977379,-10.,-20.));
#16119=CARTESIAN_POINT('Origin',(140.751191977379,-10.,30.1067729660921));
#16120=CARTESIAN_POINT('',(149.251191977379,-10.,30.1067729660921));
#16121=CARTESIAN_POINT('',(149.251191977379,-10.,36.8410729291153));
#16122=CARTESIAN_POINT('',(140.751191977379,-10.,30.1067729660921));
#16123=CARTESIAN_POINT('',(140.751191977379,-10.,41.0910729291153));
#16124=CARTESIAN_POINT('',(140.751191977379,-10.,30.1067729660921));
#16125=CARTESIAN_POINT('Origin',(140.751191977379,-6.66297434495482,30.1067729660921));
#16126=CARTESIAN_POINT('',(149.251191977379,-10.2185887775988,30.1067729660921));
#16127=CARTESIAN_POINT('',(140.751191977379,-7.7185887775986,30.1067729660921));
#16128=CARTESIAN_POINT('Origin',(215.,5.,52.0753728921385));
#16129=CARTESIAN_POINT('',(215.,5.,52.0753728921385));
#16130=CARTESIAN_POINT('',(215.,-5.,52.0753728921385));
#16131=CARTESIAN_POINT('',(215.,-1.88710160512303,52.0753728921385));
#16132=CARTESIAN_POINT('',(215.,5.,43.5753728921386));
#16133=CARTESIAN_POINT('',(215.,5.,52.0753728921385));
#16134=CARTESIAN_POINT('',(215.,-5.,43.5753728921386));
#16135=CARTESIAN_POINT('',(215.,-4.38710160512283,43.5753728921386));
#16136=CARTESIAN_POINT('',(215.,-5.,52.0753728921385));
#16137=CARTESIAN_POINT('Origin',(185.,5.,52.0753728921385));
#16138=CARTESIAN_POINT('',(185.,5.,52.0753728921385));
#16139=CARTESIAN_POINT('',(224.873414741153,5.,52.0753728921385));
#16140=CARTESIAN_POINT('',(185.,5.,43.5753728921386));
#16141=CARTESIAN_POINT('',(185.,5.,52.0753728921385));
#16142=CARTESIAN_POINT('',(220.62559598869,5.,43.5753728921386));
#16143=CARTESIAN_POINT('Origin',(185.,-5.,52.0753728921385));
#16144=CARTESIAN_POINT('',(185.,-5.,52.0753728921385));
#16145=CARTESIAN_POINT('',(185.,-6.88710160512303,52.0753728921385));
#16146=CARTESIAN_POINT('',(185.,-5.,43.5753728921386));
#16147=CARTESIAN_POINT('',(185.,-5.,52.0753728921385));
#16148=CARTESIAN_POINT('',(185.,-9.38710160512283,43.5753728921386));
#16149=CARTESIAN_POINT('Origin',(215.,-5.,52.0753728921385));
#16150=CARTESIAN_POINT('',(239.873414741153,-5.,52.0753728921385));
#16151=CARTESIAN_POINT('',(235.62559598869,-5.,43.5753728921386));
#16152=CARTESIAN_POINT('Origin',(166.856194779881,-10.2212844507131,-44.5889065703299));
#16153=CARTESIAN_POINT('',(166.856194779881,-10.2212844507131,-44.5889065703299));
#16154=CARTESIAN_POINT('',(229.356194779882,-10.221284450713,-44.5889065703299));
#16155=CARTESIAN_POINT('',(153.80369337863,-10.2212844507131,-44.5889065703299));
#16156=CARTESIAN_POINT('',(166.856194779881,-10.2212844507131,-41.0246271078614));
#16157=CARTESIAN_POINT('',(166.856194779881,-10.2212844507131,-44.5889065703299));
#16158=CARTESIAN_POINT('',(229.356194779882,-10.221284450713,-41.0246271078614));
#16159=CARTESIAN_POINT('',(158.05369337863,-10.2212844507131,-41.0246271078614));
#16160=CARTESIAN_POINT('',(229.356194779882,-10.221284450713,-44.5889065703299));
#16161=CARTESIAN_POINT('Origin',(166.856194779881,7.67871554928693,-44.5889065703299));
#16162=CARTESIAN_POINT('',(166.856194779881,7.67871554928693,-44.5889065703299));
#16163=CARTESIAN_POINT('',(166.856194779881,-0.547743830477733,-44.5889065703299));
#16164=CARTESIAN_POINT('',(166.856194779881,7.67871554928693,-41.0246271078614));
#16165=CARTESIAN_POINT('',(166.856194779881,7.67871554928693,-44.5889065703299));
#16166=CARTESIAN_POINT('',(166.856194779881,-3.04774383047785,-41.0246271078614));
#16167=CARTESIAN_POINT('Origin',(229.356194779882,7.67871554928694,-44.5889065703299));
#16168=CARTESIAN_POINT('',(229.356194779882,7.67871554928694,-44.5889065703299));
#16169=CARTESIAN_POINT('',(185.05369337863,7.67871554928693,-44.5889065703299));
#16170=CARTESIAN_POINT('',(229.356194779882,7.67871554928694,-41.0246271078614));
#16171=CARTESIAN_POINT('',(229.356194779882,7.67871554928694,-44.5889065703299));
#16172=CARTESIAN_POINT('',(189.30369337863,7.67871554928693,-41.0246271078614));
#16173=CARTESIAN_POINT('Origin',(229.356194779882,-10.221284450713,-44.5889065703299));
#16174=CARTESIAN_POINT('',(229.356194779882,-9.49774383047772,-44.5889065703299));
#16175=CARTESIAN_POINT('',(229.356194779882,-11.9977438304778,-41.0246271078614));
#16176=CARTESIAN_POINT('Origin',(259.639800231518,19.2257967897559,46.6110802178866));
#16177=CARTESIAN_POINT('',(261.939800231518,19.2257967897559,46.6110802178866));
#16178=CARTESIAN_POINT('Origin',(259.639800231518,19.2257967897558,46.6110802178866));
#16179=CARTESIAN_POINT('',(261.939800231518,14.2257967897559,46.6110802178866));
#16180=CARTESIAN_POINT('',(261.939800231518,19.2257967897559,46.6110802178866));
#16181=CARTESIAN_POINT('Origin',(259.639800231518,14.2257967897559,46.6110802178866));
#16182=CARTESIAN_POINT('Origin',(259.639800231518,14.2257967897559,46.6110802178866));
#16183=CARTESIAN_POINT('Origin',(144.639800231518,19.2257967897559,46.6110802178866));
#16184=CARTESIAN_POINT('',(146.939800231518,19.2257967897559,46.6110802178866));
#16185=CARTESIAN_POINT('Origin',(144.639800231518,19.2257967897558,46.6110802178866));
#16186=CARTESIAN_POINT('',(146.939800231518,14.2257967897559,46.6110802178866));
#16187=CARTESIAN_POINT('',(146.939800231518,19.2257967897559,46.6110802178866));
#16188=CARTESIAN_POINT('Origin',(144.639800231518,14.2257967897559,46.6110802178866));
#16189=CARTESIAN_POINT('Origin',(144.639800231518,14.2257967897559,46.6110802178866));
#16190=CARTESIAN_POINT('Origin',(259.639800231518,19.2257967897559,-41.3889197821134));
#16191=CARTESIAN_POINT('',(261.939800231518,19.2257967897559,-41.3889197821134));
#16192=CARTESIAN_POINT('Origin',(259.639800231518,19.2257967897558,-41.3889197821134));
#16193=CARTESIAN_POINT('',(261.939800231518,14.2257967897559,-41.3889197821134));
#16194=CARTESIAN_POINT('',(261.939800231518,19.2257967897559,-41.3889197821134));
#16195=CARTESIAN_POINT('Origin',(259.639800231518,14.2257967897559,-41.3889197821134));
#16196=CARTESIAN_POINT('Origin',(259.639800231518,14.2257967897559,-41.3889197821134));
#16197=CARTESIAN_POINT('Origin',(144.639800231518,19.2257967897559,-41.3889197821134));
#16198=CARTESIAN_POINT('',(146.939800231518,19.2257967897559,-41.3889197821134));
#16199=CARTESIAN_POINT('Origin',(144.639800231518,19.2257967897558,-41.3889197821134));
#16200=CARTESIAN_POINT('',(146.939800231518,14.2257967897559,-41.3889197821134));
#16201=CARTESIAN_POINT('',(146.939800231518,19.2257967897559,-41.3889197821134));
#16202=CARTESIAN_POINT('Origin',(144.639800231518,14.2257967897559,-41.3889197821134));
#16203=CARTESIAN_POINT('Origin',(144.639800231518,14.2257967897559,-41.3889197821134));
#16204=CARTESIAN_POINT('Origin',(243.75119197738,10.2257967897545,-22.9246271078615));
#16205=CARTESIAN_POINT('',(246.05119197738,15.2257967897545,-22.9246271078615));
#16206=CARTESIAN_POINT('Origin',(243.75119197738,15.2257967897545,-22.9246271078615));
#16207=CARTESIAN_POINT('',(246.05119197738,10.2257967897545,-22.9246271078615));
#16208=CARTESIAN_POINT('',(246.05119197738,10.2257967897545,-22.9246271078615));
#16209=CARTESIAN_POINT('Origin',(243.75119197738,10.2257967897545,-22.9246271078615));
#16210=CARTESIAN_POINT('Origin',(240.000003576279,10.2257967897546,-15.0000002235174));
#16211=CARTESIAN_POINT('',(240.000003576279,10.2257967897546,-15.0000002235174));
#16212=CARTESIAN_POINT('',(256.25119197738,10.2257967897542,-15.0000002235174));
#16213=CARTESIAN_POINT('',(240.000003576279,10.2257967897546,-15.0000002235174));
#16214=CARTESIAN_POINT('',(256.25119197738,15.2257967897542,-15.0000002235174));
#16215=CARTESIAN_POINT('',(256.25119197738,-1.77420321024575,-15.0000002235174));
#16216=CARTESIAN_POINT('',(240.000003576279,15.2257967897546,-15.0000002235174));
#16217=CARTESIAN_POINT('',(240.000003576279,15.2257967897546,-15.0000002235174));
#16218=CARTESIAN_POINT('',(240.000003576279,10.2257967897546,-15.0000002235174));
#16219=CARTESIAN_POINT('Origin',(240.000003576279,10.2257967897546,-31.4246271078615));
#16220=CARTESIAN_POINT('',(240.000003576279,10.2257967897546,-31.4246271078615));
#16221=CARTESIAN_POINT('',(240.000003576279,10.2257967897546,-31.4246271078615));
#16222=CARTESIAN_POINT('',(240.000003576279,15.2257967897546,-31.4246271078615));
#16223=CARTESIAN_POINT('',(240.000003576279,15.2257967897546,-31.4246271078615));
#16224=CARTESIAN_POINT('',(240.000003576279,10.2257967897546,-31.4246271078615));
#16225=CARTESIAN_POINT('Origin',(256.25119197738,10.2257967897541,-31.4246271078615));
#16226=CARTESIAN_POINT('',(256.25119197738,10.2257967897541,-31.4246271078615));
#16227=CARTESIAN_POINT('',(256.25119197738,10.2257967897541,-31.4246271078615));
#16228=CARTESIAN_POINT('',(256.25119197738,15.2257967897541,-31.4246271078615));
#16229=CARTESIAN_POINT('',(256.25119197738,15.2257967897541,-31.4246271078615));
#16230=CARTESIAN_POINT('',(256.25119197738,-1.77420321024576,-31.4246271078615));
#16231=CARTESIAN_POINT('Origin',(248.12559777683,15.2257967897544,-23.2123136656894));
#16232=CARTESIAN_POINT('',(256.251191977381,15.2257967897542,-27.3184703867754));
#16233=CARTESIAN_POINT('Origin',(248.12559777683,10.2257967897544,-23.2123136656894));
#16234=CARTESIAN_POINT('',(256.251191977381,10.2257967897542,-27.3184703867754));
#16235=CARTESIAN_POINT('Origin',(245.75119197738,10.2257967897545,33.5753728921385));
#16236=CARTESIAN_POINT('',(248.05119197738,15.2257967897544,33.5753728921385));
#16237=CARTESIAN_POINT('Origin',(245.75119197738,15.2257967897545,33.5753728921385));
#16238=CARTESIAN_POINT('',(248.05119197738,10.2257967897544,33.5753728921385));
#16239=CARTESIAN_POINT('',(248.05119197738,10.2257967897544,33.5753728921385));
#16240=CARTESIAN_POINT('Origin',(245.75119197738,10.2257967897545,33.5753728921385));
#16241=CARTESIAN_POINT('Origin',(240.000003576279,10.2257967897546,30.0000004470348));
#16242=CARTESIAN_POINT('',(240.000003576279,10.2257967897546,43.5753728921385));
#16243=CARTESIAN_POINT('',(240.000003576279,10.2257967897546,30.0000004470348));
#16244=CARTESIAN_POINT('',(240.000003576279,10.2257967897546,43.5753728921385));
#16245=CARTESIAN_POINT('',(240.000003576279,15.2257967897546,43.5753728921385));
#16246=CARTESIAN_POINT('',(240.000003576279,-1.77420321024528,43.5753728921386));
#16247=CARTESIAN_POINT('',(240.000003576279,15.2257967897546,30.0000004470348));
#16248=CARTESIAN_POINT('',(240.000003576279,15.2257967897546,43.5753728921385));
#16249=CARTESIAN_POINT('',(240.000003576279,10.2257967897546,30.0000004470348));
#16250=CARTESIAN_POINT('Origin',(256.25119197738,10.2257967897542,30.0000004470348));
#16251=CARTESIAN_POINT('',(256.25119197738,10.2257967897542,30.0000004470348));
#16252=CARTESIAN_POINT('',(240.000003576279,10.2257967897546,30.0000004470348));
#16253=CARTESIAN_POINT('',(256.25119197738,15.2257967897542,30.0000004470348));
#16254=CARTESIAN_POINT('',(240.000003576279,15.2257967897546,30.0000004470348));
#16255=CARTESIAN_POINT('',(256.25119197738,-1.77420321024576,30.0000004470348));
#16256=CARTESIAN_POINT('Origin',(248.12559777683,15.2257967897544,36.7876866695867));
#16257=CARTESIAN_POINT('',(256.25119197738,15.2257967897542,43.5753728921385));
#16258=CARTESIAN_POINT('',(252.188394877105,15.2257967897543,43.5753728921386));
#16259=CARTESIAN_POINT('',(256.251191977381,15.2257967897542,2.68152978086262));
#16260=CARTESIAN_POINT('Origin',(248.12559777683,10.2257967897544,36.7876866695867));
#16261=CARTESIAN_POINT('',(256.25119197738,10.2257967897542,43.5753728921385));
#16262=CARTESIAN_POINT('',(256.251191977381,10.2257967897542,2.68152978086262));
#16263=CARTESIAN_POINT('',(252.188394877105,10.2257967897543,43.5753728921386));
#16264=CARTESIAN_POINT('Origin',(256.25119197738,-13.7742032102457,43.5753728921386));
#16265=CARTESIAN_POINT('',(256.25119197738,-13.7742032102458,43.5753728921386));
#16266=CARTESIAN_POINT('',(256.25119197738,-13.7742032102458,43.5753728921386));
#16267=CARTESIAN_POINT('',(149.251191977379,-13.7742032102426,43.5753728921385));
#16268=CARTESIAN_POINT('',(229.500101353611,-13.7742032102449,43.5753728921386));
#16269=CARTESIAN_POINT('',(149.251191977379,10.2257967897573,43.5753728921385));
#16270=CARTESIAN_POINT('',(149.251191977379,-13.7742032102426,43.5753728921385));
#16271=CARTESIAN_POINT('',(165.000002458692,10.2257967897569,43.5753728921385));
#16272=CARTESIAN_POINT('',(206.688394597708,10.2257967897556,43.5753728921386));
#16273=CARTESIAN_POINT('',(165.000002458692,15.2257967897569,43.5753728921385));
#16274=CARTESIAN_POINT('',(165.000002458692,-1.7742032102431,43.5753728921386));
#16275=CARTESIAN_POINT('',(149.25119197738,15.2257967897573,43.5753728921385));
#16276=CARTESIAN_POINT('',(206.688394597708,15.2257967897556,43.5753728921386));
#16277=CARTESIAN_POINT('',(149.25119197738,19.2257967897574,43.5753728921385));
#16278=CARTESIAN_POINT('',(149.251191977379,-13.7742032102426,43.5753728921385));
#16279=CARTESIAN_POINT('',(256.251191977381,19.2257967897542,43.5753728921386));
#16280=CARTESIAN_POINT('',(176.000101353612,19.2257967897566,43.5753728921386));
#16281=CARTESIAN_POINT('',(256.25119197738,-13.7742032102458,43.5753728921386));
#16282=CARTESIAN_POINT('Origin',(156.251191977379,10.2257967897571,-22.4246271078615));
#16283=CARTESIAN_POINT('',(158.55119197738,15.2257967897571,-22.4246271078615));
#16284=CARTESIAN_POINT('Origin',(156.25119197738,15.2257967897571,-22.4246271078615));
#16285=CARTESIAN_POINT('',(158.551191977379,10.2257967897571,-22.4246271078615));
#16286=CARTESIAN_POINT('',(158.551191977379,10.2257967897571,-22.4246271078615));
#16287=CARTESIAN_POINT('Origin',(156.251191977379,10.2257967897571,-22.4246271078615));
#16288=CARTESIAN_POINT('Origin',(165.000002458692,10.2257967897569,-31.4246271078615));
#16289=CARTESIAN_POINT('',(149.251191977379,10.2257967897573,-31.4246271078615));
#16290=CARTESIAN_POINT('',(165.000002458692,10.2257967897569,-31.4246271078615));
#16291=CARTESIAN_POINT('',(149.251191977379,10.2257967897573,-31.4246271078615));
#16292=CARTESIAN_POINT('',(149.25119197738,15.2257967897573,-31.4246271078615));
#16293=CARTESIAN_POINT('',(149.251191977379,-1.77420321024266,-31.4246271078615));
#16294=CARTESIAN_POINT('',(165.000002458692,15.2257967897569,-31.4246271078615));
#16295=CARTESIAN_POINT('',(149.25119197738,15.2257967897573,-31.4246271078615));
#16296=CARTESIAN_POINT('',(165.000002458692,10.2257967897569,-31.4246271078615));
#16297=CARTESIAN_POINT('Origin',(165.000002458692,10.2257967897569,-15.0000002235174));
#16298=CARTESIAN_POINT('',(165.000002458692,10.2257967897569,-15.0000002235174));
#16299=CARTESIAN_POINT('',(165.000002458692,10.2257967897569,-31.4246271078615));
#16300=CARTESIAN_POINT('',(165.000002458692,15.2257967897569,-15.0000002235174));
#16301=CARTESIAN_POINT('',(165.000002458692,15.2257967897569,-31.4246271078615));
#16302=CARTESIAN_POINT('',(165.000002458692,10.2257967897569,-15.0000002235174));
#16303=CARTESIAN_POINT('Origin',(149.251191977379,10.2257967897573,-15.0000002235174));
#16304=CARTESIAN_POINT('',(149.251191977379,10.2257967897573,-15.0000002235174));
#16305=CARTESIAN_POINT('',(165.000002458692,10.2257967897569,-15.0000002235174));
#16306=CARTESIAN_POINT('',(149.25119197738,15.2257967897573,-15.0000002235174));
#16307=CARTESIAN_POINT('',(165.000002458692,15.2257967897569,-15.0000002235174));
#16308=CARTESIAN_POINT('',(149.251191977379,-1.77420321024265,-15.0000002235174));
#16309=CARTESIAN_POINT('Origin',(157.125597218036,15.2257967897571,-23.2123136656894));
#16310=CARTESIAN_POINT('',(149.25119197738,15.2257967897573,10.1815296132246));
#16311=CARTESIAN_POINT('Origin',(157.125597218036,10.2257967897571,-23.2123136656894));
#16312=CARTESIAN_POINT('',(149.25119197738,10.2257967897573,10.1815296132246));
#16313=CARTESIAN_POINT('Origin',(156.251191977379,10.2257967897571,36.0753728921385));
#16314=CARTESIAN_POINT('',(158.55119197738,15.2257967897571,36.0753728921385));
#16315=CARTESIAN_POINT('Origin',(156.25119197738,15.2257967897571,36.0753728921385));
#16316=CARTESIAN_POINT('',(158.551191977379,10.2257967897571,36.0753728921385));
#16317=CARTESIAN_POINT('',(158.551191977379,10.2257967897571,36.0753728921385));
#16318=CARTESIAN_POINT('Origin',(156.251191977379,10.2257967897571,36.0753728921385));
#16319=CARTESIAN_POINT('Origin',(165.000002458692,10.2257967897569,30.0000004470348));
#16320=CARTESIAN_POINT('',(165.000002458692,10.2257967897569,30.0000004470348));
#16321=CARTESIAN_POINT('',(149.251191977379,10.2257967897573,30.0000004470348));
#16322=CARTESIAN_POINT('',(165.000002458692,10.2257967897569,30.0000004470348));
#16323=CARTESIAN_POINT('',(149.25119197738,15.2257967897573,30.0000004470348));
#16324=CARTESIAN_POINT('',(149.251191977379,-1.77420321024265,30.0000004470348));
#16325=CARTESIAN_POINT('',(165.000002458692,15.2257967897569,30.0000004470348));
#16326=CARTESIAN_POINT('',(165.000002458692,15.2257967897569,30.0000004470348));
#16327=CARTESIAN_POINT('',(165.000002458692,10.2257967897569,30.0000004470348));
#16328=CARTESIAN_POINT('Origin',(165.000002458692,10.2257967897569,43.5753728921385));
#16329=CARTESIAN_POINT('',(165.000002458692,10.2257967897569,43.5753728921385));
#16330=CARTESIAN_POINT('',(165.000002458692,15.2257967897569,43.5753728921385));
#16331=CARTESIAN_POINT('Origin',(157.125597218036,15.2257967897571,36.7876866695867));
#16332=CARTESIAN_POINT('',(149.25119197738,15.2257967897573,40.1815297808626));
#16333=CARTESIAN_POINT('Origin',(157.125597218036,10.2257967897571,36.7876866695867));
#16334=CARTESIAN_POINT('',(149.25119197738,10.2257967897573,40.1815297808626));
#16335=CARTESIAN_POINT('Origin',(149.251191977379,-13.7742032102426,43.5753728921385));
#16336=CARTESIAN_POINT('',(149.251191977379,-13.7742032102426,-32.0000004768372));
#16337=CARTESIAN_POINT('',(149.251191977379,-13.7742032102426,23.6593030265214));
#16338=CARTESIAN_POINT('',(149.25119197738,16.2257967897574,-32.0000004768372));
#16339=CARTESIAN_POINT('',(149.251191977379,-13.7742032102426,-32.0000004768372));
#16340=CARTESIAN_POINT('',(149.25119197738,16.2257967897574,-41.0246271078614));
#16341=CARTESIAN_POINT('',(149.25119197738,16.2257967897574,1.78768614804604));
#16342=CARTESIAN_POINT('',(149.25119197738,19.2257967897574,-41.0246271078614));
#16343=CARTESIAN_POINT('',(149.251191977379,-13.7742032102426,-41.0246271078614));
#16344=CARTESIAN_POINT('',(149.25119197738,19.2257967897574,-13.8406969734786));
#16345=CARTESIAN_POINT('Origin',(149.251191977379,-13.7742032102426,-41.0246271078614));
#16346=CARTESIAN_POINT('',(163.00000242889,16.2257967897569,-41.0246271078614));
#16347=CARTESIAN_POINT('',(149.25119197738,16.2257967897574,-41.0246271078614));
#16348=CARTESIAN_POINT('',(163.000002428889,-13.774203210243,-41.0246271078614));
#16349=CARTESIAN_POINT('',(163.000002428889,1.22579678975695,-41.0246271078614));
#16350=CARTESIAN_POINT('',(237.000003531575,-13.7742032102451,-41.0246271078614));
#16351=CARTESIAN_POINT('',(176.000101353611,-13.7742032102434,-41.0246271078614));
#16352=CARTESIAN_POINT('',(237.000003531576,16.2257967897547,-41.0246271078614));
#16353=CARTESIAN_POINT('',(237.000003531575,-13.7742032102452,-41.0246271078614));
#16354=CARTESIAN_POINT('',(256.251191977381,16.2257967897542,-41.0246271078614));
#16355=CARTESIAN_POINT('',(193.125597754478,16.225796789756,-41.0246271078614));
#16356=CARTESIAN_POINT('',(256.251191977381,19.2257967897542,-41.0246271078614));
#16357=CARTESIAN_POINT('',(256.25119197738,-13.7742032102458,-41.0246271078614));
#16358=CARTESIAN_POINT('',(176.000101353612,19.2257967897566,-41.0246271078614));
#16359=CARTESIAN_POINT('Origin',(202.749010729843,-13.7742032102442,3.74323316090432));
#16360=CARTESIAN_POINT('',(163.000002428889,-13.774203210243,-32.0000004768372));
#16361=CARTESIAN_POINT('',(163.000002428889,-13.774203210243,-18.1283837175711));
#16362=CARTESIAN_POINT('',(176.374506482508,-13.7742032102434,-32.0000004768372));
#16363=CARTESIAN_POINT('',(256.25119197738,-13.7742032102457,-32.000000551343));
#16364=CARTESIAN_POINT('',(256.25119197738,-13.7742032102457,-13.8406969734786));
#16365=CARTESIAN_POINT('',(166.50000244379,-13.7742032102431,-32.000000551343));
#16366=CARTESIAN_POINT('',(228.874507264819,-13.7742032102449,-32.000000551343));
#16367=CARTESIAN_POINT('',(166.50000244379,-13.7742032102431,-35.0000005960465));
#16368=CARTESIAN_POINT('',(166.50000244379,-13.7742032102431,-14.1283836952193));
#16369=CARTESIAN_POINT('',(237.000003531575,-13.7742032102451,-35.0000005960465));
#16370=CARTESIAN_POINT('',(184.624506586817,-13.7742032102436,-35.0000005960465));
#16371=CARTESIAN_POINT('',(237.000003531575,-13.7742032102451,-18.3783836952193));
#16372=CARTESIAN_POINT('Origin',(256.25119197738,-13.7742032102457,-31.4246271078614));
#16373=CARTESIAN_POINT('',(256.251191977381,19.2257967897543,-13.8406969734786));
#16374=CARTESIAN_POINT('',(256.251191977381,16.2257967897542,-32.000000551343));
#16375=CARTESIAN_POINT('',(256.251191977381,16.2257967897542,-35.9623137774481));
#16376=CARTESIAN_POINT('',(256.25119197738,1.22579678975425,-32.000000551343));
#16377=CARTESIAN_POINT('Origin',(166.500002443791,16.2257967897568,-32.000000551343));
#16378=CARTESIAN_POINT('',(166.500002443791,16.2257967897568,-32.000000551343));
#16379=CARTESIAN_POINT('',(166.500002443791,16.2257967897568,-32.000000551343));
#16380=CARTESIAN_POINT('',(166.500002443791,16.2257967897568,-35.0000005960465));
#16381=CARTESIAN_POINT('',(166.500002443791,16.2257967897568,-32.000000551343));
#16382=CARTESIAN_POINT('',(166.500002443791,16.2257967897568,-35.0000005960465));
#16383=CARTESIAN_POINT('Origin',(255.000003799797,16.2257967897542,-32.000000551343));
#16384=CARTESIAN_POINT('',(237.000003531576,16.2257967897547,-32.000000551343));
#16385=CARTESIAN_POINT('Origin',(237.000003531576,16.2257967897547,-35.0000005960465));
#16386=CARTESIAN_POINT('',(237.000003531576,16.2257967897547,-35.0000005960465));
#16387=CARTESIAN_POINT('',(237.000003531576,16.2257967897547,-35.0000005960465));
#16388=CARTESIAN_POINT('',(237.000003531576,16.2257967897547,-40.500000551343));
#16389=CARTESIAN_POINT('Origin',(166.500002443791,16.2257967897568,-35.0000005960465));
#16390=CARTESIAN_POINT('',(166.500002443791,16.2257967897568,-35.0000005960465));
#16391=CARTESIAN_POINT('Origin',(210.750003121794,16.2257967897555,-36.250000551343));
#16392=CARTESIAN_POINT('Origin',(163.00000242889,16.2257967897569,-32.0000004768372));
#16393=CARTESIAN_POINT('',(163.00000242889,16.2257967897569,-32.0000004768372));
#16394=CARTESIAN_POINT('',(163.00000242889,16.2257967897569,-32.0000004768372));
#16395=CARTESIAN_POINT('',(163.00000242889,16.2257967897569,-32.0000004768372));
#16396=CARTESIAN_POINT('Origin',(163.00000242889,16.2257967897569,-40.0000005960465));
#16397=CARTESIAN_POINT('',(163.00000242889,16.2257967897569,-40.0000005960465));
#16398=CARTESIAN_POINT('Origin',(156.500002332032,16.2257967897571,-36.0000005364418));
#16399=CARTESIAN_POINT('Origin',(202.749010729844,19.2257967897558,3.74323316090432));
#16400=CARTESIAN_POINT('',(264.746829482308,19.2257967897539,52.0753728921385));
#16401=CARTESIAN_POINT('',(264.746829482308,19.2257967897539,-44.5889065703299));
#16402=CARTESIAN_POINT('',(264.746829482308,19.2257967897541,-20.4228367047128));
#16403=CARTESIAN_POINT('',(140.75119197738,19.2257967897576,-44.5889065703299));
#16404=CARTESIAN_POINT('',(171.750101353612,19.2257967897567,-44.5889065703299));
#16405=CARTESIAN_POINT('',(140.75119197738,19.2257967897576,52.0753728921385));
#16406=CARTESIAN_POINT('',(140.75119197738,19.2257967897576,27.9093030265214));
#16407=CARTESIAN_POINT('',(233.747920106076,19.225796789755,52.0753728921385));
#16408=CARTESIAN_POINT('Origin',(140.751191977379,-8.77420321024239,-44.5889065703299));
#16409=CARTESIAN_POINT('',(264.746829482307,-16.7742032102461,-44.5889065703299));
#16410=CARTESIAN_POINT('',(264.746829482307,-8.77420321024608,-44.5889065703299));
#16411=CARTESIAN_POINT('',(140.751191977379,-16.7742032102424,-44.5889065703299));
#16412=CARTESIAN_POINT('',(264.746829482307,-16.7742032102461,-44.5889065703299));
#16413=CARTESIAN_POINT('',(140.751191977379,-8.77420321024239,-44.5889065703299));
#16414=CARTESIAN_POINT('Origin',(264.746829482307,-8.77420321024608,-44.5889065703299));
#16415=CARTESIAN_POINT('',(264.746829482307,-16.7742032102461,52.0753728921385));
#16416=CARTESIAN_POINT('',(264.746829482307,-8.77420321024607,52.0753728921385));
#16417=CARTESIAN_POINT('',(264.746829482307,-16.7742032102461,52.0753728921385));
#16418=CARTESIAN_POINT('Origin',(140.751191977379,-8.77420321024238,52.0753728921385));
#16419=CARTESIAN_POINT('',(140.751191977379,-16.7742032102424,52.0753728921385));
#16420=CARTESIAN_POINT('',(140.751191977379,-16.7742032102424,-44.5889065703299));
#16421=CARTESIAN_POINT('',(140.751191977379,-8.77420321024237,52.0753728921385));
#16422=CARTESIAN_POINT('Origin',(264.746829482307,-8.77420321024607,52.0753728921385));
#16423=CARTESIAN_POINT('',(140.751191977379,-16.7742032102424,52.0753728921385));
#16424=CARTESIAN_POINT('Origin',(202.749010729843,-16.7742032102442,3.74323316090432));
#16425=CARTESIAN_POINT('Origin',(259.639800231518,19.2257967897558,46.6110802178866));
#16426=CARTESIAN_POINT('',(261.239800231518,21.2257967897543,46.6110802178866));
#16427=CARTESIAN_POINT('Origin',(259.639800231518,21.2257967897543,46.6110802178866));
#16428=CARTESIAN_POINT('',(261.239800231518,19.2257967897543,46.6110802178866));
#16429=CARTESIAN_POINT('',(261.239800231518,19.2257967897558,46.6110802178866));
#16430=CARTESIAN_POINT('Origin',(259.639800231518,19.2257967897543,46.6110802178866));
#16431=CARTESIAN_POINT('Origin',(144.639800231518,19.2257967897558,46.6110802178866));
#16432=CARTESIAN_POINT('',(146.239800231518,21.2257967897573,46.6110802178866));
#16433=CARTESIAN_POINT('Origin',(144.639800231518,21.2257967897574,46.6110802178866));
#16434=CARTESIAN_POINT('',(146.239800231518,19.2257967897573,46.6110802178866));
#16435=CARTESIAN_POINT('',(146.239800231518,19.2257967897558,46.6110802178866));
#16436=CARTESIAN_POINT('Origin',(144.639800231518,19.2257967897574,46.6110802178866));
#16437=CARTESIAN_POINT('Origin',(259.639800231518,19.2257967897558,-41.3889197821134));
#16438=CARTESIAN_POINT('',(261.239800231518,21.2257967897543,-41.3889197821134));
#16439=CARTESIAN_POINT('Origin',(259.639800231518,21.2257967897543,-41.3889197821134));
#16440=CARTESIAN_POINT('',(261.239800231518,19.2257967897543,-41.3889197821134));
#16441=CARTESIAN_POINT('',(261.239800231518,19.2257967897558,-41.3889197821134));
#16442=CARTESIAN_POINT('Origin',(259.639800231518,19.2257967897543,-41.3889197821134));
#16443=CARTESIAN_POINT('Origin',(144.639800231518,19.2257967897558,-41.3889197821134));
#16444=CARTESIAN_POINT('',(146.239800231518,21.2257967897573,-41.3889197821134));
#16445=CARTESIAN_POINT('Origin',(144.639800231518,21.2257967897574,-41.3889197821134));
#16446=CARTESIAN_POINT('',(146.239800231518,19.2257967897573,-41.3889197821134));
#16447=CARTESIAN_POINT('',(146.239800231518,19.2257967897558,-41.3889197821134));
#16448=CARTESIAN_POINT('Origin',(144.639800231518,19.2257967897574,-41.3889197821134));
#16449=CARTESIAN_POINT('Origin',(256.251191977381,19.2257967897543,43.5753728921386));
#16450=CARTESIAN_POINT('',(256.251191977381,19.2257967897542,43.5753728921386));
#16451=CARTESIAN_POINT('',(149.25119197738,19.2257967897574,43.5753728921385));
#16452=CARTESIAN_POINT('',(176.000101353612,19.2257967897566,43.5753728921386));
#16453=CARTESIAN_POINT('',(149.25119197738,21.2257967897574,43.5753728921385));
#16454=CARTESIAN_POINT('',(149.25119197738,19.2257967897574,43.5753728921385));
#16455=CARTESIAN_POINT('',(256.251191977381,21.2257967897542,43.5753728921386));
#16456=CARTESIAN_POINT('',(176.000101353612,21.2257967897566,43.5753728921386));
#16457=CARTESIAN_POINT('',(256.251191977381,19.2257967897542,43.5753728921386));
#16458=CARTESIAN_POINT('Origin',(256.251191977381,19.2257967897543,-41.0246271078614));
#16459=CARTESIAN_POINT('',(256.251191977381,19.2257967897542,-41.0246271078614));
#16460=CARTESIAN_POINT('',(256.251191977381,19.2257967897543,-13.8406969734786));
#16461=CARTESIAN_POINT('',(256.251191977381,21.2257967897542,-41.0246271078614));
#16462=CARTESIAN_POINT('',(256.251191977381,21.2257967897543,-13.8406969734786));
#16463=CARTESIAN_POINT('',(256.251191977381,19.2257967897542,-41.0246271078614));
#16464=CARTESIAN_POINT('Origin',(149.25119197738,19.2257967897574,-41.0246271078614));
#16465=CARTESIAN_POINT('',(149.25119197738,19.2257967897574,-41.0246271078614));
#16466=CARTESIAN_POINT('',(176.000101353612,19.2257967897566,-41.0246271078614));
#16467=CARTESIAN_POINT('',(149.25119197738,21.2257967897574,-41.0246271078614));
#16468=CARTESIAN_POINT('',(176.000101353612,21.2257967897566,-41.0246271078614));
#16469=CARTESIAN_POINT('',(149.25119197738,19.2257967897574,-41.0246271078614));
#16470=CARTESIAN_POINT('Origin',(149.25119197738,19.2257967897574,43.5753728921385));
#16471=CARTESIAN_POINT('',(149.25119197738,19.2257967897574,-13.8406969734786));
#16472=CARTESIAN_POINT('',(149.25119197738,21.2257967897574,-13.8406969734786));
#16473=CARTESIAN_POINT('Origin',(140.75119197738,19.2257967897576,52.0753728921385));
#16474=CARTESIAN_POINT('',(140.75119197738,19.2257967897576,52.0753728921385));
#16475=CARTESIAN_POINT('',(264.746829482308,19.2257967897539,52.0753728921385));
#16476=CARTESIAN_POINT('',(233.747920106076,19.225796789755,52.0753728921385));
#16477=CARTESIAN_POINT('',(264.746829482308,21.2257967897539,52.0753728921385));
#16478=CARTESIAN_POINT('',(264.746829482308,19.2257967897539,52.0753728921385));
#16479=CARTESIAN_POINT('',(140.75119197738,21.2257967897576,52.0753728921385));
#16480=CARTESIAN_POINT('',(233.747920106076,21.225796789755,52.0753728921385));
#16481=CARTESIAN_POINT('',(140.75119197738,19.2257967897576,52.0753728921385));
#16482=CARTESIAN_POINT('Origin',(140.75119197738,19.2257967897576,-44.5889065703299));
#16483=CARTESIAN_POINT('',(140.75119197738,19.2257967897576,-44.5889065703299));
#16484=CARTESIAN_POINT('',(140.75119197738,19.2257967897576,27.9093030265214));
#16485=CARTESIAN_POINT('',(140.75119197738,21.2257967897576,-44.5889065703299));
#16486=CARTESIAN_POINT('',(140.75119197738,21.2257967897576,27.9093030265214));
#16487=CARTESIAN_POINT('',(140.75119197738,19.2257967897576,-44.5889065703299));
#16488=CARTESIAN_POINT('Origin',(264.746829482308,19.2257967897541,-44.5889065703299));
#16489=CARTESIAN_POINT('',(264.746829482308,19.2257967897539,-44.5889065703299));
#16490=CARTESIAN_POINT('',(171.750101353612,19.2257967897567,-44.5889065703299));
#16491=CARTESIAN_POINT('',(264.746829482308,21.2257967897539,-44.5889065703299));
#16492=CARTESIAN_POINT('',(171.750101353612,21.2257967897567,-44.5889065703299));
#16493=CARTESIAN_POINT('',(264.746829482308,19.2257967897539,-44.5889065703299));
#16494=CARTESIAN_POINT('Origin',(264.746829482308,19.2257967897541,52.0753728921385));
#16495=CARTESIAN_POINT('',(264.746829482308,19.2257967897541,-20.4228367047128));
#16496=CARTESIAN_POINT('',(264.746829482308,21.2257967897541,-20.4228367047128));
#16497=CARTESIAN_POINT('Origin',(202.749010729844,21.2257967897558,3.74323316090432));
#16498=CARTESIAN_POINT('Origin',(202.749010729844,19.2257967897558,3.74323316090432));
#16499=CARTESIAN_POINT('Origin',(149.25119197738,21.2257967897574,-41.0246271078614));
#16500=CARTESIAN_POINT('',(149.25119197738,19.2257967897574,-41.0246271078614));
#16501=CARTESIAN_POINT('',(149.25119197738,21.2257967897574,-41.0246271078614));
#16502=CARTESIAN_POINT('',(149.25119197738,19.2257967897574,-41.0246271078614));
#16503=CARTESIAN_POINT('',(149.25119197738,19.2257967897574,3.97537289213856));
#16504=CARTESIAN_POINT('',(149.25119197738,19.2257967897574,-41.0246271078614));
#16505=CARTESIAN_POINT('',(149.25119197738,21.2257967897574,3.97537289213857));
#16506=CARTESIAN_POINT('',(149.25119197738,19.2257967897574,3.97537289213856));
#16507=CARTESIAN_POINT('',(149.25119197738,21.2257967897574,-41.0246271078614));
#16508=CARTESIAN_POINT('Origin',(256.251191977381,21.2257967897543,-41.0246271078614));
#16509=CARTESIAN_POINT('',(256.251191977381,21.2257967897542,-41.0246271078614));
#16510=CARTESIAN_POINT('',(176.000101353612,21.2257967897566,-41.0246271078614));
#16511=CARTESIAN_POINT('',(256.251191977381,21.2257967897542,3.97537289213857));
#16512=CARTESIAN_POINT('',(176.000101353612,21.2257967897566,3.97537289213856));
#16513=CARTESIAN_POINT('',(256.251191977381,21.2257967897542,-41.0246271078614));
#16514=CARTESIAN_POINT('Origin',(256.251191977381,19.2257967897542,-41.0246271078614));
#16515=CARTESIAN_POINT('',(256.251191977381,19.2257967897542,-41.0246271078614));
#16516=CARTESIAN_POINT('',(256.251191977381,19.2257967897542,-41.0246271078614));
#16517=CARTESIAN_POINT('',(256.251191977381,19.2257967897542,3.97537289213856));
#16518=CARTESIAN_POINT('',(256.251191977381,19.2257967897542,3.97537289213856));
#16519=CARTESIAN_POINT('',(256.251191977381,19.2257967897542,-41.0246271078614));
#16520=CARTESIAN_POINT('Origin',(149.25119197738,19.2257967897574,-41.0246271078614));
#16521=CARTESIAN_POINT('',(176.000101353612,19.2257967897566,-41.0246271078614));
#16522=CARTESIAN_POINT('',(176.000101353612,19.2257967897566,3.97537289213856));
#16523=CARTESIAN_POINT('Origin',(149.25119197738,19.2257967897574,3.97537289213856));
#16524=CARTESIAN_POINT('Origin',(149.25119197738,19.2257967897574,-41.0246271078614));
#16525=CARTESIAN_POINT('Origin',(256.251191977381,21.2257967897542,43.5753728921386));
#16526=CARTESIAN_POINT('',(256.251191977381,19.2257967897542,43.5753728921386));
#16527=CARTESIAN_POINT('',(256.251191977381,21.2257967897542,43.5753728921386));
#16528=CARTESIAN_POINT('',(256.251191977381,19.2257967897542,43.5753728921386));
#16529=CARTESIAN_POINT('',(256.251191977381,19.2257967897542,29.5753728921385));
#16530=CARTESIAN_POINT('',(256.251191977381,19.2257967897542,43.5753728921386));
#16531=CARTESIAN_POINT('',(256.251191977381,21.2257967897542,29.5753728921385));
#16532=CARTESIAN_POINT('',(256.251191977381,19.2257967897542,29.5753728921385));
#16533=CARTESIAN_POINT('',(256.251191977381,21.2257967897542,43.5753728921386));
#16534=CARTESIAN_POINT('Origin',(149.25119197738,21.2257967897574,43.5753728921386));
#16535=CARTESIAN_POINT('',(149.25119197738,21.2257967897574,43.5753728921385));
#16536=CARTESIAN_POINT('',(176.000101353612,21.2257967897566,43.5753728921386));
#16537=CARTESIAN_POINT('',(149.25119197738,21.2257967897574,29.5753728921385));
#16538=CARTESIAN_POINT('',(176.000101353612,21.2257967897566,29.5753728921385));
#16539=CARTESIAN_POINT('',(149.25119197738,21.2257967897574,43.5753728921385));
#16540=CARTESIAN_POINT('Origin',(149.25119197738,19.2257967897574,43.5753728921385));
#16541=CARTESIAN_POINT('',(149.25119197738,19.2257967897574,43.5753728921385));
#16542=CARTESIAN_POINT('',(149.25119197738,19.2257967897574,43.5753728921385));
#16543=CARTESIAN_POINT('',(149.25119197738,19.2257967897574,29.5753728921385));
#16544=CARTESIAN_POINT('',(149.25119197738,19.2257967897574,29.5753728921385));
#16545=CARTESIAN_POINT('',(149.25119197738,19.2257967897574,43.5753728921385));
#16546=CARTESIAN_POINT('Origin',(256.251191977381,19.2257967897543,43.5753728921386));
#16547=CARTESIAN_POINT('',(176.000101353612,19.2257967897566,43.5753728921386));
#16548=CARTESIAN_POINT('',(176.000101353612,19.2257967897566,29.5753728921385));
#16549=CARTESIAN_POINT('Origin',(256.251191977381,19.2257967897542,29.5753728921385));
#16550=CARTESIAN_POINT('Origin',(256.251191977381,19.2257967897543,43.5753728921386));
#16551=CARTESIAN_POINT('',(154.5,-36.3,1.595));
#16552=CARTESIAN_POINT('',(129.54,-52.,1.595));
#16553=CARTESIAN_POINT('',(338.751191977381,10.2257967897516,-49.4246271078615));
#16554=CARTESIAN_POINT('',(230.477182273277,-15.5138203645977,-41.8433439734127));
#16555=UNCERTAINTY_MEASURE_WITH_UNIT(LENGTH_MEASURE(0.01),#16591,
'DISTANCE_ACCURACY_VALUE',
'Maximum model space distance between geometric entities at asserted c
onnectivities');
#16556=UNCERTAINTY_MEASURE_WITH_UNIT(LENGTH_MEASURE(0.01),#16591,
'DISTANCE_ACCURACY_VALUE',
'Maximum model space distance between geometric entities at asserted c
onnectivities');
#16557=UNCERTAINTY_MEASURE_WITH_UNIT(LENGTH_MEASURE(0.01),#16591,
'DISTANCE_ACCURACY_VALUE',
'Maximum model space distance between geometric entities at asserted c
onnectivities');
#16558=UNCERTAINTY_MEASURE_WITH_UNIT(LENGTH_MEASURE(0.01),#16591,
'DISTANCE_ACCURACY_VALUE',
'Maximum model space distance between geometric entities at asserted c
onnectivities');
#16559=UNCERTAINTY_MEASURE_WITH_UNIT(LENGTH_MEASURE(0.01),#16591,
'DISTANCE_ACCURACY_VALUE',
'Maximum model space distance between geometric entities at asserted c
onnectivities');
#16560=UNCERTAINTY_MEASURE_WITH_UNIT(LENGTH_MEASURE(0.01),#16591,
'DISTANCE_ACCURACY_VALUE',
'Maximum model space distance between geometric entities at asserted c
onnectivities');
#16561=UNCERTAINTY_MEASURE_WITH_UNIT(LENGTH_MEASURE(0.01),#16591,
'DISTANCE_ACCURACY_VALUE',
'Maximum model space distance between geometric entities at asserted c
onnectivities');
#16562=UNCERTAINTY_MEASURE_WITH_UNIT(LENGTH_MEASURE(0.01),#16591,
'DISTANCE_ACCURACY_VALUE',
'Maximum model space distance between geometric entities at asserted c
onnectivities');
#16563=UNCERTAINTY_MEASURE_WITH_UNIT(LENGTH_MEASURE(0.01),#16591,
'DISTANCE_ACCURACY_VALUE',
'Maximum model space distance between geometric entities at asserted c
onnectivities');
#16564=UNCERTAINTY_MEASURE_WITH_UNIT(LENGTH_MEASURE(0.01),#16591,
'DISTANCE_ACCURACY_VALUE',
'Maximum model space distance between geometric entities at asserted c
onnectivities');
#16565=UNCERTAINTY_MEASURE_WITH_UNIT(LENGTH_MEASURE(0.01),#16591,
'DISTANCE_ACCURACY_VALUE',
'Maximum model space distance between geometric entities at asserted c
onnectivities');
#16566=UNCERTAINTY_MEASURE_WITH_UNIT(LENGTH_MEASURE(0.01),#16591,
'DISTANCE_ACCURACY_VALUE',
'Maximum model space distance between geometric entities at asserted c
onnectivities');
#16567=UNCERTAINTY_MEASURE_WITH_UNIT(LENGTH_MEASURE(0.01),#16591,
'DISTANCE_ACCURACY_VALUE',
'Maximum model space distance between geometric entities at asserted c
onnectivities');
#16568=UNCERTAINTY_MEASURE_WITH_UNIT(LENGTH_MEASURE(0.01),#16591,
'DISTANCE_ACCURACY_VALUE',
'Maximum model space distance between geometric entities at asserted c
onnectivities');
#16569=UNCERTAINTY_MEASURE_WITH_UNIT(LENGTH_MEASURE(0.01),#16591,
'DISTANCE_ACCURACY_VALUE',
'Maximum model space distance between geometric entities at asserted c
onnectivities');
#16570=UNCERTAINTY_MEASURE_WITH_UNIT(LENGTH_MEASURE(0.01),#16591,
'DISTANCE_ACCURACY_VALUE',
'Maximum model space distance between geometric entities at asserted c
onnectivities');
#16571=UNCERTAINTY_MEASURE_WITH_UNIT(LENGTH_MEASURE(0.01),#16591,
'DISTANCE_ACCURACY_VALUE',
'Maximum model space distance between geometric entities at asserted c
onnectivities');
#16572=UNCERTAINTY_MEASURE_WITH_UNIT(LENGTH_MEASURE(0.01),#16591,
'DISTANCE_ACCURACY_VALUE',
'Maximum model space distance between geometric entities at asserted c
onnectivities');
#16573=(
GEOMETRIC_REPRESENTATION_CONTEXT(3)
GLOBAL_UNCERTAINTY_ASSIGNED_CONTEXT((#16555))
GLOBAL_UNIT_ASSIGNED_CONTEXT((#16591,#16593,#16594))
REPRESENTATION_CONTEXT('','3D')
);
#16574=(
GEOMETRIC_REPRESENTATION_CONTEXT(3)
GLOBAL_UNCERTAINTY_ASSIGNED_CONTEXT((#16556))
GLOBAL_UNIT_ASSIGNED_CONTEXT((#16591,#16593,#16594))
REPRESENTATION_CONTEXT('','3D')
);
#16575=(
GEOMETRIC_REPRESENTATION_CONTEXT(3)
GLOBAL_UNCERTAINTY_ASSIGNED_CONTEXT((#16557))
GLOBAL_UNIT_ASSIGNED_CONTEXT((#16591,#16593,#16594))
REPRESENTATION_CONTEXT('','3D')
);
#16576=(
GEOMETRIC_REPRESENTATION_CONTEXT(3)
GLOBAL_UNCERTAINTY_ASSIGNED_CONTEXT((#16558))
GLOBAL_UNIT_ASSIGNED_CONTEXT((#16591,#16593,#16594))
REPRESENTATION_CONTEXT('','3D')
);
#16577=(
GEOMETRIC_REPRESENTATION_CONTEXT(3)
GLOBAL_UNCERTAINTY_ASSIGNED_CONTEXT((#16559))
GLOBAL_UNIT_ASSIGNED_CONTEXT((#16591,#16593,#16594))
REPRESENTATION_CONTEXT('','3D')
);
#16578=(
GEOMETRIC_REPRESENTATION_CONTEXT(3)
GLOBAL_UNCERTAINTY_ASSIGNED_CONTEXT((#16560))
GLOBAL_UNIT_ASSIGNED_CONTEXT((#16591,#16593,#16594))
REPRESENTATION_CONTEXT('','3D')
);
#16579=(
GEOMETRIC_REPRESENTATION_CONTEXT(3)
GLOBAL_UNCERTAINTY_ASSIGNED_CONTEXT((#16561))
GLOBAL_UNIT_ASSIGNED_CONTEXT((#16591,#16593,#16594))
REPRESENTATION_CONTEXT('','3D')
);
#16580=(
GEOMETRIC_REPRESENTATION_CONTEXT(3)
GLOBAL_UNCERTAINTY_ASSIGNED_CONTEXT((#16562))
GLOBAL_UNIT_ASSIGNED_CONTEXT((#16591,#16593,#16594))
REPRESENTATION_CONTEXT('','3D')
);
#16581=(
GEOMETRIC_REPRESENTATION_CONTEXT(3)
GLOBAL_UNCERTAINTY_ASSIGNED_CONTEXT((#16563))
GLOBAL_UNIT_ASSIGNED_CONTEXT((#16591,#16593,#16594))
REPRESENTATION_CONTEXT('','3D')
);
#16582=(
GEOMETRIC_REPRESENTATION_CONTEXT(3)
GLOBAL_UNCERTAINTY_ASSIGNED_CONTEXT((#16564))
GLOBAL_UNIT_ASSIGNED_CONTEXT((#16591,#16593,#16594))
REPRESENTATION_CONTEXT('','3D')
);
#16583=(
GEOMETRIC_REPRESENTATION_CONTEXT(3)
GLOBAL_UNCERTAINTY_ASSIGNED_CONTEXT((#16565))
GLOBAL_UNIT_ASSIGNED_CONTEXT((#16591,#16593,#16594))
REPRESENTATION_CONTEXT('','3D')
);
#16584=(
GEOMETRIC_REPRESENTATION_CONTEXT(3)
GLOBAL_UNCERTAINTY_ASSIGNED_CONTEXT((#16566))
GLOBAL_UNIT_ASSIGNED_CONTEXT((#16591,#16593,#16594))
REPRESENTATION_CONTEXT('','3D')
);
#16585=(
GEOMETRIC_REPRESENTATION_CONTEXT(3)
GLOBAL_UNCERTAINTY_ASSIGNED_CONTEXT((#16567))
GLOBAL_UNIT_ASSIGNED_CONTEXT((#16591,#16593,#16594))
REPRESENTATION_CONTEXT('','3D')
);
#16586=(
GEOMETRIC_REPRESENTATION_CONTEXT(3)
GLOBAL_UNCERTAINTY_ASSIGNED_CONTEXT((#16568))
GLOBAL_UNIT_ASSIGNED_CONTEXT((#16591,#16593,#16594))
REPRESENTATION_CONTEXT('','3D')
);
#16587=(
GEOMETRIC_REPRESENTATION_CONTEXT(3)
GLOBAL_UNCERTAINTY_ASSIGNED_CONTEXT((#16569))
GLOBAL_UNIT_ASSIGNED_CONTEXT((#16591,#16593,#16594))
REPRESENTATION_CONTEXT('','3D')
);
#16588=(
GEOMETRIC_REPRESENTATION_CONTEXT(3)
GLOBAL_UNCERTAINTY_ASSIGNED_CONTEXT((#16570))
GLOBAL_UNIT_ASSIGNED_CONTEXT((#16591,#16593,#16594))
REPRESENTATION_CONTEXT('','3D')
);
#16589=(
GEOMETRIC_REPRESENTATION_CONTEXT(3)
GLOBAL_UNCERTAINTY_ASSIGNED_CONTEXT((#16571))
GLOBAL_UNIT_ASSIGNED_CONTEXT((#16591,#16593,#16594))
REPRESENTATION_CONTEXT('','3D')
);
#16590=(
GEOMETRIC_REPRESENTATION_CONTEXT(3)
GLOBAL_UNCERTAINTY_ASSIGNED_CONTEXT((#16572))
GLOBAL_UNIT_ASSIGNED_CONTEXT((#16591,#16593,#16594))
REPRESENTATION_CONTEXT('','3D')
);
#16591=(
LENGTH_UNIT()
NAMED_UNIT(*)
SI_UNIT(.MILLI.,.METRE.)
);
#16592=(
LENGTH_UNIT()
NAMED_UNIT(*)
SI_UNIT($,.METRE.)
);
#16593=(
NAMED_UNIT(*)
PLANE_ANGLE_UNIT()
SI_UNIT($,.RADIAN.)
);
#16594=(
NAMED_UNIT(*)
SI_UNIT($,.STERADIAN.)
SOLID_ANGLE_UNIT()
);
#16595=SHAPE_DEFINITION_REPRESENTATION(#16612,#16645);
#16596=SHAPE_DEFINITION_REPRESENTATION(#16613,#16646);
#16597=SHAPE_DEFINITION_REPRESENTATION(#16614,#16647);
#16598=SHAPE_DEFINITION_REPRESENTATION(#16616,#16648);
#16599=SHAPE_DEFINITION_REPRESENTATION(#16617,#16649);
#16600=SHAPE_DEFINITION_REPRESENTATION(#16619,#16650);
#16601=SHAPE_DEFINITION_REPRESENTATION(#16620,#16651);
#16602=SHAPE_DEFINITION_REPRESENTATION(#16621,#16652);
#16603=SHAPE_DEFINITION_REPRESENTATION(#16622,#16653);
#16604=SHAPE_DEFINITION_REPRESENTATION(#16623,#16654);
#16605=SHAPE_DEFINITION_REPRESENTATION(#16624,#16655);
#16606=SHAPE_DEFINITION_REPRESENTATION(#16625,#16656);
#16607=SHAPE_DEFINITION_REPRESENTATION(#16626,#16657);
#16608=SHAPE_DEFINITION_REPRESENTATION(#16627,#16658);
#16609=SHAPE_DEFINITION_REPRESENTATION(#16628,#16659);
#16610=SHAPE_DEFINITION_REPRESENTATION(#16629,#16660);
#16611=SHAPE_DEFINITION_REPRESENTATION(#16630,#16661);
#16612=PRODUCT_DEFINITION_SHAPE('',$,#16663);
#16613=PRODUCT_DEFINITION_SHAPE('',$,#16664);
#16614=PRODUCT_DEFINITION_SHAPE('',$,#16665);
#16615=PRODUCT_DEFINITION_SHAPE($,$,#83);
#16616=PRODUCT_DEFINITION_SHAPE('',$,#16666);
#16617=PRODUCT_DEFINITION_SHAPE('',$,#16667);
#16618=PRODUCT_DEFINITION_SHAPE($,$,#84);
#16619=PRODUCT_DEFINITION_SHAPE('',$,#16668);
#16620=PRODUCT_DEFINITION_SHAPE('',$,#16669);
#16621=PRODUCT_DEFINITION_SHAPE('',$,#16670);
#16622=PRODUCT_DEFINITION_SHAPE('',$,#16671);
#16623=PRODUCT_DEFINITION_SHAPE('',$,#16672);
#16624=PRODUCT_DEFINITION_SHAPE('',$,#16673);
#16625=PRODUCT_DEFINITION_SHAPE('',$,#16674);
#16626=PRODUCT_DEFINITION_SHAPE('',$,#16675);
#16627=PRODUCT_DEFINITION_SHAPE('',$,#16676);
#16628=PRODUCT_DEFINITION_SHAPE('',$,#16677);
#16629=PRODUCT_DEFINITION_SHAPE('',$,#16678);
#16630=PRODUCT_DEFINITION_SHAPE('',$,#16679);
#16631=PRODUCT_DEFINITION_SHAPE($,$,#85);
#16632=PRODUCT_DEFINITION_SHAPE($,$,#86);
#16633=PRODUCT_DEFINITION_SHAPE($,$,#87);
#16634=PRODUCT_DEFINITION_SHAPE($,$,#88);
#16635=PRODUCT_DEFINITION_SHAPE($,$,#89);
#16636=PRODUCT_DEFINITION_SHAPE($,$,#90);
#16637=PRODUCT_DEFINITION_SHAPE($,$,#91);
#16638=PRODUCT_DEFINITION_SHAPE($,$,#92);
#16639=PRODUCT_DEFINITION_SHAPE($,$,#93);
#16640=PRODUCT_DEFINITION_SHAPE($,$,#94);
#16641=PRODUCT_DEFINITION_SHAPE($,$,#95);
#16642=PRODUCT_DEFINITION_SHAPE($,$,#96);
#16643=PRODUCT_DEFINITION_SHAPE($,$,#97);
#16644=PRODUCT_DEFINITION_SHAPE($,$,#98);
#16645=SHAPE_REPRESENTATION('',(#10319,#11109,#11110,#11111,#11112),#16573);
#16646=SHAPE_REPRESENTATION('',(#10320,#10351),#16574);
#16647=SHAPE_REPRESENTATION('',(#10321),#16575);
#16648=SHAPE_REPRESENTATION('',(#10352,#10572),#16576);
#16649=SHAPE_REPRESENTATION('',(#10353),#16577);
#16650=SHAPE_REPRESENTATION('',(#10573),#16578);
#16651=SHAPE_REPRESENTATION('',(#10682,#10988,#10989,#10990,#10991,#10992,
#10993,#10994,#10995,#10996,#10997),#16579);
#16652=SHAPE_REPRESENTATION('',(#10683),#16580);
#16653=SHAPE_REPRESENTATION('',(#10701),#16581);
#16654=SHAPE_REPRESENTATION('',(#10721),#16582);
#16655=SHAPE_REPRESENTATION('',(#10741),#16583);
#16656=SHAPE_REPRESENTATION('',(#10761),#16584);
#16657=SHAPE_REPRESENTATION('',(#10781),#16585);
#16658=SHAPE_REPRESENTATION('',(#10801),#16586);
#16659=SHAPE_REPRESENTATION('',(#10928),#16587);
#16660=SHAPE_REPRESENTATION('',(#10948),#16588);
#16661=SHAPE_REPRESENTATION('',(#10968),#16589);
#16662=PRODUCT_DEFINITION_CONTEXT('part definition',#16715,'design');
#16663=PRODUCT_DEFINITION('uhm alarm clock 1','uhm alarm clock',#16680,
#16662);
#16664=PRODUCT_DEFINITION('Buzzer_12x9.5RM7.6','Buzzer_12x9.5RM7.6',#16681,
#16662);
#16665=PRODUCT_DEFINITION('Buzzer_12x95RM76','Buzzer_12x95RM76',#16682,
#16662);
#16666=PRODUCT_DEFINITION('PinSocket_1x08_P2.54mm_Vertical',
'PinSocket_1x08_P2.54mm_Vertical (1)',#16683,#16662);
#16667=PRODUCT_DEFINITION('PinSocket_1x08_P2.54mm_Vertical_1',
'PinSocket_1x08_P2.54mm_Vertical',#16684,#16662);
#16668=PRODUCT_DEFINITION('uhm4D89_PCB','uhm4D89_PCB',#16685,#16662);
#16669=PRODUCT_DEFINITION('Assembly 1','Display with pins',#16686,#16662);
#16670=PRODUCT_DEFINITION('Part 1','Part 1',#16687,#16662);
#16671=PRODUCT_DEFINITION('8 pin header v1_1','8 pin header v1_1',#16688,
#16662);
#16672=PRODUCT_DEFINITION('8 pin header v1_1_1','8 pin header v1_1 (1)',
#16689,#16662);
#16673=PRODUCT_DEFINITION('8 pin header v1_1_2','8 pin header v1_1 (2)',
#16690,#16662);
#16674=PRODUCT_DEFINITION('8 pin header v1_1_3','8 pin header v1_1 (3)',
#16691,#16662);
#16675=PRODUCT_DEFINITION('8 pin header v1_1_4','8 pin header v1_1 (4)',
#16692,#16662);
#16676=PRODUCT_DEFINITION('8 pin header v1_1_5','8 pin header v1_1 (5)',
#16693,#16662);
#16677=PRODUCT_DEFINITION('8 pin header v1_1_6','8 pin header v1_1 (6)',
#16694,#16662);
#16678=PRODUCT_DEFINITION('8 pin header v1_1_7','8 pin header v1_1 (7)',
#16695,#16662);
#16679=PRODUCT_DEFINITION('8 pin header v1_1_8','8 pin header v1_1 (8)',
#16696,#16662);
#16680=PRODUCT_DEFINITION_FORMATION('',$,#16717);
#16681=PRODUCT_DEFINITION_FORMATION('',$,#16718);
#16682=PRODUCT_DEFINITION_FORMATION('',$,#16719);
#16683=PRODUCT_DEFINITION_FORMATION('',$,#16720);
#16684=PRODUCT_DEFINITION_FORMATION('',$,#16721);
#16685=PRODUCT_DEFINITION_FORMATION('',$,#16722);
#16686=PRODUCT_DEFINITION_FORMATION('',$,#16723);
#16687=PRODUCT_DEFINITION_FORMATION('',$,#16724);
#16688=PRODUCT_DEFINITION_FORMATION('',$,#16725);
#16689=PRODUCT_DEFINITION_FORMATION('',$,#16726);
#16690=PRODUCT_DEFINITION_FORMATION('',$,#16727);
#16691=PRODUCT_DEFINITION_FORMATION('',$,#16728);
#16692=PRODUCT_DEFINITION_FORMATION('',$,#16729);
#16693=PRODUCT_DEFINITION_FORMATION('',$,#16730);
#16694=PRODUCT_DEFINITION_FORMATION('',$,#16731);
#16695=PRODUCT_DEFINITION_FORMATION('',$,#16732);
#16696=PRODUCT_DEFINITION_FORMATION('',$,#16733);
#16697=PRODUCT_RELATED_PRODUCT_CATEGORY('uhm alarm clock',
'uhm alarm clock',(#16717));
#16698=PRODUCT_RELATED_PRODUCT_CATEGORY('Buzzer_12x9.5RM7.6',
'Buzzer_12x9.5RM7.6',(#16718));
#16699=PRODUCT_RELATED_PRODUCT_CATEGORY('Buzzer_12x95RM76',
'Buzzer_12x95RM76',(#16719));
#16700=PRODUCT_RELATED_PRODUCT_CATEGORY(
'PinSocket_1x08_P2.54mm_Vertical (1)',
'PinSocket_1x08_P2.54mm_Vertical (1)',(#16720));
#16701=PRODUCT_RELATED_PRODUCT_CATEGORY(
'PinSocket_1x08_P2.54mm_Vertical','PinSocket_1x08_P2.54mm_Vertical',(#16721));
#16702=PRODUCT_RELATED_PRODUCT_CATEGORY('uhm4D89_PCB','uhm4D89_PCB',(#16722));
#16703=PRODUCT_RELATED_PRODUCT_CATEGORY('Display with pins',
'Display with pins',(#16723));
#16704=PRODUCT_RELATED_PRODUCT_CATEGORY('Part 1','Part 1',(#16724));
#16705=PRODUCT_RELATED_PRODUCT_CATEGORY('8 pin header v1_1',
'8 pin header v1_1',(#16725));
#16706=PRODUCT_RELATED_PRODUCT_CATEGORY('8 pin header v1_1 (1)',
'8 pin header v1_1 (1)',(#16726));
#16707=PRODUCT_RELATED_PRODUCT_CATEGORY('8 pin header v1_1 (2)',
'8 pin header v1_1 (2)',(#16727));
#16708=PRODUCT_RELATED_PRODUCT_CATEGORY('8 pin header v1_1 (3)',
'8 pin header v1_1 (3)',(#16728));
#16709=PRODUCT_RELATED_PRODUCT_CATEGORY('8 pin header v1_1 (4)',
'8 pin header v1_1 (4)',(#16729));
#16710=PRODUCT_RELATED_PRODUCT_CATEGORY('8 pin header v1_1 (5)',
'8 pin header v1_1 (5)',(#16730));
#16711=PRODUCT_RELATED_PRODUCT_CATEGORY('8 pin header v1_1 (6)',
'8 pin header v1_1 (6)',(#16731));
#16712=PRODUCT_RELATED_PRODUCT_CATEGORY('8 pin header v1_1 (7)',
'8 pin header v1_1 (7)',(#16732));
#16713=PRODUCT_RELATED_PRODUCT_CATEGORY('8 pin header v1_1 (8)',
'8 pin header v1_1 (8)',(#16733));
#16714=APPLICATION_PROTOCOL_DEFINITION('international standard',
'automotive_design',2009,#16715);
#16715=APPLICATION_CONTEXT(
'Core Data for Automotive Mechanical Design Process');
#16716=PRODUCT_CONTEXT('part definition',#16715,'mechanical');
#16717=PRODUCT('uhm alarm clock 1','uhm alarm clock',
'KiCad electronic assembly',(#16716));
#16718=PRODUCT('Buzzer_12x9.5RM7.6','Buzzer_12x9.5RM7.6',$,(#16716));
#16719=PRODUCT('Buzzer_12x95RM76','Buzzer_12x95RM76',$,(#16716));
#16720=PRODUCT('PinSocket_1x08_P2.54mm_Vertical',
'PinSocket_1x08_P2.54mm_Vertical (1)',$,(#16716));
#16721=PRODUCT('PinSocket_1x08_P2.54mm_Vertical_1',
'PinSocket_1x08_P2.54mm_Vertical',$,(#16716));
#16722=PRODUCT('uhm4D89_PCB','uhm4D89_PCB',$,(#16716));
#16723=PRODUCT('Assembly 1','Display with pins','STEP AP242 Edition 2',
(#16716));
#16724=PRODUCT('Part 1','Part 1','Part 1',(#16716));
#16725=PRODUCT('8 pin header v1_1','8 pin header v1_1',
'8 pin header v1_1',(#16716));
#16726=PRODUCT('8 pin header v1_1_1','8 pin header v1_1 (1)',
'8 pin header v1_1',(#16716));
#16727=PRODUCT('8 pin header v1_1_2','8 pin header v1_1 (2)',
'8 pin header v1_1',(#16716));
#16728=PRODUCT('8 pin header v1_1_3','8 pin header v1_1 (3)',
'8 pin header v1_1',(#16716));
#16729=PRODUCT('8 pin header v1_1_4','8 pin header v1_1 (4)',
'8 pin header v1_1',(#16716));
#16730=PRODUCT('8 pin header v1_1_5','8 pin header v1_1 (5)',
'8 pin header v1_1',(#16716));
#16731=PRODUCT('8 pin header v1_1_6','8 pin header v1_1 (6)',
'8 pin header v1_1',(#16716));
#16732=PRODUCT('8 pin header v1_1_7','8 pin header v1_1 (7)',
'8 pin header v1_1',(#16716));
#16733=PRODUCT('8 pin header v1_1_8','8 pin header v1_1 (8)',
'8 pin header v1_1',(#16716));
#16734=PRESENTATION_STYLE_ASSIGNMENT((#16743));
#16735=PRESENTATION_STYLE_ASSIGNMENT((#16744));
#16736=PRESENTATION_STYLE_ASSIGNMENT((#16745));
#16737=PRESENTATION_STYLE_ASSIGNMENT((#16746));
#16738=PRESENTATION_STYLE_ASSIGNMENT((#16747));
#16739=PRESENTATION_STYLE_ASSIGNMENT((#16748));
#16740=PRESENTATION_STYLE_ASSIGNMENT((#16749));
#16741=PRESENTATION_STYLE_ASSIGNMENT((#16750));
#16742=PRESENTATION_STYLE_ASSIGNMENT((#16751));
#16743=SURFACE_STYLE_USAGE(.BOTH.,#16752);
#16744=SURFACE_STYLE_USAGE(.BOTH.,#16753);
#16745=SURFACE_STYLE_USAGE(.BOTH.,#16754);
#16746=SURFACE_STYLE_USAGE(.BOTH.,#16755);
#16747=SURFACE_STYLE_USAGE(.BOTH.,#16756);
#16748=SURFACE_STYLE_USAGE(.BOTH.,#16757);
#16749=SURFACE_STYLE_USAGE(.BOTH.,#16758);
#16750=SURFACE_STYLE_USAGE(.BOTH.,#16759);
#16751=SURFACE_STYLE_USAGE(.BOTH.,#16760);
#16752=SURFACE_SIDE_STYLE('',(#16761));
#16753=SURFACE_SIDE_STYLE('',(#16762));
#16754=SURFACE_SIDE_STYLE('',(#16763));
#16755=SURFACE_SIDE_STYLE('',(#16764));
#16756=SURFACE_SIDE_STYLE('',(#16765));
#16757=SURFACE_SIDE_STYLE('',(#16766));
#16758=SURFACE_SIDE_STYLE('',(#16767));
#16759=SURFACE_SIDE_STYLE('',(#16768));
#16760=SURFACE_SIDE_STYLE('',(#16769));
#16761=SURFACE_STYLE_FILL_AREA(#16770);
#16762=SURFACE_STYLE_FILL_AREA(#16771);
#16763=SURFACE_STYLE_FILL_AREA(#16772);
#16764=SURFACE_STYLE_FILL_AREA(#16773);
#16765=SURFACE_STYLE_FILL_AREA(#16774);
#16766=SURFACE_STYLE_FILL_AREA(#16775);
#16767=SURFACE_STYLE_FILL_AREA(#16776);
#16768=SURFACE_STYLE_FILL_AREA(#16777);
#16769=SURFACE_STYLE_FILL_AREA(#16778);
#16770=FILL_AREA_STYLE('Steel - Satin',(#16779));
#16771=FILL_AREA_STYLE('Opaque(38,37,37)',(#16780));
#16772=FILL_AREA_STYLE('Opaque(210,209,199)',(#16781));
#16773=FILL_AREA_STYLE('Opaque(206,109,38)',(#16782));
#16774=FILL_AREA_STYLE('Opaque(219,188,126)',(#16783));
#16775=FILL_AREA_STYLE('Opaque(80,124,105)',(#16784));
#16776=FILL_AREA_STYLE('Opaque(157,207,237)',(#16785));
#16777=FILL_AREA_STYLE('Opaque(40,40,40)',(#16786));
#16778=FILL_AREA_STYLE('Opaque(247,224,153)',(#16787));
#16779=FILL_AREA_STYLE_COLOUR('Steel - Satin',#16788);
#16780=FILL_AREA_STYLE_COLOUR('Opaque(38,37,37)',#16789);
#16781=FILL_AREA_STYLE_COLOUR('Opaque(210,209,199)',#16790);
#16782=FILL_AREA_STYLE_COLOUR('Opaque(206,109,38)',#16791);
#16783=FILL_AREA_STYLE_COLOUR('Opaque(219,188,126)',#16792);
#16784=FILL_AREA_STYLE_COLOUR('Opaque(80,124,105)',#16793);
#16785=FILL_AREA_STYLE_COLOUR('Opaque(157,207,237)',#16794);
#16786=FILL_AREA_STYLE_COLOUR('Opaque(40,40,40)',#16795);
#16787=FILL_AREA_STYLE_COLOUR('Opaque(247,224,153)',#16796);
#16788=COLOUR_RGB('Steel - Satin',0.627450980392157,0.627450980392157,0.627450980392157);
#16789=COLOUR_RGB('Opaque(38,37,37)',0.149019607843137,0.145098039215686,
0.145098039215686);
#16790=COLOUR_RGB('Opaque(210,209,199)',0.823529411764706,0.819607843137255,
0.780392156862745);
#16791=COLOUR_RGB('Opaque(206,109,38)',0.807843137254902,0.427450980392157,
0.149019607843137);
#16792=COLOUR_RGB('Opaque(219,188,126)',0.858823529411765,0.737254901960784,
0.494117647058824);
#16793=COLOUR_RGB('Opaque(80,124,105)',0.313725490196078,0.486274509803922,
0.411764705882353);
#16794=COLOUR_RGB('Opaque(157,207,237)',0.615686274509804,0.811764705882353,
0.929411764705882);
#16795=COLOUR_RGB('Opaque(40,40,40)',0.156862745098039,0.156862745098039,
0.156862745098039);
#16796=COLOUR_RGB('Opaque(247,224,153)',0.968627450980392,0.87843137254902,
0.6);
ENDSEC;
END-ISO-10303-21;
